arm,drivers.num_drivers,cancel_rate,wait_all_mean_s,wait_mean_s,wait_p90_s,pickup_mean_s,completed_per_hour,driver_idle_frac,driver_enroute_frac,batch_riders_mean,d_cancel_rate,ci_cancel_rate,d_wait_all_mean_s,ci_wait_all_mean_s,d_wait_mean_s,ci_wait_mean_s,d_wait_p90_s,ci_wait_p90_s,d_pickup_mean_s,ci_pickup_mean_s,d_completed_per_hour,ci_completed_per_hour,d_driver_idle_frac,ci_driver_idle_frac,d_driver_enroute_frac,ci_driver_enroute_frac,d_batch_riders_mean,ci_batch_riders_mean
immediate_greedy,250,0.40995634682162074,312.6910081273188,494.82396418150944,773.2791858999831,447.8560416252187,698.05,0.0002365273322799182,0.2623522764336868,12.422309034968162,,,,,,,,,,,,,,,,,,
immediate_greedy,300,0.2486394258867176,269.0567447328468,355.94734869528367,591.2943713531033,352.3878196085803,888.9,0.0037997884045802184,0.2163112671218379,2.15905970694648,,,,,,,,,,,,,,,,,,
immediate_greedy,350,0.08248289949226453,220.85449313041244,241.22465173904902,414.1731772242384,240.9087015113451,1085.5,0.03212338495807994,0.15904819347129676,1.1217095978669596,,,,,,,,,,,,,,,,,,
immediate_greedy,400,0.014719125644139918,143.8191436134664,146.04517740372498,270.0885676531758,145.93684911120053,1166.25,0.1363463036102729,0.09889247206127667,1.0374658420785248,,,,,,,,,,,,,,,,,,
immediate_greedy,450,0.005080300046132042,106.84366769109987,107.42486164150237,204.9693989622592,107.33898530754715,1177.75,0.2431743923053153,0.06905454899352492,1.0307397959137772,,,,,,,,,,,,,,,,,,
batched_greedy@2s,250,0.3040775866434173,322.8172148263477,374.38274453818815,576.5778401802077,273.9309842307749,823.5,9.654443820814195e-05,0.14401366574756636,33.09454274897547,-0.10587876017820344,0.005333994141831252,10.126206699028955,10.90010015696648,-120.44121964332129,20.971714459763618,-196.70134571977525,27.235078348447686,-173.92505739444377,15.753304441259552,125.45000000000002,7.793575046151793,-0.00013998289407177628,0.00010506644850996157,-0.11833861068612046,0.013199313567140662,20.67223371400731,2.3390314511645958
batched_greedy@2s,300,0.23605298220464044,275.44663956224827,352.99110509875663,583.2724706652909,339.2921630433289,903.95,0.0031754388330017384,0.20532195912731482,5.158629491752205,-0.012586443682077154,0.007354129000035764,6.389894829401442,5.394089563854956,-2.9562435965269884,4.894790201242437,-8.021900687812405,14.17238654803114,-13.095656565251396,8.982870658386064,15.049999999999997,8.89581856829376,-0.0006243495715784805,0.0006868614404585446,-0.010989307994523075,0.006219284964588252,2.9995697848057246,1.7007615753781435
batched_greedy@2s,350,0.0819394683572047,218.9051294063023,238.7837698729955,408.1039481278558,237.49079394969945,1086.15,0.03212947723612783,0.15678576932783475,1.4926829883515749,-0.000543431135059818,0.0012929168786964748,-1.9493637241100856,3.46724624719913,-2.4408818660535303,3.9620929190256176,-6.069229096382593,7.232667687429321,-3.417907561645645,3.943245008198277,0.6500000000000057,1.524972130892905,6.092278047898801e-06,0.0019502814186050338,-0.002262424143462033,0.002130411344643375,0.3709733904846152,0.08474414585916488
batched_greedy@2s,400,0.014826691150555585,145.5544109043709,147.8226946332557,272.3753457071332,146.7077827119815,1166.1000000000001,0.13630741563281856,0.09927709568932791,1.3966299560417608,0.00010756550641566451,0.000732973615272341,1.7352672909044955,1.3651988052883235,1.7775172295307513,1.3814509373854862,2.2867780539573666,3.1858910871217296,0.7709336007809817,1.381101773980897,-0.14999999999992042,0.8882004278314821,-3.8887977454325415e-05,0.0011630734554524485,0.00038462362805123836,0.0007677279396651038,0.3591641139632361,0.012868322202775638
batched_greedy@2s,450,0.0047028416118281785,107.5582159792981,108.09044410440272,204.49844007290875,106.99133434950579,1178.1999999999998,0.24311463118154408,0.0688636634467551,1.390815442762142,-0.0003774584343038626,0.0007045905605636882,0.7145482881982304,0.5418047758878662,0.6655824629003497,0.5816699008330622,-0.4709588893504346,2.1281085206232233,-0.34765095804135804,0.5753850966032017,0.44999999999998863,0.8438412172915103,-5.976112377116191e-05,0.0004004118327636651,-0.00019088554676982474,0.00026657852160254567,0.3600756468483648,0.011806833293088353
batched_greedy@5s,250,0.30255227090852266,321.5471065392163,368.5742708213944,566.2745858915906,265.7299208429838,825.4,7.384181210646607e-05,0.13748203787992241,37.72099267729055,-0.107404075913098,0.008783783657242857,8.856098411897555,11.123549190445097,-126.24969336011506,19.163452221294637,-207.00460000839234,23.734462987233112,-182.12612078223486,15.12021054406087,127.35000000000001,11.874187298505952,-0.00016268552017345214,7.354773490729772e-05,-0.12487023855376442,0.01209850235233422,25.29868364232239,2.48931353713976
batched_greedy@5s,300,0.22760607808519978,283.50271153362837,355.16467339032863,584.5724610160208,332.1791990682839,914.05,0.002813068902260959,0.19870882890800434,8.437404558286548,-0.021033347801517825,0.01046892304756803,14.445966800781548,6.496058463742503,-0.782675304954985,5.299431305422277,-6.721910337082576,16.79941199943412,-20.208620540296444,12.498471859662423,25.150000000000006,12.918541248918173,-0.0009867195023192596,0.0005231999122354465,-0.017602438213833598,0.009734786531399557,6.278344851340068,2.892632086062269
batched_greedy@5s,350,0.07995760735679708,221.01372368184576,240.41613997929662,414.0760035745339,237.29964669835323,1088.5,0.03253540487862355,0.15631470743711434,2.256915762374062,-0.0025252921354674456,0.0031606400147453687,0.15923055143335674,3.4888440474611975,-0.8085117597524096,4.252532038038279,-0.09717364970445175,6.867899947947835,-3.609054812991886,4.2973336664847865,2.9999999999999716,3.7040518354904295,0.000412019920543614,0.002371805942561708,-0.0027334860341824314,0.0023377856249605527,1.1352061645071023,0.1673229184570562
batched_greedy@5s,400,0.015000848768401145,145.29632477555643,147.55090436212362,269.73130627600966,144.77308826613182,1165.9,0.13702788948729783,0.0981539740324616,2.1176180574626917,0.0002817231242612239,0.0012034339498229348,1.477181162090023,1.6181046237184773,1.5057269583986255,1.7813793890145717,-0.3572613771661395,4.432577651808719,-1.1637608450687082,1.805112128349419,-0.34999999999990905,1.4321801562652607,0.0006815858770249407,0.0006578425429762187,-0.0007384980288150916,0.0007469768669915535,1.080152215384167,0.025786178635330847
batched_greedy@5s,450,0.005085024896399686,109.86661429833627,110.4436061769672,209.27682137074157,107.69651198327952,1177.75,0.2430364077797424,0.06921344624695014,2.1082851642887093,4.72485026764525e-06,0.0004983539410782034,3.0229466072364186,0.7504302306474266,3.018744535464819,0.7532527690184265,4.3074224084824095,1.1228753647403833,0.35752667573237673,0.7463026092325814,0.0,0.5926482936784767,-0.00013798452557289842,0.00044164553581991936,0.00015889725342521557,0.0003183235289500719,1.077545368374932,0.0286513387646076
batched_greedy@10s,250,0.29858111572887847,321.03922120427205,362.833405728122,555.865746177271,257.05815752964514,830.0,4.128830109233634e-05,0.13269892996242222,40.93918052534147,-0.11137523109274224,0.0050076632543434,8.348213076953286,12.05404998090303,-131.9905584533875,19.65750166228673,-217.41343972271193,25.98126012536926,-190.79788409557352,12.491582309535564,131.95,7.419115041566618,-0.0001952390311875819,0.00010173948350830622,-0.12965334647126459,0.008809965333071886,28.516871490373312,1.5094997352952702
batched_greedy@10s,300,0.21066461735648143,289.38927563541756,349.06988468913596,565.5240772220961,313.6842584193028,934.05,0.0023397110794264675,0.186034247226225,13.339672787501035,-0.03797480853023617,0.008988652777282802,20.332530902570788,7.147100002937118,-6.87746400614769,4.555924127597491,-25.770294131007205,13.468608253211817,-38.7035611892775,11.23751347991889,45.14999999999999,11.166779482017194,-0.0014600773251537513,0.0005082171826190083,-0.030277019895612912,0.008928528792625713,11.180613080554556,3.2938608685024287
batched_greedy@10s,350,0.07897198660623854,222.79112922224806,241.6785587652065,410.76542920297584,235.52785877160812,1089.7,0.03244294415941246,0.15507602014468408,3.812215792937475,-0.003510912886025991,0.002884864199247935,1.9366360918356555,4.241803534957235,0.4539070261574416,5.238821461886029,-3.407748021262499,10.830602020456274,-5.380842739736973,5.384762391400758,4.200000000000017,3.414163440727488,0.00031955920133252256,0.002385354718596652,-0.00397217332661268,0.002974190484263578,2.690506195070515,0.24024851212190965
batched_greedy@10s,400,0.01460200484505382,147.26540157122287,149.43890428866146,271.4334612702356,143.8672413956387,1166.4,0.13766109166900786,0.09762084989688966,3.601886794224572,-0.0001171207990861002,0.000610813933434802,3.446257957756437,2.619210676755967,3.3937268849364806,2.690461990365496,1.3448936170598635,5.191466410185361,-2.0696077155618298,2.7143570366864616,0.15000000000006253,0.7248972340959681,0.0013147880587349708,0.0016636236198089114,-0.0012716221643870231,0.0016493613725975782,2.564420952146047,0.04795356986795804
batched_greedy@10s,450,0.005337277293947814,112.63963721587876,113.24756298615353,212.50476284040212,107.73230689850124,1177.45,0.2432850071550791,0.06900736442304373,3.5866975250474677,0.00025697724781577206,0.000586423592223202,5.795969524778897,0.9536490012438521,5.822701344651167,0.9619629214718664,7.535363878142935,2.308384879085702,0.3933215909540806,0.9542973864281558,-0.30000000000001137,0.6909819100381707,0.00011061484976380986,0.00068515189177605,-4.7184570481200935e-05,0.00048653923590536797,2.555957729133691,0.04895363674617276
batched_greedy@20s,250,0.29381595471005095,316.1872185608743,352.0132221586969,542.1644135831264,245.23118500202708,835.6,9.869034260023509e-05,0.1278848782338887,43.57786193492407,-0.11614039211156973,0.004083560357827716,3.4962104335555537,12.135469176544783,-142.81074202281255,18.691652508258294,-231.11477231685666,19.403768887325082,-202.6248566231916,11.424189776256373,137.55,6.131184877329983,-0.0001378369896796831,0.00011444488240024965,-0.1344673981997981,0.008724300783052997,31.155552899955904,1.9161427751738325
batched_greedy@20s,300,0.19506533985104163,295.08465926089883,340.04976415154005,541.0348936333576,288.52518337802144,952.55,0.0018735326704097236,0.16840228055778717,20.930856546568947,-0.05357408603567596,0.0069122066704462035,26.027914528051987,5.238528226448861,-15.897584543743626,5.5461156159171585,-50.2594777197458,15.311716153609671,-63.862636230558806,11.23159396137828,63.650000000000006,9.35703906158354,-0.0019262557341704952,0.000524466059656097,-0.04790898656405075,0.008778535532710111,18.77179683962247,3.1072790742680505
batched_greedy@20s,350,0.07687447899596889,224.52384568824493,242.17152137157737,411.79785441682463,229.5881659646148,1092.2,0.03241979231258965,0.15118700375254884,7.530841534082221,-0.005608420496295638,0.0036378005942343293,3.669352557832493,4.004766667204308,0.9468696325283368,4.853893997919616,-2.3753228074136814,10.956502504409507,-11.320535546730277,5.504484416188041,6.69999999999996,4.361983035271901,0.00029640735450971634,0.002296732714241998,-0.007861189718747927,0.0033443513925537753,6.409131936215262,0.7279878164577002
batched_greedy@20s,400,0.014352516244619461,151.8292699983451,153.9504828987847,274.7680692210473,142.89558262179497,1166.7,0.1382223370829555,0.09680589023712069,6.965512122604266,-0.00036660939952045735,0.0011582889100807624,8.010126384878667,2.943796839006675,7.905305495059739,2.998613074574214,4.679501567871547,4.763563079822619,-3.0412664894055492,3.0268400442403838,0.4500000000000455,1.3614595109660936,0.0018760334726826092,0.0016789279172993471,-0.0020865818241559957,0.0014923242579990984,5.9280462805257415,0.11014537705593995
batched_greedy@20s,450,0.005217481788967596,117.41052485879689,117.99862828096778,217.36357639377889,107.03885682485907,1177.6,0.24365910762783424,0.06868630988499193,6.941844374340235,0.00013718174283555332,0.000943002221400239,10.566857167697027,1.000116773762233,10.573766639465417,1.00645871034951,12.394177431519708,2.828070057382875,-0.30012848268806813,1.0257293150675777,-0.15000000000000568,1.1081245417370462,0.0004847153225189596,0.000844446779714997,-0.00036823910853299273,0.0005322691741774997,5.911104578426459,0.103132906116592
batched_greedy@30s,250,0.28958441305909904,313.630995615507,345.1378800395404,535.50075104809,233.67845461739302,840.6,0.00010609022839556096,0.12296116977562954,46.452434233747255,-0.12037193376252167,0.004118759004315473,0.9399874881882653,13.242495534243341,-149.6860841419691,18.764715465099563,-237.77843485189294,21.62218285069577,-214.17758700782568,9.146511763925409,142.55,6.130289715829087,-0.00013043710388435726,9.69162843794894e-05,-0.13939110665805726,0.005950401356343868,34.03012519877909,2.1516458713436153
batched_greedy@30s,300,0.1851172324821304,293.3834416873047,330.18818137809353,526.574537352232,270.94874676745627,964.35,0.0024565487967917474,0.158558423969515,25.34872398975247,-0.0635221934045872,0.0075153380908738925,24.326696954457887,5.316831805241729,-25.759167317190077,4.42855363524865,-64.71983400087132,12.527073266780695,-81.43907284112402,11.358847957175186,75.45000000000003,10.157412465780856,-0.0013432396077884714,0.0008829971085649807,-0.057752843152322916,0.009264117951715832,23.189664282805992,3.317344670544555
batched_greedy@30s,350,0.0731986071987634,226.00008496804418,241.91589422594535,413.0778817146147,222.98979816462827,1096.65,0.03467702254685444,0.14691820917211595,11.240568092349708,-0.009284292293501133,0.0046839091582407235,5.145591837631777,2.9117184065400217,0.6912424868962965,5.1541696217027315,-1.0952955096236394,7.7796879321302495,-17.91890334671682,6.848735583995708,11.149999999999977,5.820785170404408,0.0025536375887744963,0.0021069329815486433,-0.012129984299180788,0.0045873211547826555,10.118858494482748,0.9257178085351876
batched_greedy@30s,400,0.014348430285478903,155.37675426293663,157.43629694769146,277.86512524273917,140.80433123287165,1166.7,0.1396405343696605,0.0955613860644773,10.41735918744229,-0.00037069535866101494,0.0014159933178403488,11.55761064947021,2.61722128089135,11.391119543966468,2.713128741078933,7.776557589563357,4.682759563441694,-5.132517878328887,2.7314701057090143,0.4500000000001023,1.6856488365018178,0.0032942307593875984,0.0018038246414441754,-0.00333108599679938,0.001381634617431462,9.379893345363765,0.18232922548587044
batched_greedy@30s,450,0.004933703893602023,122.42280227903946,122.95912206202769,222.38414695144274,106.36265196562859,1177.9499999999998,0.24352216405628163,0.0683374466395521,10.406703024007387,-0.00014659615253001868,0.0011196931378461548,15.579134587939599,0.7987382042771513,15.534260420525323,0.8495892864401388,17.41474798918355,3.666621081795351,-0.9763333419185596,0.8178080860442078,0.1999999999999602,1.333458660776555,0.0003477717509663379,0.0014576706593644605,-0.0007171023539728188,0.0005183285295880394,9.37596322809361,0.16503821887612885
optimal@2s/λ=0.0,250,0.30491253497720755,322.2812960004085,374.2508824273768,581.0966488257931,272.8902478536386,822.7,5.469030546753562e-05,0.14281806498050587,33.48858390361176,-0.10504381184441314,0.010325974266953397,9.5902878730897,10.984114735346713,-120.57308175413267,21.339212709551298,-192.18253707418995,29.674299481554176,-174.96579377158008,19.658053398141075,124.65000000000002,13.983813642923037,-0.00018183702681238262,9.809720127013416e-05,-0.11953421145318095,0.015239790470344933,21.066274868643603,3.5977175264129384
optimal@2s/λ=0.0,300,0.23773796762766497,281.25269518696734,360.21797052705824,594.9551187052402,343.9342513051961,901.95,0.0030665989309942203,0.2066610603828859,5.697849319264121,-0.010901458259052657,0.006683521986765881,12.195950454120528,4.206837015531926,4.2706218317745765,4.06716043509787,3.660747352136866,13.649479970524654,-8.453568303384223,8.78813963179301,13.050000000000026,8.082560237944417,-0.0007331894735859983,0.00042209011003417293,-0.009650206738952019,0.0062503573266017055,3.5387896123176406,1.4788609028910722
optimal@2s/λ=0.0,350,0.08308500670550062,220.55781029842547,240.8530985573617,413.3083018415092,239.46864502892842,1084.75,0.032371355501946864,0.1572957871541213,1.5608593665990458,0.000602107213236106,0.0029228759833822182,-0.296682831986935,2.748559680925057,-0.3715531816873252,3.2270059959545336,-0.8648753827291387,7.346114832795603,-1.4400564824166722,3.274101009252117,-0.75,3.4602664637279203,0.0002479705438669293,0.002058772257642374,-0.001752406317175468,0.001793836020132633,0.43914976873208617,0.18111960637343424
optimal@2s/λ=0.0,400,0.014916486717731266,143.4768098208911,145.72531279321683,268.8156807636883,144.61194102556772,1166.0,0.1368787942452969,0.09820860215850297,1.397791231450526,0.00019736107359134944,0.001007503185149432,-0.34233379257532803,1.8176694286098796,-0.3198646105081586,1.8701186821432279,-1.2728868894875305,4.6765125157795415,-1.324908085632817,1.8658814042119856,-0.24999999999994316,1.2031043180040761,0.0005324906350239952,0.0009574081610793086,-0.0006838699027737118,0.0008942110608951265,0.36032538937200137,0.013937225484414282
optimal@2s/λ=0.0,450,0.004870946950753777,107.50656433017947,108.05761457331235,205.1894317285842,106.95863160045934,1178.0,0.2432936324150106,0.06885626404380801,1.390785073569872,-0.00020935309537826487,0.0005783068282942195,0.6628966390796105,0.40501560958249394,0.6327529318099643,0.44821210533900085,0.22003276632500146,1.4954776222379513,-0.38035370708780825,0.4451515298516851,0.2500000000000284,0.6939538889580594,0.00011924010969531842,0.0003647888482623878,-0.0001982849497169101,0.00026166930849412496,0.36004527765609473,0.012306797220981987
optimal@2s/λ=1.0,250,0.30601914609790837,359.3983794382714,436.5982857258445,641.5798599701641,280.41521417151944,821.1500000000001,3.701522234726441e-05,0.14875344776468966,41.54651246273432,-0.1039372007237124,0.005102079605415274,46.70737131095259,11.112588173017619,-58.225678455664976,14.067924473915317,-131.699325929819,19.79677763035439,-167.44082745369928,11.432058386752175,123.10000000000002,6.98211314717831,-0.0001995121099326538,9.74121922533683e-05,-0.11359882866899716,0.008415595603475169,29.12420342776616,2.8669719721667932
optimal@2s/λ=1.0,300,0.23307649051740997,287.89552123042597,365.27195388943613,597.1517540730113,338.4866914631273,907.5999999999999,0.0027034886258854836,0.20108700464867912,8.06070278013599,-0.015562935369307647,0.014041176087745712,18.838776497579204,12.406805046897365,9.32460519415249,5.424912380542485,5.857382719907832,13.78983227455343,-13.901128145453008,15.348015116048089,18.700000000000017,17.038477396762907,-0.0010962997786947348,0.00047099279067906036,-0.015224262473158789,0.012166387908220009,5.9016430731895095,4.240573189069796
optimal@2s/λ=1.0,350,0.08275448506397082,220.8775143548587,241.14732952970218,413.36811237626875,239.79120271279615,1085.15,0.03188380444775731,0.15748519387122112,1.5371244167450693,0.0002715855717063051,0.002946996494610775,0.023021224446281963,2.840176501139194,-0.07732220934685685,3.2176370217614796,-0.8050648479696179,7.659274369506561,-1.1174987985489437,3.220617138893679,-0.3499999999999943,3.4729313267037183,-0.00023958051032262236,0.002212370006333599,-0.0015629996000756236,0.0017520457165672494,0.41541481887810966,0.13455859408530899
optimal@2s/λ=1.0,400,0.014916486717731266,143.4768098208911,145.72531279321683,268.8156807636883,144.61194102556772,1166.0,0.1368787942452969,0.09820860215850297,1.397791231450526,0.00019736107359134944,0.001007503185149432,-0.34233379257532803,1.8176694286098796,-0.3198646105081586,1.8701186821432279,-1.2728868894875305,4.6765125157795415,-1.324908085632817,1.8658814042119856,-0.24999999999994316,1.2031043180040761,0.0005324906350239952,0.0009574081610793086,-0.0006838699027737118,0.0008942110608951265,0.36032538937200137,0.013937225484414282
optimal@2s/λ=1.0,450,0.004870946950753777,107.50656433017947,108.05761457331235,205.1894317285842,106.95863160045934,1178.0,0.2432936324150106,0.06885626404380801,1.390785073569872,-0.00020935309537826487,0.0005783068282942195,0.6628966390796105,0.40501560958249394,0.6327529318099643,0.44821210533900085,0.22003276632500146,1.4954776222379513,-0.38035370708780825,0.4451515298516851,0.2500000000000284,0.6939538889580594,0.00011924010969531842,0.0003647888482623878,-0.0001982849497169101,0.00026166930849412496,0.36004527765609473,0.012306797220981987
optimal@5s/λ=0.0,250,0.30353922233089214,321.80870378158295,370.74581380113034,570.3244271400035,267.1333580051503,824.1500000000001,3.905112463702183e-05,0.13852841086342252,37.47571896918188,-0.10641712449072852,0.006901935817466585,9.117695654264189,11.016443606131075,-124.07815038037913,20.445519441873937,-202.95475875997937,26.367586814011453,-180.72268362006844,16.117035162042455,126.10000000000004,9.373812884840431,-0.0001974762076428964,8.66639103278212e-05,-0.12382386557026431,0.012654669280591052,25.053409934213715,2.0875399099010394
optimal@5s/λ=0.0,300,0.22207457297257815,291.0758904970828,357.8988604451632,580.6901885407542,327.4189915760744,920.55,0.0023330693817579613,0.19384984028522817,10.809351219427011,-0.026564852914139445,0.00906119426297633,22.019145764235965,8.345605328768373,1.9515117498795647,5.541583936214596,-10.60418281234918,15.358777689709335,-24.968828032505897,11.651534596751665,31.650000000000006,11.180531829926542,-0.0014667190228222571,0.000512935565333958,-0.02246142683660975,0.009643739610222248,8.650291512480532,3.477426075979355
optimal@5s/λ=0.0,350,0.08214926562419167,224.60218641727667,244.83707183583454,420.0885157996651,241.52228491364974,1085.9,0.031219460594686735,0.15862569875617177,2.3264493553848045,-0.00033363386807286084,0.0030352327017465586,3.7476932868642514,4.474965289959262,3.612420096785481,5.187017042623892,5.915338575426766,9.7505930351426,0.6135834023046627,5.106024364178346,0.4000000000000341,3.562057832208824,-0.0009039243633932005,0.0025635144114041137,-0.00042249471512498943,0.002940785851223571,1.2047397575178447,0.2600268120649666
optimal@5s/λ=0.0,400,0.014532785082484257,144.8834443293463,147.07350252678066,268.15231393655654,144.2953926146371,1166.4499999999998,0.13727940419205525,0.09790903989464862,2.1178519837619065,-0.0001863405616556623,0.0011644872941865396,1.0643007158798987,1.3646374875196075,1.0283251230557013,1.5379324153071574,-1.936253716619273,4.111747236542237,-1.6414564965634142,1.5641633508846011,0.20000000000001705,1.3898834483510023,0.0009331005817823472,0.0003075811994270565,-0.0009834321666280475,0.000636511871869833,1.0803861416833818,0.027220938967316963
optimal@5s/λ=0.0,450,0.005130878220857074,109.68126024801643,110.26451734291403,208.2337832902146,107.50986616913826,1177.6999999999998,0.2432145303922843,0.06911493871498854,2.1082873580412835,5.0578174725032907e-05,0.0005378666086458918,2.8375925569165528,0.9827807171948901,2.8396557014116635,0.9634730343540971,3.264384327955433,1.6767005837522269,0.17088086159110993,0.9453352554584916,-0.04999999999998295,0.6361917949801073,4.0138086969010445e-05,0.0007255316510121606,6.038972146362245e-05,0.0004440251699702452,1.0775475621275061,0.02806824719668673
optimal@5s/λ=1.0,250,0.30535855610115903,359.1708359879394,432.5642883712916,630.4180454479094,272.3713272243467,821.9,2.3453038291177995e-05,0.14292839463070162,46.54965289212741,-0.10459779072046166,0.003702940229617153,46.47982786062062,10.599019401655424,-62.25967581021784,14.694740063920825,-142.8611404520735,17.532281892145075,-175.48471440087195,10.174124074029274,123.85,5.196112777836915,-0.00021307429398874025,0.00010014237450280726,-0.11942388180298522,0.008050799836607067,34.12734385715926,1.4328516040707715
optimal@5s/λ=1.0,300,0.2274325348561293,291.81412201719417,365.7092210296805,591.5575355676826,333.5076225815541,914.35,0.002714318815889712,0.1985025988167617,10.365133713888794,-0.021206891030588298,0.01458704786562346,22.757377284347378,14.824904927658855,9.761872334396841,6.444712459124119,0.26316421457929096,12.48621129615982,-18.88019702702617,13.937822467552808,25.450000000000003,17.777558100031612,-0.0010854695886905064,0.0007790569847910783,-0.01780866830507623,0.011796808228352315,8.206074006942314,5.326209860879366
optimal@5s/λ=1.0,350,0.08292458808941461,224.99757936980149,245.4239072457309,422.0168134018166,242.1336625707279,1085.0,0.030989769264438714,0.15898014480164055,2.319367057522401,0.00044168859715008543,0.002352488264221526,4.143086239389085,5.295008682831332,4.1992555066818795,5.943079249117553,7.843636177578247,10.769095462775025,1.2249610593828066,5.981874290451901,-0.5,2.7469983618488145,-0.0011336156936412193,0.002932532386200232,-6.804866965619966e-05,0.003269013358075051,1.197657459655441,0.24974785408638636
optimal@5s/λ=1.0,400,0.01448971134023753,144.90231668020024,147.08575345828953,268.1519447175589,144.30708507186077,1166.5,0.1371603194831698,0.09796709846665488,2.1184961767617914,-0.00022941430390238887,0.0011845770130403182,1.0831730667338277,1.3713134115048624,1.0405760545645606,1.5411544663511372,-1.9366229356169562,4.111716638647593,-1.6297640393397508,1.5673019356299525,0.2500000000000284,1.4128906539432173,0.0008140158728969053,0.00042214635994813947,-0.0009253735946217791,0.0006408877997103727,1.0810303346832666,0.026774757088217176
optimal@5s/λ=1.0,450,0.005130878220857074,109.68126024801643,110.26451734291403,208.2337832902146,107.50986616913826,1177.6999999999998,0.2432145303922843,0.06911493871498854,2.1082873580412835,5.0578174725032907e-05,0.0005378666086458918,2.8375925569165528,0.9827807171948901,2.8396557014116635,0.9634730343540971,3.264384327955433,1.6767005837522269,0.17088086159110993,0.9453352554584916,-0.04999999999998295,0.6361917949801073,4.0138086969010445e-05,0.0007255316510121606,6.038972146362245e-05,0.0004440251699702452,1.0775475621275061,0.02806824719668673
optimal@10s/λ=0.0,250,0.2962391424286075,321.5237208529669,362.81870234408433,554.6862819514907,256.53317853256584,832.75,3.484933886462532e-05,0.13246445489860298,40.91381947790314,-0.11371720439301322,0.004472986625184737,8.832712725648108,11.87114374150378,-132.0052618374251,18.187261887132557,-218.59290394849225,18.649102374228057,-191.32286309265285,10.299748327424023,134.70000000000005,6.711185886264802,-0.00020167799341529288,9.358774546702398e-05,-0.12988782153508385,0.007770425808996632,28.491510442934974,1.673812346162415
optimal@10s/λ=0.0,300,0.21327500066123214,296.38485163213784,356.87233898108553,570.1794434179633,317.5029969824009,931.0,0.0018754545664899753,0.1867798995835942,14.579462821018197,-0.03536442522548546,0.009254159489805182,27.328106899291022,6.32194870153824,0.9249902858018899,5.9330989300418215,-21.11492793514006,13.45607742562086,-34.88482262617948,12.637489687865122,42.099999999999994,11.676402870747477,-0.0019243338380902433,0.000504432687900872,-0.029531367538243716,0.009166139791083392,12.420403114071718,3.262488425310529
optimal@10s/λ=0.0,350,0.0813380140642008,227.9640557594715,247.84710523691507,421.41537118917836,241.35669690457536,1086.85,0.030305439696564056,0.15806085522735944,3.9488276912159286,-0.001144885428063719,0.004085048549757222,7.109562629059081,6.195139507344793,6.622453497866029,6.709326973148823,7.2421939649400215,12.334311460884825,0.4479953932302756,6.303517147687424,1.3499999999999943,4.819112366401082,-0.0018179452615158793,0.0036483187248877885,-0.0009873382439373156,0.0034347320240220615,2.827118093348969,0.5491088099950773
optimal@10s/λ=0.0,400,0.014504850307086679,147.88873693142602,150.06367857848898,272.2181583032214,144.52019091333077,1166.5,0.1372761540669909,0.09786810082253215,3.5889179540160265,-0.00021427533705324175,0.0012425360828559459,4.069593317959598,2.44041248435719,4.018501174764005,2.4663681566244717,2.129590650045653,4.344215076554196,-1.4166581978697579,2.4699317485303833,0.25000000000005684,1.4811576553493466,0.0009298504567180014,0.0011833975969590981,-0.001024371238744522,0.0012306797422265503,2.5514521119375018,0.05304646886805529
optimal@10s/λ=0.0,450,0.005084108436883936,112.03613028540475,112.61021870093217,210.91398905612994,107.08857271122702,1177.75,0.2432214711946829,0.06878413589296516,3.5845962410034473,3.80839075189452e-06,0.0007941807911237455,5.192462594304896,0.5880278384626807,5.185357059429789,0.6510453869513546,5.944590093870776,2.986811578768534,-0.25041259632012824,0.6559044972112423,0.0,0.9487001633814934,4.7078889367609816e-05,0.0007286887613807812,-0.00027041310055976424,0.0002094658029572091,2.5538564450896706,0.053021483357506
optimal@10s/λ=1.0,250,0.30288350231099137,358.0112897306958,428.04141665249915,619.9234070257564,265.33741771786424,824.85,1.5623965808756313e-06,0.13972017898763203,49.35246586628533,-0.10707284451062929,0.006239637014162285,45.32028160337702,11.166873848889317,-66.78254752901032,15.170693620617692,-153.35577887422664,17.09079199931671,-182.51862390735448,9.309065974964849,126.80000000000003,8.142176613166788,-0.0002349649356990426,0.00010625425191016985,-0.12263209744605477,0.00608492009225426,36.93015683131718,1.5370652178718824
optimal@10s/λ=1.0,300,0.21568713664382239,302.9953139945251,369.2907026827322,586.9813208562591,322.31843907865175,928.2,0.0016569057034294082,0.18953902685397594,15.573209383344492,-0.03295228924289524,0.011023200639345187,33.938569261678246,10.207940491214435,13.343353987448566,5.673747683999935,-4.313050496844312,11.797501326703799,-30.06938052992856,12.843688114781875,39.30000000000001,13.67572857291342,-0.0021428827011508106,0.0007881093325061399,-0.02677224026786196,0.009537892986029677,13.414149676398015,4.351256922799236
optimal@10s/λ=1.0,350,0.08157083465738156,227.72339117452645,247.58185396500002,421.52284787882013,241.17056688957592,1086.6,0.030194699488431488,0.15803765109613538,3.9217664498569746,-0.0009120648348829637,0.003613599648871195,6.868898044114019,5.014483652384303,6.35720222595101,5.920358588920366,7.349670654581779,13.066995856504155,0.26186537823080513,6.224882573520784,1.099999999999966,4.249824466963308,-0.0019286854696484495,0.0024780645941486815,-0.001010542375161367,0.003571106876081398,2.800056851990015,0.4879832776526843
optimal@10s/λ=1.0,400,0.014504850307086679,147.88873693142602,150.06367857848898,272.2181583032214,144.52019091333077,1166.5,0.1372761540669909,0.09786810082253215,3.5889179540160265,-0.00021427533705324175,0.0012425360828559459,4.069593317959598,2.44041248435719,4.018501174764005,2.4663681566244717,2.129590650045653,4.344215076554196,-1.4166581978697579,2.4699317485303833,0.25000000000005684,1.4811576553493466,0.0009298504567180014,0.0011833975969590981,-0.001024371238744522,0.0012306797422265503,2.5514521119375018,0.05304646886805529
optimal@10s/λ=1.0,450,0.005084108436883936,112.03613028540475,112.61021870093217,210.91398905612994,107.08857271122702,1177.75,0.2432214711946829,0.06878413589296516,3.5845962410034473,3.80839075189452e-06,0.0007941807911237455,5.192462594304896,0.5880278384626807,5.185357059429789,0.6510453869513546,5.944590093870776,2.986811578768534,-0.25041259632012824,0.6559044972112423,0.0,0.9487001633814934,4.7078889367609816e-05,0.0007286887613807812,-0.00027041310055976424,0.0002094658029572091,2.5538564450896706,0.053021483357506
optimal@20s/λ=0.0,250,0.29006959323305226,317.61594356171565,350.51732792533096,537.2700492723461,242.5484512260869,840.0999999999999,8.6993839408586e-06,0.12531171169452054,44.23913121142978,-0.11988675358856843,0.005996410638807334,4.9249354343968506,12.5767280582906,-144.30663625617848,19.815763036800014,-236.0091366276369,18.623252515611792,-205.30759039913175,11.509118962299846,142.05,8.625829351430509,-0.00022782794833905962,0.00010975440762170885,-0.13704056473916626,0.008183627375879094,31.816822176461617,1.9045129585844338
optimal@20s/λ=0.0,300,0.19414127634093034,303.39863499138244,346.55990199935616,543.9520462950413,288.5575822049188,953.7,0.00139480032085794,0.1664428373247393,23.096080406197917,-0.05449814954578727,0.009031699881264416,34.34189025853562,5.808562965823373,-9.387446695927501,5.604362079711576,-47.342325058062144,15.252207254166066,-63.830237403661556,13.085183546797376,64.8,11.841848504351011,-0.0024049880837222794,0.0005393414906433936,-0.04986842979709863,0.01031230229946394,20.93702069925144,3.6012889115817135
optimal@20s/λ=0.0,350,0.07899356591241216,232.78544937906452,251.50078808805603,423.9022166589232,238.4239576870251,1089.7,0.02927743202723045,0.15529128714236745,7.681050728372156,-0.003489333579852371,0.0037367144361934628,11.93095624865212,6.774262523877506,10.276136349006979,7.836980544695964,9.729039434684829,15.17019962841288,-2.484743824320013,8.172841983248878,4.199999999999989,4.439920720012941,-0.0028459529308494883,0.0033211565190408698,-0.0037569063289292944,0.004605003019990308,6.559341130505198,0.9071409518720135
optimal@20s/λ=0.0,400,0.014214489653729373,152.74594553608432,154.87591228031795,277.5387341520543,143.75776556831863,1166.85,0.13732059041990885,0.0974044153052732,6.974020815854592,-0.0005046359904105466,0.0012460625017770412,8.926801922617923,2.862197700461775,8.830734876592974,2.8184737474496804,7.45016649887846,5.319162467568314,-2.1790835428819015,2.83592786574502,0.6000000000000796,1.4741940170818941,0.0009742868096359741,0.0018404499225797436,-0.0014880567560034627,0.0014479179146035276,5.936554973776068,0.11410152141681722
optimal@20s/λ=0.0,450,0.004885205593077669,117.35827239105558,117.90361325361243,215.46855405872404,106.91891999537506,1178.0,0.24311694055603789,0.06870581835560918,6.951295858758663,-0.00019509445305437197,0.0009844588467917029,10.51460469995572,1.3252335175891718,10.478751612110056,1.3480260267130781,10.499155096464857,2.897420169416368,-0.42006531217208476,1.3626476718332208,0.24999999999994316,1.1660411656541443,-5.745174927740057e-05,0.0013057508806868256,-0.00034873063791574215,0.0007149064535991102,5.920556062844886,0.1162755080568568
optimal@20s/λ=1.0,250,0.3002307935356807,355.7011924764593,423.17363015945296,614.9874292098809,256.0040992162775,828.0,1.4711883742567958e-05,0.13660327412282802,52.43064540409116,-0.10972555328594,0.006166568459221387,43.010184349140545,10.632950576569739,-71.65033402205651,14.263936950170274,-158.29175669010215,18.444725865222132,-191.85194240894117,9.889370267846285,129.95000000000002,8.107644047440674,-0.00022181544853735026,9.780223973321101e-05,-0.12574900231085878,0.006523604876021188,40.008336369123,1.7493085221540214
optimal@20s/λ=1.0,300,0.18898096516919022,321.96383767732135,369.56700340211876,566.979085457639,288.4033685760146,959.85,0.0009773828672875416,0.16592049498448963,27.713856588140008,-0.05965846071752741,0.009474836404898514,52.90709294447458,8.60399669569977,13.619654706835078,3.1937609953759156,-24.315285895464342,9.777025947665509,-63.98445103256571,13.573300621519572,70.95,12.535192220305204,-0.0028224055372926774,0.0005465157923427106,-0.050390772137348286,0.01038281080487402,25.554796881193525,4.668552040228996
optimal@20s/λ=1.0,350,0.07844833324838053,233.75977794896437,252.6284529376177,424.93927803117344,238.92483826610396,1090.3500000000001,0.02873153162022337,0.15537731237781985,7.805735225657028,-0.004034566243883993,0.003721731911406958,12.905284818551955,5.2215354674055305,11.4038011985687,5.399032288887785,10.766100806935036,10.547933921753717,-1.9838632452411566,5.16383853185552,4.849999999999994,4.4410021391573755,-0.0033918533378565685,0.002821375851946894,-0.0036708810934769215,0.0035086268377514987,6.684025627790069,1.2350328094333671
optimal@20s/λ=1.0,400,0.014088006577109428,152.4147820866993,154.51784364686247,276.15864891680843,143.39615865634104,1167.0,0.13731485507457128,0.09728262997876379,6.977082703990417,-0.0006311190670304919,0.0013304933352171378,8.595638473232885,2.708989424082591,8.4726662431375,2.6666328842792355,6.070081263632623,4.789247828261247,-2.54069045485949,2.6801892669000047,0.7500000000000853,1.5710595151043907,0.0009685514642983842,0.0018020706047020883,-0.0016098420825128804,0.0014020568447628068,5.939616861911893,0.11526226559978847
optimal@20s/λ=1.0,450,0.004885205593077669,117.35827239105558,117.90361325361243,215.46855405872404,106.91891999537506,1178.0,0.24311694055603789,0.06870581835560918,6.951295858758663,-0.00019509445305437197,0.0009844588467917029,10.51460469995572,1.3252335175891718,10.478751612110056,1.3480260267130781,10.499155096464857,2.897420169416368,-0.42006531217208476,1.3626476718332208,0.24999999999994316,1.1660411656541443,-5.745174927740057e-05,0.0013057508806868256,-0.00034873063791574215,0.0007149064535991102,5.920556062844886,0.1162755080568568
optimal@30s/λ=0.0,250,0.2887582150692723,313.7192551251669,344.3926699056493,530.6084762618583,233.24920414720708,841.5999999999999,3.189757700018933e-05,0.12178213367063441,46.652056092578135,-0.12119813175234842,0.004444328812014894,1.028246997848143,13.041299459848538,-150.43129427586013,18.915911172668533,-242.67070963812478,22.117495708545114,-214.6068374780116,8.831669151182503,143.55,6.718847817892601,-0.0002046297552797289,9.902004932124104e-05,-0.14057014276305238,0.00564899336215182,34.229747057609984,2.127922772907682
optimal@30s/λ=0.0,300,0.18362295960265665,302.04946766742944,337.25153265202994,523.0538875257822,272.9431648532865,966.05,0.0012039759511156911,0.1582008998507775,27.133373369143214,-0.06501646628406096,0.005426080088228827,32.992722934582666,2.5880866651374386,-18.69581604325373,6.244374740619084,-68.24048382732116,12.088089784961257,-79.44465475529384,11.28217796937836,77.15,7.6593307801661235,-0.0025958124534645275,0.0008351689988168664,-0.05811036727106039,0.0089802913072378,24.974313662196735,2.6347513788445243
optimal@30s/λ=0.0,350,0.07214766786076612,235.66774907306007,251.98474424191193,423.4971096840176,232.42600142437064,1097.9,0.029435033203641117,0.15191103778007978,11.434004948824033,-0.01033523163149841,0.005326125139041967,14.813255942647661,3.5273601663194567,10.76009250286291,4.717775203926869,9.323932459779257,11.197549798329216,-8.48270008697446,6.670931730666901,12.400000000000006,6.5911310106839505,-0.002688351754438818,0.0016770845375932777,-0.007137155691216996,0.004879343688574066,10.312295350957072,1.23259409448063
optimal@30s/λ=0.0,400,0.013416573363118182,155.06745226497495,156.99507718795257,275.21055667165365,140.33630049110775,1167.8,0.13885983086386927,0.09517345418863307,10.402551746691291,-0.0013025522810217356,0.001120056585521853,11.248308651508523,2.6169572985370997,10.949899784227583,2.7174505684341113,5.121989018477823,4.551870618601732,-5.600548620092756,2.678711429245872,1.5500000000000398,1.3452390122204796,0.00251352725359639,0.0011269874444011173,-0.0037190178726436048,0.0013449134852782187,9.365085904612766,0.1746738717318432
optimal@30s/λ=0.0,450,0.004757841805845616,121.87290383342628,122.38958983190906,220.10830636700933,105.77670182940093,1178.15,0.24396647415748723,0.06797055355949277,10.40736284241305,-0.00032245824028642397,0.0009752754950899858,15.02923614232642,1.1084246668153888,14.964728190406687,1.1563659154785,15.138907404750146,2.3575481376614666,-1.562283478146206,1.0109775001385575,0.4000000000000057,1.166629332735984,0.0007920818521719511,0.0009734745890027778,-0.0010839954340321426,0.0004342807977275344,9.376623046499272,0.17231476538287624
optimal@30s/λ=1.0,250,0.2976241518251681,353.12419035970004,417.3654639478743,608.7586603622466,247.20740446301983,831.0999999999999,3.372366799195293e-05,0.1334002554682529,55.06166058485468,-0.11233219499645264,0.005370959093743441,40.433182232381256,12.331011523588542,-77.45850023363518,15.736689310586675,-164.52052553773638,18.67688002000554,-200.64863716219884,8.823236972576405,133.05,7.4699807228666915,-0.00020280366428796528,9.402863407482696e-05,-0.1289520209654339,0.005802662306577175,42.63935154988653,2.1751880107772097
optimal@30s/λ=1.0,300,0.17949318247183488,323.9103729563519,364.863082352167,559.8763918119354,272.93652806306,970.95,0.0007610216952071425,0.15719862039667684,32.6362148116924,-0.06914624341488274,0.006092625965322157,54.853628223505154,5.911610163320134,8.915733656883347,3.6957601904601023,-31.417979541167995,8.246538868266526,-79.45129154552032,10.567045688398652,82.05,8.585014152580095,-0.003038766709373076,0.0008158850835648913,-0.05911264672516108,0.00768368319005995,30.47715510474592,3.4196134018917776
optimal@30s/λ=1.0,350,0.07219696216542357,234.67272191942854,251.0829791253347,419.8261183569863,231.16288647954582,1097.8500000000001,0.0294200788066362,0.15106407108182612,11.466981703206836,-0.010285937326840956,0.0054055907349276795,13.818228789016132,2.446740251997266,9.858327386285652,3.7789824106097516,5.652941132747948,7.225127005767701,-9.7458150317993,6.040302579543809,12.349999999999966,6.641624198944124,-0.0027033061514437373,0.001381309958662914,-0.007984122389470619,0.004340898258862978,10.345272105339877,1.2050318553963293
optimal@30s/λ=1.0,400,0.013252887403241218,155.4161956896684,157.32050842759685,275.7173828868519,140.6529646377803,1168.0,0.13888269203784895,0.09532243252531919,10.409347106802095,-0.0014662382408987022,0.001151430791133854,11.597052076201976,2.965205822204965,11.275331023871871,3.022592310033098,5.628815233676132,5.097604790373094,-5.2838844734202475,3.001437370229791,1.7500000000000568,1.3893897941182525,0.00253638842757606,0.001253218302647228,-0.003570039535957484,0.0015263528555017134,9.37188126472357,0.16999980536808298
optimal@30s/λ=1.0,450,0.004757841805845616,121.87290383342628,122.38958983190906,220.10830636700933,105.77670182940093,1178.15,0.24396647415748723,0.06797055355949277,10.40736284241305,-0.00032245824028642397,0.0009752754950899858,15.02923614232642,1.1084246668153888,14.964728190406687,1.1563659154785,15.138907404750146,2.3575481376614666,-1.562283478146206,1.0109775001385575,0.4000000000000057,1.166629332735984,0.0007920818521719511,0.0009734745890027778,-0.0010839954340321426,0.0004342807977275344,9.376623046499272,0.17231476538287624
