arm,drivers.num_drivers,cancel_rate,cancel_eta_rate,cancel_no_match_rate,wait_all_mean_s,wait_mean_s,pickup_mean_s,completed_per_hour,driver_idle_frac,batch_riders_mean,d_cancel_rate,ci_cancel_rate,d_cancel_eta_rate,ci_cancel_eta_rate,d_cancel_no_match_rate,ci_cancel_no_match_rate,d_wait_all_mean_s,ci_wait_all_mean_s,d_wait_mean_s,ci_wait_mean_s,d_pickup_mean_s,ci_pickup_mean_s,d_completed_per_hour,ci_completed_per_hour,d_driver_idle_frac,ci_driver_idle_frac,d_batch_riders_mean,ci_batch_riders_mean
immediate_greedy,250,0.4099563468216207,0.3949250050903254,0.015031341731295214,312.6910081273188,494.82396418150944,447.85604162521867,698.05,0.00023652733227988334,12.422309034968162,,,,,,,,,,,,,,,,,,
immediate_greedy,300,0.24863942588671756,0.24859739495194955,4.20309347679875e-05,269.0567447328468,355.94734869528367,352.3878196085803,888.9,0.00379978840458015,2.1590597069464796,,,,,,,,,,,,,,,,,,
immediate_greedy,350,0.08248289949226445,0.08244256390013797,4.03355921264875e-05,220.8544931304124,241.22465173904902,240.9087015113451,1085.5,0.0321233849580799,1.1217095978669596,,,,,,,,,,,,,,,,,,
immediate_greedy,400,0.014719125644139863,0.014719125644139863,0.0,143.8191436134664,146.04517740372498,145.93684911120053,1166.25,0.1363463036102729,1.0374658420785248,,,,,,,,,,,,,,,,,,
immediate_greedy+aware(V=900.0),250,0.36582754100424053,0.1241156531047575,0.241711887899483,421.0003499276343,558.378447954376,369.40349087505933,750.35,7.689055307946453e-05,47.63951010218193,-0.044128805817380136,0.004723417681676629,-0.2708093519855679,0.012524169648642053,0.22668054616818778,0.012374026084304726,108.30934180031555,14.672472641974066,63.554483772866654,17.466032135273814,-78.45255075015939,7.866310678876682,52.30000000000001,6.142173673094141,-0.00015963677920041882,0.00013706938244298489,35.217201067213765,2.43010870178964
immediate_greedy+aware(V=900.0),300,0.2318070163751807,0.14612628191190857,0.08568073446327207,392.4149298165722,472.76823028429544,365.65301401961983,908.95,0.000733847913231275,27.379900902516233,-0.016832409511536858,0.004600561508860166,-0.10247111304004097,0.020392938036520567,0.08563870352850408,0.01648241124759112,123.35818508372544,9.201545083111547,116.82088158901186,8.07027673315434,13.265194411039516,6.281271875286392,20.049999999999997,5.850952013911841,-0.0030659404913488753,0.000974958438353839,25.22084119556975,3.521267570904345
immediate_greedy+aware(V=900.0),350,0.08209105230237532,0.07946062139037524,0.00263043091200005,249.8367734797613,270.9174819148694,261.74273832022413,1085.95,0.02511478510339126,3.7855973297691525,-0.0003918471898891364,0.0042037427733238614,-0.0029819425097627264,0.004823951924113209,0.0025900953198735627,0.0031427586656562903,28.982280349348898,13.617720926453645,29.69283017582037,14.937848489414858,20.834036808879066,7.809446267505214,0.4499999999999602,4.974349574297385,-0.007008599854688637,0.0031289726363203747,2.663887731902193,2.271883007284833
immediate_greedy+aware(V=900.0),400,0.013622112808798813,0.0134983678822991,0.0001237449264997,146.34889505066724,148.37197731939645,147.90439375312087,1167.55,0.1347923229969564,1.1788614750099802,-0.0010970128353410499,0.0008197098070003512,-0.0012207577618407622,0.0008101943020511385,0.0001237449264997,0.00020300522220776534,2.5297514372008187,2.6821118702412896,2.3267999156714687,2.603372045964931,1.9675446419203517,2.358203258326292,1.3000000000000398,0.9749595554214162,-0.0015539806133164896,0.0016044001611056596,0.14139563293145568,0.1418762583914481
immediate_greedy+aware(V=1500.0),250,0.3847680240759572,0.20232593525180892,0.1824420888241482,418.1639335058631,575.2608629701849,406.93945109709585,727.9,9.448088914558513e-06,42.504250880742774,-0.025188322745663454,0.004181431843709271,-0.19259906983851646,0.008686817599044556,0.16741074709285303,0.010492433968320601,105.47292537854435,15.785648701094482,80.43689878867548,18.242670152070414,-40.91659052812282,8.037834331677793,29.85000000000001,5.168089416591462,-0.0002270792433653248,0.00013517193606760078,30.081941845774615,2.7846585944162863
immediate_greedy+aware(V=1500.0),300,0.25042611321746316,0.22389760618249618,0.02652850703496691,352.46705430032205,446.7160547663699,387.53077276203237,886.8500000000001,0.001305069651931634,15.471768889830692,0.0017866873307456031,0.004379388036093482,-0.02469978876945338,0.013372346658342684,0.026486476100198924,0.011592208850364672,83.41030956747522,17.54666169135177,90.76870607108626,19.62241098449398,35.14295315345208,6.61211003209496,-2.049999999999983,5.1074554497915985,-0.0024947187526485164,0.0007096894184047894,13.312709182884213,3.6471812962611074
immediate_greedy+aware(V=1500.0),350,0.0845303168790493,0.08420040803991248,0.00032990883913680004,235.49034365779477,257.07871060181014,254.3678519301553,1083.05,0.027811010244974788,1.9130126915130563,0.0020474173867848387,0.0027923571030284947,0.001757844139774512,0.0026638169577750943,0.0002895732470103125,0.00037378987589263936,14.635850527382352,3.8577540945431816,15.854058862761118,4.557846832007969,13.4591504188102,3.355714700270761,-2.450000000000074,3.3077583462886206,-0.004312374713105112,0.0023866663404641894,0.7913030936460969,0.5871390134096253
immediate_greedy+aware(V=1500.0),400,0.014506595888181874,0.014506595888181874,0.0,143.58934332953274,145.7477137948039,145.53750250229638,1166.5,0.13614865899040485,1.080701429057032,-0.00021252975595798765,0.000499878950241313,-0.00021252975595798765,0.000499878950241313,0.0,0.0,-0.22980028393367746,1.2294231215896227,-0.29746360892109536,1.2125519674414929,-0.39934660890417817,1.1556798658902865,0.2500000000000284,0.5911560628981863,-0.00019764461986802526,0.0009450567227053988,0.04323558697850749,0.07327640163817814
batched_greedy@5s,250,0.30255227090852266,0.07425513188466822,0.22829713902385443,321.5471065392163,368.5742708213944,265.7299208429838,825.4,7.384181210644497e-05,37.72099267729055,-0.10740407591309802,0.010597116253398391,-0.32066987320565715,0.029386185868141165,0.21326579729255923,0.021137169743626796,8.856098411897563,13.419905193628436,-126.24969336011506,23.11957340138414,-182.12612078223486,18.24164109269145,127.35000000000001,14.325505741837844,-0.00016268552017343837,8.87309987813651e-05,25.29868364232239,3.0032097753769866
batched_greedy@5s,300,0.22760607808519975,0.20319521559318726,0.024410862492012412,283.50271153362837,355.16467339032863,332.1791990682839,914.05,0.0028130689022609003,8.437404558286548,-0.02103334780151781,0.012630137411396923,-0.04540217935876229,0.03464297558392644,0.024368831557244425,0.022362039066493287,14.445966800781548,7.837110909760249,-0.7826753049549993,6.393450910434454,-20.20862054029645,15.078668197554961,25.150000000000006,15.585457108364103,-0.00098671950231925,0.000631209796379154,6.278344851340068,3.4897897865501366
batched_greedy@5s,350,0.07995760735679704,0.07971559380403807,0.00024201355275895,221.01372368184576,240.41613997929664,237.29964669835323,1088.5,0.0325354048786235,2.256915762374062,-0.002525292135467423,0.0038131255252150417,-0.0027269700960999,0.0038180521964218464,0.0002016779606324625,0.00047689259672329553,0.15923055143335318,4.2090843084958545,-0.8085117597524061,5.130428769296218,-3.609054812991886,5.184479288242889,2.9999999999999716,4.468719795590528,0.00041201992054360056,0.0028614438019659485,1.1352061645071023,0.20186521981165162
batched_greedy@5s,400,0.015000848768401114,0.015000848768401114,0.0,145.29632477555643,147.55090436212362,144.77308826613182,1165.9,0.1370278894872978,2.1176180574626917,0.0002817231242612497,0.0014518719912966348,0.0002817231242612497,0.0014518719912966348,0.0,0.0,1.477181162090023,1.9521476708464935,1.5057269583986255,2.149129032934384,-1.1637608450687082,2.177761181397603,-0.34999999999990905,1.7278407806912137,0.0006815858770249181,0.0007936481790056351,1.080152215384167,0.03110950171275866
batched_greedy@5s+aware(V=900.0),250,0.2917056552494291,0.034459487651848864,0.2572461675975802,324.3424376455996,359.1772022906679,249.3904802378012,838.1000000000001,0.00015999153468083824,41.754678629131945,-0.1182506915721916,0.004854361619373976,-0.36046551743847655,0.010969460860568702,0.24221482586628496,0.009171160200080412,11.651429518280835,15.819530043114906,-135.64676189084153,22.261008424617515,-198.4655613874175,11.491709380502993,140.05,7.396912475476248,-7.653579759904509e-05,0.00011025155018459478,29.33236959416378,2.311395353196258
batched_greedy@5s+aware(V=900.0),300,0.17994001513714286,0.07084543249920505,0.10909458263793775,313.7560954905541,346.9508936728598,281.01200215891527,970.45,0.0014025493264019126,23.455550521339774,-0.0686994107495747,0.008066435446303576,-0.17775196245274455,0.02860929607472843,0.10905255170316977,0.021350447836057707,44.699350757707286,3.312231742359876,-8.996455022423824,6.893712233115637,-71.37581744966502,12.864631265706539,81.55000000000001,11.209184807733083,-0.0023972390781782375,0.0009436377027505236,21.296490814393294,3.0907774009690763
batched_greedy@5s+aware(V=900.0),350,0.0731051074109623,0.06510424493776239,0.008000862473199862,244.94048442746168,261.5607753155001,249.56843328718566,1096.75,0.02519586560688416,5.298973254524461,-0.009377792081302176,0.005713965587733162,-0.017338318962375587,0.013272825680733,0.007960526881073375,0.008041060036382329,24.085991297049265,4.853876720678286,20.33612357645112,4.474030237391633,8.659731775840577,7.748161845384726,11.249999999999972,7.074563527554836,-0.006927519351195737,0.002688369484122957,4.177263656657502,2.2251351755081448
batched_greedy@5s+aware(V=900.0),400,0.013316963421937875,0.0131509316212839,0.0001660318006539625,148.46763300815178,150.43349427433515,147.26665604649514,1167.9,0.135140335740881,2.2430213796772698,-0.0014021622222019875,0.0007647431165989921,-0.0015681940228559625,0.0007853586839857602,0.0001660318006539625,0.0002070023243243714,4.648489394685356,3.709916148192349,4.388316870610186,3.7326518924699315,1.3298069352946023,3.536446699823715,1.6500000000001194,0.8836321369833618,-0.0012059678693918906,0.0020471801227471597,1.2055555375987452,0.13545762083605165
batched_greedy@5s+aware(V=1500.0),250,0.29187553236916564,0.041829475990330336,0.25004605637883526,325.2948696483558,362.32275577630975,252.194763207735,837.95,2.7737418285770016e-05,41.28723260460356,-0.11808081445245505,0.00538815914451071,-0.3530955290999951,0.012036253929361652,0.23501471464754006,0.0100360383319681,12.603861521037025,15.308451377416619,-132.50120840519975,22.57267272002037,-195.6612784174837,12.558793224233439,139.9,8.638857172595669,-0.00020878991399411333,0.00013408086716542507,28.864923569635398,2.206067872168296
batched_greedy@5s+aware(V=1500.0),300,0.19125755009737533,0.1058006575166926,0.08545689258068272,312.2089632963502,355.8108089457803,298.7665941396632,957.1,0.00154759587774175,19.793712841525245,-0.05738187578934222,0.011050357733092875,-0.14279673743525698,0.03454164429749841,0.08541486164591472,0.024179598355733044,43.1522185635034,6.037728999942882,-0.13653974950338466,7.444859549746952,-53.62122546891714,15.34574992786216,68.2,14.418946101351386,-0.0022521925268384002,0.0007815733046115853,17.634653134578766,3.781890194289548
batched_greedy@5s+aware(V=1500.0),350,0.08020529564867795,0.07690792483731806,0.0032973708113598625,234.23764419002669,253.48467381140972,246.65853408951062,1088.3,0.029040087711482768,3.5497413126696453,-0.0022776038435865127,0.005926707069505731,-0.005534639062819913,0.010311369675478221,0.003257035219233375,0.005628346496868198,13.383151059614264,8.237527220098608,12.260022072360677,8.7886318908606,5.749832578165517,8.058749103088557,2.7999999999999545,7.123088891661127,-0.0030832972465971364,0.002029921086400271,2.4280317148026858,1.6200592425643527
batched_greedy@5s+aware(V=1500.0),400,0.014055982212545861,0.014015646620419375,4.03355921264875e-05,147.70321720119185,149.81615146332638,146.91573150463608,1167.0500000000002,0.13567282021507154,2.1587911931394848,-0.0006631434315940007,0.0011537324161115313,-0.0007034790237204882,0.0012269460055176003,4.03355921264875e-05,9.537851934464729e-05,3.8840735877254247,2.854392650990459,3.7709740596014,2.90691869040757,0.9788823934355406,2.8536708104876785,0.8000000000000682,1.4074693942893128,-0.0006734833952013412,0.001970566140879367,1.1213253510609604,0.059554995219967
optimal@5s,250,0.30353922233089214,0.0758343111891843,0.22770491114170782,321.80870378158295,370.74581380113034,267.1333580051503,824.1500000000001,3.905112463701596e-05,37.47571896918188,-0.10641712449072852,0.00832677796781549,-0.3190906939011411,0.02811796761288343,0.2126735694104126,0.021325583802589712,9.117695654264196,13.290688631307047,-124.0781503803791,24.666311790136163,-180.72268362006844,19.444251126499594,126.10000000000004,11.308951672136018,-0.0001974762076428674,0.00010455488984642596,25.05340993421371,2.5184936209794966
optimal@5s,300,0.22207457297257815,0.1845652298546004,0.0375093431179777,291.0758904970828,357.8988604451632,327.4189915760744,920.55,0.0023330693817579127,10.809351219427011,-0.026564852914139424,0.01093179576664654,-0.0640321650973492,0.03407168487028604,0.037467312183209714,0.02451415895794733,22.019145764235965,10.068479976850849,1.9515117498795789,6.685593759086728,-24.968828032505897,14.056888405995569,31.650000000000006,13.488651383035384,-0.0014667190228222376,0.0006188264680066984,8.650291512480532,4.195309200194854
optimal@5s,350,0.08214926562419163,0.0817459097029267,0.0004033559212649125,224.60218641727667,244.8370718358345,241.52228491364977,1085.9,0.031219460594686662,2.3264493553848045,-0.00033363386807283395,0.003661829008049707,-0.0006966541972112748,0.003475768784209788,0.000363020329138425,0.0008584066741019142,3.7476932868642514,5.398781351874292,3.6124200967854847,6.2578297410273045,0.6135834023046733,6.160116857530474,0.4000000000000341,4.297412416131126,-0.0009039243633932363,0.0030927287482213003,1.204739757517845,0.31370699279243847
optimal@5s,400,0.014532785082484212,0.014532785082484212,0.0,144.8834443293463,147.07350252678066,144.2953926146371,1166.4499999999998,0.13727940419205523,2.1178519837619065,-0.00018634056165565017,0.0014048851512781376,-0.00018634056165565017,0.0014048851512781376,0.0,0.0,1.0643007158798987,1.6463545396028105,1.0283251230557013,1.8554246359928446,-1.6414564965634142,1.8870707106910005,0.20000000000001705,1.6768123004378503,0.0009331005817823368,0.0003710785528057251,1.0803861416833818,0.03284045532308401
optimal@5s+aware(V=900.0),250,0.29123477877918275,0.033528648960779034,0.25770612981840363,323.732928665675,358.0836361368178,248.24758308935412,838.65,0.00021029766325917363,41.7461336513271,-0.11872156804243794,0.004841059879076547,-0.36139635612954635,0.011867014459698115,0.24267478808710843,0.010381742807642706,11.04192053835618,15.280986891271938,-136.74032804469164,21.538530517471703,-199.60845853586454,11.242808860813424,140.60000000000002,7.34829304515702,-2.6229669020709718e-05,0.00015014809946299734,29.323824616358937,2.3943944630710003
optimal@5s+aware(V=900.0),300,0.1777302952231074,0.07067942388346393,0.10705087133964342,315.7820364025606,348.74133303982205,281.96638998672233,973.0999999999999,0.00123721602946245,23.58788426180805,-0.07090913066361017,0.008826451848454587,-0.17791797106848561,0.028008687489394713,0.10700884040487543,0.019449158438453545,46.7252916697138,3.6886554018237026,-7.206015655461613,7.437083357962355,-70.42142962185792,12.680185623519339,84.19999999999999,12.292147758031291,-0.0025625723751177,0.0009521160700929358,21.428824554861567,2.8552981988850425
optimal@5s+aware(V=900.0),350,0.07437198771413835,0.06617843175423894,0.008193555959899325,251.46924779570082,268.8354809405965,256.72328920728273,1095.3,0.023374521957752414,5.287519286232955,-0.008110911778126112,0.007084898986143215,-0.016264132145899026,0.01390500129335608,0.008153220367772837,0.007206675306130839,30.614754665288423,6.686176615041481,27.61082920154749,7.762596660342619,15.814587695937632,10.506685168808115,9.799999999999983,8.718471175958785,-0.008748863000327487,0.00431683058784516,4.165809688365996,1.9001391715208742
optimal@5s+aware(V=900.0),400,0.013160058873652526,0.012952904612779589,0.00020715426087292502,148.32550754244863,150.2663968910345,147.06916319204888,1168.1,0.13568184296215852,2.255224605729846,-0.0015590667704873376,0.0009400999762747512,-0.0017662210313602756,0.0010575516097316147,0.00020715426087292502,0.00032667453587052796,4.506363928982243,3.69309528692577,4.221219487309515,3.686317954704923,1.1323140808483458,3.3858714387972095,1.8500000000000512,1.1153910286964837,-0.0006644606481143629,0.0016356509706211709,1.2177587636513212,0.14750482171151705
optimal@5s+aware(V=1500.0),250,0.29008656810025657,0.04108605022277435,0.24900051787748217,326.22655663403657,363.6273863746045,253.13706648586805,840.05,4.844628051655812e-05,41.18359576400087,-0.11986977872136417,0.006717269466808674,-0.35383895486755107,0.012130993902829209,0.23396917614618695,0.009417343596477322,13.535548506717767,14.999411593879344,-131.19657780690494,22.390780160556623,-194.71897513935065,12.315981377782379,142.0,9.542574188784275,-0.00018808105176332522,0.00011517184394478194,28.761286729032708,2.208979788626744
optimal@5s+aware(V=1500.0),300,0.19106636337924204,0.1017165696423228,0.08934979373691924,315.4290888571953,358.68229390367367,298.8581190229245,957.4000000000001,0.001164528334209075,20.621620842838176,-0.0575730625074755,0.01204202625091178,-0.14688082530962676,0.03479824227753287,0.08930776280215126,0.023045330258994922,46.37234412434857,4.8441936476793686,2.734945208390016,7.026655715048592,-53.5297005856558,16.283836928207414,68.50000000000001,15.756024143531786,-0.0026352600703710752,0.000680844311399485,18.462561135891697,3.897602107416234
optimal@5s+aware(V=1500.0),350,0.0818455544302786,0.07967677824931084,0.0021687761809677,241.1395272923511,261.7965326613041,254.61798612202614,1086.3000000000002,0.026048102756243773,3.591797994296278,-0.0006373450619858619,0.004131610826639797,-0.0027657856508271385,0.0056365661701255785,0.0021284405888412124,0.0030495438947067384,20.28503416193869,5.16200890702737,20.571880922255094,5.8520986418350285,13.709284610681053,5.608234482373412,0.8000000000000114,4.859206262080308,-0.0060752822018361255,0.002111318020111868,2.4700883964293183,1.228963975869447
optimal@5s+aware(V=1500.0),400,0.014202166133057924,0.014202166133057924,0.0,147.1286269103682,149.28886787013408,146.37632272493357,1166.85,0.13629341001033363,2.161480366610209,-0.0005169595110819376,0.0012069510265063522,-0.0005169595110819376,0.0012069510265063522,0.0,0.0,3.3094832969017993,3.3427251975850676,3.2436904664090953,3.4668971257328094,0.43947361373305505,3.390306530268919,0.6000000000000796,1.4299903345889626,-5.289359993926844e-05,0.0012176809556634653,1.1240145245316846,0.06260421363128041
batched_greedy@10s,250,0.29858111572887847,0.061438451820109305,0.23714266390876912,321.03922120427205,362.833405728122,257.05815752964514,830.0,4.128830109233207e-05,40.93918052534147,-0.11137523109274225,0.00604144998726044,-0.3334865532702161,0.01516983509118085,0.2221113221774739,0.010307872743134563,8.348213076953286,14.542499446303491,-131.9905584533875,23.71561487569829,-190.79788409557355,15.07035636219142,131.95,8.950724159512873,-0.00019523903118755129,0.00012274267859603005,28.516871490373312,1.8211222866592276
batched_greedy@10s,300,0.2106646173564814,0.1705510030568158,0.040113614299665534,289.38927563541756,349.06988468913596,313.68425841930286,934.05,0.002339711079426413,13.339672787501035,-0.03797480853023617,0.010844278748117232,-0.07804639189513378,0.03273687695499701,0.04007158336489755,0.022327543828975557,20.332530902570788,8.622554079338757,-6.877464006147683,5.496453408435571,-38.703561189277494,13.557396378682158,45.14999999999999,13.472059987431921,-0.0014600773251537374,0.0006131340179066677,11.180613080554556,3.973848617874139
batched_greedy@10s,350,0.0789719866062385,0.07868963746135305,0.0002823491448854375,222.79112922224806,241.6785587652065,235.52785877160812,1089.7,0.03244294415941241,3.812215792937475,-0.003510912886025971,0.003480418289843623,-0.0037529264387849374,0.0035992743562996274,0.00024201355275895,0.000572271116067943,1.9366360918356555,5.117485463904012,0.4539070261574558,6.320328713541053,-5.380842739736973,6.4963978264137685,4.200000000000017,4.118986566758001,0.0003195592013325128,0.002877789600124966,2.6905061950705154,0.2898456419247707
batched_greedy@10s,400,0.014602004845053775,0.014602004845053775,0.0,147.26540157122287,149.43890428866143,143.8672413956387,1166.4,0.13766109166900783,3.601886794224572,-0.00011712079908608741,0.0007369109388830142,-0.00011712079908608741,0.0007369109388830142,0.0,0.0,3.446257957756437,3.159923003208116,3.393726884936477,3.24588350530961,-2.0696077155618315,3.274711467566496,0.15000000000006253,0.8745457039060498,0.0013147880587349448,0.0020070636514912124,2.564420952146047,0.05785315013276659
batched_greedy@10s+aware(V=900.0),250,0.28922880184054256,0.032031948776230404,0.25719685306431206,322.5188601237073,355.73659896664014,244.72770122664735,841.05,0.00024408269973755757,43.514984956207705,-0.12072754498107813,0.006887429053908897,-0.362893056314095,0.013035019698777007,0.2421655113330169,0.011518655325278584,9.827851996388574,15.926207863037332,-139.08736521486932,23.496885724755998,-203.1283403985713,11.801114988402615,143.0,9.624257246499287,7.555367457674187e-06,0.00021825705431166044,31.09267592123954,2.923437196112458
batched_greedy@10s+aware(V=900.0),300,0.17542563754350762,0.06266254401197921,0.11276309353152836,312.36768857676645,341.9862474802227,273.0658387701549,975.75,0.0014382053135589125,25.706173457871685,-0.07321378834320995,0.006509124286447641,-0.18593485093997036,0.025328852435335676,0.11272106259676036,0.019727193625933424,43.31094384391968,5.034956768007342,-13.96110121506095,5.971500046388696,-79.32198083842539,11.750219325541806,86.84999999999998,9.432175048731105,-0.002361583091021238,0.0009499686799175738,23.547113750925206,3.2101331767644066
batched_greedy@10s+aware(V=900.0),350,0.06962617470391444,0.05904640710018204,0.010579767603732387,245.49268765011493,260.3707081320804,243.76538268112873,1100.9499999999998,0.02690571399124455,7.332559311915727,-0.012856724788350024,0.00830661919871056,-0.023396156799955936,0.017753576593278315,0.0105394320116059,0.009722114840347344,24.638194519702548,7.720608677331713,19.14605639303133,5.686434280388681,2.856681169783627,8.24627934055465,15.44999999999996,10.319453535539548,-0.0052176709668353485,0.003968759082808599,6.210849714048768,2.678730821586132
batched_greedy@10s+aware(V=900.0),400,0.012887354576895875,0.012721318207838337,0.00016603636905752499,150.8562102630981,152.71581184621635,146.6283285005203,1168.45,0.13540446712388562,3.776969357748974,-0.0018317710672439878,0.0014903929315770329,-0.001997807436301525,0.0015202904572806366,0.00016603636905752499,0.00021121341829513483,7.0370666496316865,4.693747704119177,6.670634442491362,4.665330473587308,0.691479389319765,4.4070618999316515,2.2000000000000455,1.8403314487642275,-0.0009418364863872548,0.003230707783771129,2.739503515670449,0.16566486435324818
batched_greedy@10s+aware(V=1500.0),250,0.2925105961557857,0.039050579611009925,0.2534600165447757,323.45088408833453,359.85384219488884,248.63048775948602,837.2,5.3603427214563925e-05,43.27554878170706,-0.11744575066583504,0.0060824671462165565,-0.35587442547931547,0.01165509578236106,0.2384286748134805,0.009064662506191522,10.759875961015766,15.588737158115418,-134.9701219866206,22.60167101233385,-199.22555386573265,11.830630426984792,139.15000000000003,9.212827005641095,-0.00018292390506531944,0.00011777290872740108,30.8532397467389,2.6738847590957424
batched_greedy@10s+aware(V=1500.0),300,0.1856532121256239,0.09520840172407792,0.09044481040154596,310.43224896043955,349.1787395508944,288.3948672775888,963.75,0.0013046265438882375,22.43475423340041,-0.06298621376109365,0.01013371081676517,-0.15338899322787164,0.027786465393559345,0.09040277946677798,0.018309137177981556,41.37550422759274,5.242701250687247,-6.768609144389195,7.917630031561518,-63.99295233099153,13.002636747926202,74.85000000000002,13.596001949679808,-0.002495161860691913,0.0010384472373995198,20.27569452645393,3.180607922297271
batched_greedy@10s+aware(V=1500.0),350,0.07592540567903264,0.07212900209011831,0.0037964035889142874,234.49398645447064,252.0630121707469,241.71183631393882,1093.4,0.029356794960858763,5.294243342744232,-0.006557493813231824,0.005382642447707309,-0.010313561810019661,0.010712900158288966,0.0037560679967878,0.006013570028530961,13.639493324058208,6.270737313164366,10.838360431697883,6.120264239473815,0.8031348025937177,7.011826588700711,7.899999999999977,6.571905413147516,-0.002766589997221137,0.0015154900837187927,4.172533744877272,1.8036508722860924
batched_greedy@10s+aware(V=1500.0),400,0.01434048353878439,0.01434048353878439,0.0,149.53211577216575,151.67405553409267,145.92839175586914,1166.6999999999998,0.13606081044739293,3.6605599747605995,-0.00037864210535547467,0.0006991756871612486,-0.00037864210535547467,0.0006991756871612486,0.0,0.0,5.712972158699333,3.7001390346042,5.628878130367699,3.724939557540771,-0.008457355331406902,3.683233409362251,0.45000000000001705,0.827618488057491,-0.0002854931628799278,0.0025599782834330575,2.623094132682075,0.09352682134893021
optimal@10s,250,0.29623914242860744,0.05905068106516201,0.23718846136344537,321.5237208529669,362.81870234408433,256.53317853256584,832.75,3.48493388646243e-05,40.91381947790314,-0.11371720439301324,0.00539639420967452,-0.3358743240251634,0.012751498323880762,0.22215711963215018,0.010472991595554664,8.832712725648108,14.321833870052927,-132.0052618374251,21.94185741244019,-191.32286309265282,12.426038102208693,134.70000000000005,8.096649440616817,-0.00020167799341525903,0.00011290808805263975,28.491510442934977,2.019355748138296
optimal@10s,300,0.21327500066123212,0.16604795218175603,0.04722704847947605,296.38485163213784,356.87233898108553,317.5029969824009,931.0,0.0018754545664899252,14.579462821018197,-0.03536442522548544,0.011164596917194288,-0.08254944277019353,0.03335982201198152,0.047185017544708066,0.023111660231789795,27.328106899291022,7.62705776376675,0.924990285801897,7.157933478100049,-34.884822626179485,15.246384997540597,42.099999999999994,14.086890509967903,-0.0019243338380902251,0.0006085682485237586,12.420403114071718,3.935999617872464
optimal@10s,350,0.08133801406420077,0.08045063103741792,0.000887383026782825,227.96405575947148,247.84710523691507,241.35669690457536,1086.85,0.030305439696564015,3.9488276912159286,-0.0011448854280636965,0.004928369831474431,-0.001991932862720049,0.004731255411243481,0.0008470474346563375,0.002002948906237829,7.109562629059077,7.474069959728608,6.6224534978660365,8.09440677172108,0.44799539323027204,7.604821182526868,1.3499999999999943,5.813974475889127,-0.0018179452615158865,0.004401481088984536,2.827118093348969,0.6624673514681703
optimal@10s,400,0.014504850307086611,0.014504850307086611,0.0,147.88873693142602,150.06367857848898,144.52019091333077,1166.5,0.13727615406699087,3.5889179540160265,-0.00021427533705325075,0.0014990464056123757,-0.00021427533705325075,0.0014990464056123757,0.0,0.0,4.069593317959598,2.9442135430616365,4.018501174764005,2.9755275288318446,-1.4166581978697579,2.9798267920173034,0.25000000000005684,1.7869292409547812,0.0009298504567179892,0.0014276993148194291,2.5514521119375018,0.06399743201365575
optimal@10s+aware(V=900.0),250,0.2910845888491936,0.030994610259424224,0.26008997858976934,322.2945872220155,355.7749190180777,243.39006722506736,838.8499999999999,0.00022391172463439712,43.94863050392639,-0.11887175797242713,0.004578294847069057,-0.36393039483090117,0.01291005341812409,0.24505863685847412,0.010836977923616646,9.603579094696649,15.227409410098259,-139.0490451634318,22.271058395660535,-204.46597440015134,11.946592709718065,140.8,7.411072355892695,-1.2615607645486263e-05,0.00022133987379067328,31.526321468958223,2.7530171243904964
optimal@10s+aware(V=900.0),300,0.17529879360498862,0.06255656151800237,0.1127422320869862,315.991978368772,345.9287022089196,276.8096902575114,975.95,0.0010310448124950375,25.86984893056769,-0.07334063228172895,0.0077667794207209925,-0.1860408334339472,0.022860382068914345,0.11270020115221821,0.01583939887377006,46.935233635925194,3.9151211696391757,-10.018646486363998,6.158730158861545,-75.5781293510689,11.28753628536493,87.05000000000001,11.027420642913096,-0.0027687435920851124,0.0009470616936385452,23.710789223621212,2.6556053991282265
optimal@10s+aware(V=900.0),350,0.07015543958014445,0.05854876885188295,0.011606670728261438,249.02043309464193,263.9881673791838,246.51677696638922,1100.2999999999997,0.02545950187610184,7.655998340002287,-0.012327459912120023,0.007507799118301995,-0.023893795048255027,0.017896408049006957,0.011566335136134951,0.010961722282002543,28.1659399642295,6.659855785126114,22.76351564013476,5.216051402975793,5.608075455044123,8.51301532451507,14.799999999999955,9.312108697270954,-0.006663883081978062,0.0034338147891462595,6.5342887421353275,2.7405548941191293
optimal@10s+aware(V=900.0),400,0.012576895273722388,0.012453150347222676,0.0001237449264997,151.48599030956626,153.31952281766846,147.33227477644368,1168.8,0.13450102720801635,3.7511944776949235,-0.002142230370417475,0.0012908745682222768,-0.0022659752969171874,0.0014787084439335742,0.0001237449264997,0.00020300522220776534,7.666846696099835,4.248598831651398,7.274345413943482,4.224496959443579,1.3954256652431667,3.9863709734006583,2.5500000000000114,1.588125426417165,-0.001845276402256544,0.0022104246371859302,2.713728635616399,0.16211107435955982
optimal@10s+aware(V=1500.0),250,0.290901345405562,0.04134135260495729,0.24955999280060467,322.86772721308853,358.82200476636456,249.8955283546114,839.05,3.3362013374600184e-05,42.72331670578066,-0.11905500141605865,0.005939826722581986,-0.3535836524853681,0.011130666779588409,0.23452865106930948,0.008364851655648082,10.176719085769761,15.85829090258488,-136.00195941514488,22.936385255961337,-197.9605132706073,11.426522478662598,141.0,8.431563647209776,-0.00020316531890528315,0.00013273301223176687,30.301007670812496,2.59015075005066
optimal@10s+aware(V=1500.0),300,0.18789435488477152,0.09077586292556428,0.09711849195920719,314.4158378098637,353.6259959879758,290.7130255426014,961.1,0.000986699864001525,23.150863589531856,-0.060745071001946024,0.010429425803617562,-0.1578215320263853,0.02900201057798035,0.0970764610244392,0.019301701963668674,45.35909307701692,3.463791245434539,-2.321352707307817,8.04845429316629,-61.67479406597895,14.46048882383147,72.2,13.84120583432353,-0.0028130885405786253,0.001104278533916912,20.991803882585376,3.1281906238430444
optimal@10s+aware(V=1500.0),350,0.07751852746841112,0.07368006585519062,0.0038384616132204623,241.7020842531523,260.3108250707175,249.49865589224004,1091.5,0.025579248286295972,5.404492054472548,-0.004964372023853337,0.005493836386437,-0.008762498044947362,0.010956469812833077,0.003798126021093975,0.006065806457299672,20.84759112273987,5.9021967674161635,19.08617333166848,6.616558641260366,8.589954380894959,8.77171645874585,5.999999999999972,6.707249201751273,-0.0065441366717839235,0.0035091826287458727,4.282782456605588,1.6538863850630134
optimal@10s+aware(V=1500.0),400,0.014162403135293874,0.014122067543167374,4.03355921264875e-05,149.0892952839614,151.18931279822004,145.50419840216537,1166.9,0.1364715314452775,3.6355656666211305,-0.0005567225088459879,0.0018617200283419066,-0.0005970581009724879,0.0018933507904719,4.03355921264875e-05,9.537851934464729e-05,5.270151670495004,3.000132240727193,5.144135394495066,3.0734965461582022,-0.432650709035169,3.028798004284425,0.6500000000000625,2.203309987781194,0.00012522783500462133,0.001949100992648073,2.5980998245426057,0.08344800648636432
batched_greedy@30s,250,0.289584413059099,0.03788063613290037,0.2517037769261986,313.63099561550706,345.1378800395404,233.67845461739302,840.6,0.00010609022839554221,46.452434233747255,-0.12037193376252167,0.004969039504117628,-0.3570443689574251,0.012024572100418325,0.23667243519490339,0.011851595060282927,0.9399874881882724,15.976288822388234,-149.6860841419691,22.638521052557447,-214.17758700782568,11.034726293090142,142.55,7.3958325159894365,-0.00013043710388434114,0.00011692377368263337,34.030125198779096,2.5958336776625512
batched_greedy@30s,300,0.18511723248213036,0.10207973983132479,0.08303749265080554,293.3834416873047,330.18818137809353,270.94874676745627,964.35,0.0024565487967916876,25.34872398975247,-0.0635221934045872,0.009066811586020112,-0.14651765512062478,0.03387837367258281,0.08299546171603756,0.02562034817289124,24.326696954457894,6.414443585874711,-25.75916731719007,5.342788431320586,-81.43907284112403,13.703779260046723,75.45000000000003,12.25431829082463,-0.0013432396077884625,0.0010652838658158391,23.18966428280599,4.00218043819476
batched_greedy@30s,350,0.07319860719876335,0.07079455777420017,0.002404049424563163,226.00008496804418,241.91589422594535,222.98979816462827,1096.65,0.03467702254685437,11.240568092349708,-0.009284292293501112,0.005650859789711009,-0.011648006125937815,0.009463424761391961,0.0023637138324366755,0.004106276700295158,5.1455918376317875,3.512816305057974,0.6912424868963107,6.218201267500559,-17.918903346716817,8.262595027889155,11.149999999999977,7.022433559821376,0.002553637588774475,0.0025418902166584887,10.118858494482748,1.1168238674457298
batched_greedy@30s,400,0.014348430285478875,0.014348430285478875,0.0,155.37675426293663,157.43629694769146,140.80433123287165,1166.7,0.13964053436966045,10.41735918744229,-0.0003706953586609876,0.001708312316050305,-0.0003706953586609876,0.001708312316050305,0.0,0.0,11.55761064947021,3.1575229145818446,11.391119543966465,3.273229601453392,-5.132517878328887,3.2953573747246123,0.4500000000001023,2.033635774725183,0.0032942307593875828,0.00217620790447937,9.379893345363765,0.2199694430398053
batched_greedy@30s+aware(V=900.0),250,0.28802315051133887,0.02568346844049276,0.26233968207084607,312.7945104327213,340.1005312699401,228.69363787649294,842.4,0.000327487288594875,47.401248575228095,-0.12193319631028185,0.00489553830055672,-0.3692415366498326,0.010784042454633668,0.24730834033955085,0.010361531496709028,0.10350230540255012,16.48203972006328,-154.72343291156938,22.764658150642205,-219.16240374872572,11.104948696185401,144.35000000000002,6.524790000456924,9.095995631499165e-05,0.00021321016004353355,34.97893954025993,2.4022502238828713
batched_greedy@30s+aware(V=900.0),300,0.16736115228073137,0.04661691093061696,0.12074424135011437,300.7544384864311,322.66650652118165,249.31352568775964,985.3,0.0025176892792729373,30.888724976493393,-0.08127827360598619,0.007016130181372381,-0.20198048402133262,0.02399725854967264,0.12070221041534639,0.018706963495605515,31.697693753584332,4.0259743531044165,-33.28084217410199,6.087691555683991,-103.07429392082068,10.463227609753808,96.4,10.207479454604671,-0.0012820991253072126,0.0015571014623731074,28.729665269546913,2.8320543938157545
batched_greedy@30s+aware(V=900.0),350,0.06094210043729143,0.04493083583391978,0.016011264603371586,242.10407286052398,252.64217038551004,224.56910277919104,1111.25,0.029943844917162912,14.447809211247979,-0.021540799054973036,0.008471950257701283,-0.03751172806621819,0.01839086648038111,0.0159709290112451,0.010415630828507726,21.249579730111567,5.26953114948295,11.41751864646099,8.784853011948421,-16.33959873215407,12.902399915212873,25.74999999999997,10.62907337351547,-0.002179540040916986,0.0036761652663551696,13.326099613381018,2.2456139901509866
batched_greedy@30s+aware(V=900.0),400,0.013836493802572038,0.012878014556493376,0.0009584792460786375,158.34672257478218,160.115069862855,142.5734076854292,1167.3,0.13823992263526874,10.741240574022775,-0.0008826318415678253,0.0016737022885420713,-0.001841111087646488,0.0022851820218303203,0.0009584792460786375,0.001282941274840787,14.527578961315758,3.9854407177834537,14.06989245913002,3.7339006635040968,-3.3634414257713328,3.0951269174854743,1.0500000000000114,1.9899606141984247,0.0018936190249958587,0.0025384437575995326,9.703774731944252,0.39428495988005247
batched_greedy@30s+aware(V=1500.0),250,0.28770949421281544,0.029837271765224174,0.2578722224475912,314.2387840557492,344.05760427165126,232.35457565040792,842.8,0.0001627958980804746,46.96571210973153,-0.12224685260880526,0.004369909454221278,-0.36508773332510125,0.012238045429395014,0.24284088071629603,0.011262411809678356,1.5477759284303758,15.458049700725418,-150.76635990985824,23.134921496593947,-215.50146597481074,10.445066099512015,144.75,6.532131194472282,-7.373143419940877e-05,0.00011940702260841602,34.54340307476336,2.6173960373691876
batched_greedy@30s+aware(V=1500.0),300,0.17420563106556763,0.06685318721386951,0.10735244385169808,302.26202079931727,330.3999121970321,259.90333176609,977.2,0.0019035901196860125,29.377289658369474,-0.07443379482114991,0.007105071535884873,-0.18174420773808006,0.02312435625056907,0.1073104129169301,0.017983303548508838,33.205276066470425,4.155649849199529,-25.54743649825157,6.153742759136257,-92.48448784249031,10.613758455931809,88.30000000000001,10.219601659465955,-0.0018961982848941376,0.0015355256873808,27.218229951422995,2.689248127936374
batched_greedy@30s+aware(V=1500.0),350,0.06740518115833749,0.059209698698954226,0.008195482459383212,236.94493900087548,250.69225753108077,226.87821386818456,1103.6000000000001,0.03099937466498324,12.914213940474461,-0.015077718333926973,0.008638452709627627,-0.02323286520118375,0.01717088777434141,0.008155146867256725,0.008957301676115524,16.09044587046307,4.432052422981268,9.467605792031758,5.421249325120339,-14.030487643160512,9.326396961354684,18.099999999999994,10.760246718058655,-0.0011240102930966623,0.002163422064684641,11.7925043426075,2.231203946610882
batched_greedy@30s+aware(V=1500.0),400,0.014024235960221162,0.013816565252172126,0.000207670708049025,157.87836542447627,159.84341754027838,142.91163433351034,1167.1,0.13822061847857164,10.521860572483842,-0.0006948896839187001,0.0022127583078156154,-0.0009025603919677375,0.0022956963732486215,0.000207670708049025,0.00020371521052268477,14.05922181100987,3.955940817569427,13.798240136553382,3.933909557471981,-3.025214777690188,3.6572001132866587,0.8500000000000512,2.6599207652588848,0.0018743148682987733,0.0027285640712066297,9.484394730405317,0.26316658438332036
optimal@30s,250,0.28875821506927224,0.03539908411443456,0.2533591309548377,313.7192551251669,344.3926699056493,233.24920414720708,841.5999999999999,3.189757700018933e-05,46.65205609257815,-0.1211981317523484,0.005361820250481121,-0.35952592097589087,0.012438654895143187,0.23832778922354247,0.009932555863233323,1.028246997848143,15.733557640327414,-150.43129427586013,22.820929744830057,-214.60683747801164,10.654887273943869,143.55,8.105893108648011,-0.000204629755279694,0.00011946184184636278,34.229747057609984,2.567213160374527
optimal@30s,300,0.18362295960265662,0.09159360554900442,0.09202935405365215,302.04946766742944,337.25153265202994,272.9431648532865,966.05,0.0012039759511156376,27.133373369143214,-0.06501646628406095,0.006546245187607443,-0.15700378940294518,0.026778504291957682,0.09198732311888416,0.02090133764564962,32.992722934582666,3.1223737212285103,-18.69581604325372,7.533469361072083,-79.44465475529384,13.611281447539739,77.15,9.240530262118314,-0.0025958124534645128,0.0010075820759085509,24.974313662196735,3.178671942516985
optimal@30s,350,0.07214766786076607,0.06888222964394242,0.003265438216823625,235.66774907306007,251.98474424191193,232.42600142437064,1097.9,0.02943503320364106,11.434004948824033,-0.010335231631498385,0.006425655444284008,-0.013560334256195551,0.011173047228728188,0.0032251026246971374,0.005151070700959274,14.813255942647668,4.2555517313169995,10.760092502862918,5.6917171738615195,-8.48270008697445,8.048085179109584,12.400000000000006,7.9518103231063915,-0.0026883517544388363,0.00202330345385936,10.312295350957072,1.4870519837647673
optimal@30s,400,0.01341657336311815,0.013373499620871412,4.3073742246725e-05,155.06745226497495,156.99507718795257,140.33630049110775,1167.8,0.13885983086386924,10.402551746691291,-0.0013025522810217126,0.0013512821251434424,-0.00134562602326845,0.0013915468686225556,4.3073742246725e-05,0.00010185321552346256,11.248308651508527,3.1572044354609985,10.949899784227586,3.2784436309305556,-5.6005486200927574,3.231707147251817,1.5500000000000398,1.6229514247373815,0.002513527253596359,0.0013596437970772926,9.365085904612766,0.21073371082485898
optimal@30s+aware(V=900.0),250,0.2850271225452375,0.023078026656874473,0.261949095888363,314.450377479517,342.30255528936857,229.3388535991434,845.95,0.00024981040000160003,47.500629993012,-0.12492922427638321,0.004373438133402239,-0.37184697843345094,0.011459040087822668,0.2469177541570678,0.011434501146349878,1.7593693521981848,14.442748753234353,-152.5214088921409,21.064887206955763,-218.5171880260753,10.23248628791596,147.90000000000003,6.082057335075657,1.3283067721716664e-05,0.00013265365916603623,35.07832095804383,2.2275614233587686
optimal@30s+aware(V=900.0),300,0.1677482124381391,0.043080616101796546,0.12466759633634247,306.97991510442637,329.7361693819462,253.75533002147043,984.85,0.0015906819778479,31.578525564638515,-0.08089121344857846,0.0068603321985071485,-0.20551677885015301,0.024357918650236902,0.12462556540157449,0.018414852209497783,37.923170371579566,4.5540637472392085,-26.211179313337446,7.844088381844031,-98.63248958710989,11.83721854807157,95.95000000000002,10.09643923196382,-0.00220910642673225,0.0011919522713910121,29.419465857692035,2.8856695988613805
optimal@30s+aware(V=900.0),350,0.061559529286631005,0.04509511949025301,0.016464409796377963,249.45667225799798,260.5527487990323,232.13447512359164,1110.55,0.025788827651031687,14.602327505678826,-0.020923370205633448,0.009481288174787474,-0.03734744440988497,0.0199825056071551,0.016424074204251474,0.010839880143004712,28.602179127585583,4.409287708282166,19.32809705998329,7.623453242837523,-8.77422638775344,13.067392965940883,25.049999999999983,11.897121984609086,-0.006334557307048212,0.002681232578053114,13.480617907811865,2.672635634682343
optimal@30s+aware(V=900.0),400,0.011070082405220663,0.010445623496068125,0.000624458909152525,159.17164284880485,160.6369834751084,143.25897308171932,1170.6,0.13564459447952215,10.664113958140966,-0.0036490432389191998,0.0015600921190653905,-0.004273502148071737,0.002003815303538348,0.000624458909152525,0.0006368527066455963,15.352499235338438,4.673929913525787,14.591806071383424,4.449917143629893,-2.67787602948121,3.816217634063648,4.35000000000008,1.953500232520622,-0.0007017091307507176,0.0028794272581431175,9.626648116062443,0.3696479540256026
optimal@30s+aware(V=1500.0),250,0.2864356218988627,0.025959635719938288,0.2604759861789243,316.10464753889664,345.10538389967155,230.96052397392288,844.3,8.746653567121322e-05,47.81161533136582,-0.12352072492275802,0.005250606833338819,-0.36896536937038715,0.010281005699883258,0.24544464444762912,0.010911865794886382,3.4136394115778685,15.749530811584641,-149.7185802818379,22.815477193610626,-216.8955176512958,10.712763274619137,146.25,7.254068866296394,-0.00014906079660867015,0.00013327860426684044,35.38930629639766,2.817036753559027
optimal@30s+aware(V=1500.0),300,0.17299256832140597,0.058880808275544434,0.1141117600458615,307.6200372964662,334.7259511618248,261.7199213498639,978.7,0.0010063860521429126,30.318755015136205,-0.07564685756531159,0.009037445373841529,-0.18971658667640515,0.025970670932096374,0.1140697291110935,0.018057692407065708,38.56329256361939,2.7021294058480043,-21.221397533458862,7.315981142002722,-90.6678982587164,13.301594420558592,89.8,12.588788967525234,-0.0027934023524372378,0.0009284103228409533,28.159695308189725,2.9484890446899206
optimal@30s+aware(V=1500.0),350,0.06855442885277077,0.0579652859414498,0.010589142911320936,250.59018708533654,265.1557843643045,239.74572040424488,1102.2,0.024414074865219824,13.35333520850281,-0.013928470639493684,0.007538704210608891,-0.024477277958688176,0.016344459233764964,0.010548807319194449,0.009315123853483084,29.73569395492414,2.157660341913197,23.931132625255493,6.349051087768485,-1.162981107100208,10.928726275272908,16.69999999999996,9.342510420521679,-0.007709310092860074,0.0024871424965352547,12.23162561063585,2.064054667045738
optimal@30s+aware(V=1500.0),400,0.012532685039134212,0.012243035263160049,0.00028964977597414996,159.03198782848358,160.81853385159206,143.88301579570583,1168.85,0.13605398937937396,10.503223107109878,-0.00218644060500565,0.0010146258077384578,-0.002476090380979812,0.001121283835384964,0.00028964977597414996,0.00034560330078155504,15.212844215017157,4.657906505218257,14.773356447867105,4.586143688200966,-2.053833315494698,4.352204240497031,2.6000000000000796,1.2384079569202584,-0.0002923142308989147,0.003063721215155897,9.465757265031357,0.28337626928068244
optimal@10s+aware(V=1500.0) belief=pessimistic(400s),250,0.28786875427136066,0.026838741478559087,0.2610300127928016,321.7918856632475,352.6021026164449,240.87671472850332,842.65,0.0005079639983433626,44.210186733302436,-0.12208759255026,0.006323631640397742,-0.36808626361176633,0.011411735084663487,0.24599867106150636,0.012137228285978043,9.100877535928745,15.032561647805151,-142.2218615650646,22.223867992034663,-206.97932689671535,11.13520501641774,144.60000000000002,9.005107962039634,0.0002714366660634792,0.0002746294086562309,31.78787769833427,2.7910127057215677
optimal@10s+aware(V=1500.0) belief=pessimistic(400s),300,0.16787539313164757,0.04734990700844726,0.12052548612320024,311.34243782418224,336.17873216303155,265.50219315687025,984.7,0.0018278474372746753,26.6255863803397,-0.08076403275506999,0.00689075584111092,-0.2012474879435023,0.022848473532994372,0.12048345518843226,0.01676100071390913,42.285693091335446,2.9732436271430194,-19.768616532252125,6.821357338450989,-86.8856264517101,11.385848765755302,95.80000000000001,10.187113041419403,-0.001971940967305475,0.000844049447101007,24.46652667339322,2.549512913994251
optimal@10s+aware(V=1500.0) belief=pessimistic(400s),350,0.06431202988552887,0.046898232128731586,0.01741379775679725,251.7211447147451,263.83552222186097,242.89250626007384,1107.25,0.025139154293520663,8.86571712297791,-0.018170869606735585,0.008806100013966648,-0.03554433177140639,0.017848094874628212,0.017373462164670762,0.009541791159093326,30.866651584332647,5.666432136951976,22.61087048281197,7.309854808213136,1.9838047487287511,11.500128813770617,21.75,11.075124981002812,-0.006984230664559237,0.0031138123748870074,7.744007525110952,2.3897678175497497
optimal@10s+aware(V=1500.0) belief=pessimistic(400s),400,0.012128667013906812,0.01154590878130225,0.0005827582326045624,153.4486768343833,155.12041615145813,148.2744915606388,1169.35,0.13412922249715525,4.012272945472502,-0.0025904586302330506,0.0014490612310481023,-0.0031732168628376125,0.0019124968084478571,0.0005827582326045624,0.0006414914331439862,9.629533220916866,5.322379561833564,9.07523874773316,5.056322486894893,2.337642449438281,3.997910300156622,3.1000000000000796,1.8030606025179992,-0.0022170811131176065,0.003131320654584981,2.974807103393978,0.39857599645908964
optimal@10s+aware(V=1500.0) belief=optimistic(900s),250,0.2952268054742656,0.05166918996853119,0.24355761550573435,321.64073095116606,362.00642689347626,255.20865762597217,833.95,2.665414256255463e-05,41.185301939550605,-0.11472954134735511,0.005954242318731586,-0.3432558151217942,0.017809789917674963,0.22852627377443915,0.015529099675239974,8.949722823847267,14.275637854742794,-132.81753728803315,23.583270330699268,-192.64738399924653,15.00524216923504,135.90000000000003,8.694158220659407,-0.00020987318971732872,0.00013962070156061374,28.76299290458244,2.15478695897574
optimal@10s+aware(V=1500.0) belief=optimistic(900s),300,0.20563484071235655,0.14122690065419288,0.06440794005816365,304.49515242198936,358.8460315258308,311.1989816928917,940.0,0.0014721073300065501,17.359638164559623,-0.04300458517436103,0.008305609767774304,-0.1073704942977567,0.029766317900525464,0.06436590912339567,0.022365449837440224,35.438407689142565,6.158736388790708,2.8986828305471803,7.2656540390089726,-41.18883791568855,13.659202628713293,51.10000000000002,10.748362684095905,-0.0023276810745736,0.0008361722493971901,15.200578457613144,3.4566713459703085
optimal@10s+aware(V=1500.0) belief=optimistic(900s),350,0.0823422725966946,0.08084605111576765,0.0014962214809269502,233.48638119969738,253.85992875631814,246.4512728124081,1085.7,0.029084159387147163,4.2553877947323375,-0.00014062689556985052,0.004272657757785061,-0.0015965127843703374,0.005652095589102413,0.0014558858888004628,0.003216865928502386,12.63188806928498,8.23264769041844,12.6352770172691,8.856251482272055,5.542571301063013,7.731128316766738,0.20000000000001705,5.020900519464708,-0.0030392255709327373,0.0028175580251214778,3.133678196865378,1.1225698965486068
optimal@10s+aware(V=1500.0) belief=optimistic(900s),400,0.014179183576273326,0.014179183576273326,0.0,148.49139588839944,150.60348626332825,145.0393557412427,1166.9,0.13694829338948306,3.5997913931247334,-0.000539942067866538,0.0012901110337871738,-0.000539942067866538,0.0012901110337871738,0.0,0.0,4.672252274933026,2.1907048204103123,4.558308859603294,2.266250851666217,-0.8974933699578287,2.279743189741642,0.6500000000000625,1.5473648075741828,0.0006019897792101814,0.0014644250165788374,2.5623255510462086,0.06395936852140414
