arm,seed,drivers.num_drivers,requests,completed,completion_rate,cancel_rate,cancel_no_match_rate,cancel_eta_rate,wait_mean_s,wait_p50_s,wait_p90_s,wait_all_mean_s,completed_per_hour,time_to_match_mean_s,pickup_mean_s,driver_idle_frac,driver_enroute_frac,driver_ontrip_frac,batches,batch_riders_mean,solve_ms_mean,solve_ms_p99,decline_rate,shadow_gap_s_per_batch,shadow_gap_frac,shadow_worse_batches_frac
immediate_greedy,0,300,2809,2006,0.7141331434674262,0.2858668565325739,0.010323958704165184,0.2755428978284087,394.8321166545134,374.7742585468063,616.4000425268364,287.29791957006603,802.4,1.9800037492681568,392.85211290524524,0.06118118208517345,0.2494522221568302,0.6893665957579963,3350,3.3480597014925375,0.06655208955146633,0.17165299985663288,0.052191464821222604,,,
immediate_greedy,1,300,2809,1992,0.7091491634033464,0.2908508365966536,0.006051975792096832,0.2847988608045568,390.84650938333925,374.20701417314376,606.6362550733571,280.2845861761495,796.8,0.9998247736573985,389.8466846096819,0.06984427805201274,0.24497070443778088,0.6851850175102063,3214,2.436527691350342,0.05664663969914413,0.14950000013413955,0.051407237219988515,,,
immediate_greedy,2,300,2809,1982,0.7055891776432894,0.29441082235671057,0.00533997864008544,0.2890708437166251,398.51197842936625,382.25963343580133,627.6373681251364,284.53815847974994,792.8,1.4685987986168922,397.0433796307493,0.06939631420042675,0.24728359840807754,0.6833200873914956,3306,2.487900786448881,0.05710308529887478,0.1498549999951136,0.05352032054951345,,,
immediate_greedy,3,300,2809,2024,0.7205411178355287,0.27945888216447134,0.00711997152011392,0.27233891064435745,395.3320911907609,376.67547802756917,616.9613645427288,287.77236665332674,809.6,1.4405766348673408,393.8915145558936,0.06383484893505789,0.24943833894987555,0.6867268121150666,3238,2.3292155651636812,0.05574459542346427,0.15439300011621537,0.048168445341794056,,,
immediate_greedy,4,300,2809,2001,0.7123531505873977,0.2876468494126023,0.008187967248131008,0.27945888216447134,388.06818849211135,373.26617624862047,607.3982327633967,279.8368915996095,800.4,1.0755532517164201,386.9926352403949,0.06659756322650541,0.2453104809956483,0.6880919557778462,3340,2.5290419161676647,0.05692613772075974,0.13934900007825501,0.052313883299798795,,,
immediate_greedy,5,300,2809,1995,0.7102171591313635,0.28978284086863654,0.006763972944108224,0.2830188679245283,399.16770949787406,382.5209908637139,614.3610208477969,287.37001371959013,798.0,1.2105362112143543,397.95717328665967,0.05658921980690637,0.25036981002541914,0.6930409701676745,3260,2.5322085889570554,0.057346595096610956,0.138233000011496,0.05030181086519115,,,
immediate_greedy,0,350,2809,2308,0.8216447134211463,0.1783552865788537,0.008187967248131008,0.17016731933072268,327.283600591354,316.26078804982853,518.3486587417003,272.1596217643405,923.2,0.44814844358816486,326.83545214776586,0.11708757389749017,0.20991342013620262,0.6729990059663074,3499,2.2409259788511005,0.05726773364002022,0.13822000004438448,0.0457043679490888,,,
immediate_greedy,1,350,2809,2306,0.8209327162691349,0.17906728373086508,0.004983980064079744,0.17408330366678534,329.7564007175092,312.8239069499541,519.1115819381248,273.05381356225774,922.4,0.3970055836371772,329.359395133872,0.1134979789790165,0.2103319671979733,0.6761700538230102,3449,2.0518991011887504,0.05340426210240601,0.13035200005106162,0.050774526678141134,,,
immediate_greedy,2,350,2809,2311,0.8227127091491634,0.1772872908508366,0.004271982912068352,0.17301530793876824,326.63522663422134,307.3647648144797,518.4495744075339,270.4524322316416,924.4,0.48520500074264467,326.1500216334787,0.11234485065702117,0.2105660042652288,0.67708914507775,3427,1.9349285088999124,0.05609077910771473,0.14487400004327353,0.05181792155740052,,,
immediate_greedy,3,350,2809,2319,0.825560697757209,0.17443930224279103,0.006763972944108224,0.1676753292986828,321.7293283468217,310.06750624050983,509.26238903744525,267.7754408121844,927.6,0.2645321547933161,321.4647961920284,0.11216408040853643,0.20668889405735108,0.6811470255341125,3428,1.8938156359393232,0.05472966744857316,0.13431699980174022,0.04949640287769784,,,
immediate_greedy,4,350,2809,2301,0.8191527233891065,0.18084727661089356,0.006763972944108224,0.17408330366678534,327.2244111401485,314.592731653579,515.3918288129316,270.8491668178328,920.4,0.3715187699494359,326.8528923701991,0.11423332708004742,0.20978424459027525,0.6759824283296773,3581,2.131806757888858,0.05691616867124731,0.12844000020777435,0.04840103716508211,,,
immediate_greedy,5,350,2809,2303,0.8198647205411178,0.18013527945888216,0.00533997864008544,0.1747953008187967,326.4799868579411,314.72966752672073,513.0666783600703,269.5653395610631,921.2,0.20879905016453795,326.27118780777664,0.11334439510215302,0.2096625797239558,0.6769930251738913,3352,1.863961813842482,0.05488466587736631,0.1325859999133169,0.049152055188272495,,,
immediate_greedy,0,400,2809,2461,0.8761124955500178,0.1238875044499822,0.005695977216091136,0.11819152723389106,290.8252685416301,274.36276309766345,479.55598340473443,257.26758840300556,984.4,0.338488529416446,290.48678001221367,0.19272480435055128,0.1785783016347894,0.6286968940146593,3674,1.9978225367446925,0.056447713664529026,0.13202399999954648,0.042848870874348584,,,
immediate_greedy,1,400,2809,2478,0.8821644713421146,0.11783552865788537,0.004271982912068352,0.11356354574581702,278.89637819767967,264.76893185026256,450.49571908860054,247.75652704827547,991.2,0.2524278019749434,278.64395039570474,0.1949052013447513,0.17144029363717794,0.6336545050180707,3521,1.8719113888099972,0.05413967623115918,0.12958000006619844,0.04992826398852224,,,
immediate_greedy,2,400,2809,2502,0.8907084371662514,0.10929156283374866,0.00355998576005696,0.1057315770736917,274.06592440747363,262.6405087910407,439.7403576282389,245.60059875085008,1000.8,0.3116702283227869,273.75425417915085,0.18817316130109493,0.17145287850721436,0.6403739601916908,3531,1.7706032285471538,0.05345712262524595,0.13530000014725355,0.05392296718972896,,,
immediate_greedy,3,400,2809,2497,0.8889284442862229,0.11107155571377715,0.00711997152011392,0.10395158419366322,278.3750104232411,263.56563593941337,449.5398188083603,249.38300374172184,998.8,0.20347360133725018,278.1715368219039,0.18947660692074417,0.17233436649086012,0.6381890265883957,3662,1.7670671764063353,0.054089486620855984,0.12281700025141613,0.05058924978442081,,,
immediate_greedy,4,400,2809,2472,0.8800284798860805,0.11997152011391954,0.006407974368102528,0.11356354574581702,286.82888060487255,275.2585943796357,471.2344675109166,254.2254195186828,988.8,0.26795049052288933,286.5609301143497,0.18961862194148277,0.17627691172178478,0.6341044663367325,3564,1.8703703703703705,0.04959273288657725,0.128347999784637,0.05083285468121769,,,
immediate_greedy,5,400,2809,2476,0.8814524741901032,0.11854752580989676,0.004983980064079744,0.11356354574581702,281.0811721139589,269.0232078383963,453.37678807945986,249.47071447076334,990.4,0.1390055515911503,280.9421665623678,0.19280869739352127,0.1734624352192831,0.6337288673871956,3502,1.7984009137635637,0.048525042839126946,0.11919399997168499,0.04557254110181713,,,
immediate_greedy,0,450,2809,2551,0.9081523673905304,0.09184763260946956,0.004983980064079744,0.08686365254538982,261.87193704774535,245.548408982384,440.56729842927734,239.84671416565428,1020.4,0.23285056725576006,261.63908648048954,0.2718917729411633,0.14986311224762947,0.5782451148112072,3656,1.8884026258205688,0.049005634568867154,0.12833500009037374,0.04696053010659752,,,
immediate_greedy,1,450,2809,2574,0.9163403346386615,0.08365966536133855,0.004271982912068352,0.0793876824492702,253.70285820516702,242.1512078285191,420.8339057723835,234.0939821132418,1029.6,0.2110860297848957,253.4917721753821,0.2669304745283139,0.14658148242366426,0.5864880430480218,3624,1.830298013245033,0.04824337748568001,0.12120899976252983,0.056141350812197205,,,
immediate_greedy,2,450,2809,2593,0.9231043075827696,0.07689569241723034,0.00355998576005696,0.07333570665717337,243.43187209673744,228.18232090499168,412.0452638485001,225.99558284489882,1037.2,0.13725360851134982,243.29461848822612,0.2690426265850239,0.14307886294358504,0.587878510471391,3558,1.650646430578977,0.04677144463392144,0.12210000022605527,0.05607742670082551,,,
immediate_greedy,3,450,2809,2587,0.9209683161267355,0.07903168387326451,0.006051975792096832,0.07297970808116767,246.96836897004826,233.2292285997646,415.4826796861086,229.20017850916963,1034.8,0.19031949761722766,246.77804947243106,0.2712397904725877,0.14316781223285033,0.5855923972945619,3748,1.715314834578442,0.04650811099688725,0.11661800018373454,0.04863309352517985,,,
immediate_greedy,4,450,2809,2568,0.9142043431826272,0.08579565681737274,0.00533997864008544,0.08045567817728728,256.0595741300117,243.95549378665282,427.5455780887167,235.66065599060903,1027.2,0.2789416695860649,255.78063246042566,0.27011221915439776,0.1480909520886888,0.5817968287569134,3704,1.8112850971922245,0.047462230021062105,0.12199999991935329,0.04750935790382954,,,
immediate_greedy,5,450,2809,2556,0.9099323602705589,0.09006763972944108,0.004983980064079744,0.08508365966536134,247.27438480035383,236.90376727117382,410.6336733602516,226.64830057017605,1022.4,0.16309799900191604,247.1112868013519,0.2758331585601927,0.14275730941836107,0.5814095320214462,3565,1.7966339410939691,0.04743955118800462,0.12206000003061503,0.05267678213569997,,,
immediate_greedy,0,500,2809,2623,0.9337842648629405,0.06621573513705944,0.004983980064079744,0.06123175507297971,238.79984780202565,226.70224940805065,402.8998384119118,224.96882127567463,1049.2,0.10556650624647708,238.69428129577923,0.3341308734310324,0.1290988836137229,0.5367702429552447,3709,1.8285252089511999,0.051749932605671095,0.12455199932446707,0.04612280196021908,,,
immediate_greedy,1,500,2809,2621,0.9330722677109291,0.06692773228907084,0.004271982912068352,0.0626557493770025,230.8583800928926,220.2836492146389,387.9187316091302,216.94757060495866,1048.4,0.22904235910058693,230.62933773379197,0.34166456979633103,0.12333393803305166,0.5350014921706173,3717,1.7839655636265805,0.050175248853790204,0.11637199961114686,0.055872291904218926,,,
immediate_greedy,2,500,2809,2619,0.9323602705589178,0.06763972944108224,0.00355998576005696,0.06407974368102527,226.00896592772034,209.6348661720349,390.93781747738,211.949961233592,1047.6,0.11023507609299699,225.89873085162733,0.3414551799281734,0.12161408512202586,0.5369307349498007,3637,1.6139675556777564,0.050387379714692856,0.11687600002915122,0.05500142490738102,,,
immediate_greedy,3,500,2809,2605,0.927376290494838,0.07262370950516198,0.006763972944108224,0.06585973656105376,227.1489764840622,214.18446051957017,388.910260689276,212.56160665594163,1042.0,0.212883205886255,226.93609327817597,0.3470675604656178,0.12055730601409158,0.5323751335202905,3945,1.7252217997465147,0.052908871991391514,0.12413599994033572,0.056269637246501,,,
immediate_greedy,4,500,2809,2612,0.9298682805268779,0.0701317194731221,0.00533997864008544,0.06479174083303667,239.073682718478,226.06122529454046,406.3077436499895,223.85699734228697,1044.8,0.23223742473214623,238.84144529374583,0.340319559866286,0.1277927006647113,0.5318877394690027,3721,1.8094598226283256,0.05483633432039807,0.13393999979598453,0.05078909612625538,,,
immediate_greedy,5,500,2809,2604,0.9270202919188323,0.07297970808116767,0.004983980064079744,0.06799572801708793,227.95061034059086,210.3656650082928,394.4121065823918,213.01067647025909,1041.6,0.11103873314037307,227.83957160745047,0.34497015858354096,0.12185966780927263,0.5331701736071864,3734,1.7691483663631495,0.05529006427340828,0.1313339998978336,0.050229621125143516,,,
batched_greedy@10s,0,300,2809,2017,0.7180491278034888,0.2819508721965112,0.011391954432182272,0.27055891776432894,390.37092612407156,368.8816758490484,615.1761357698002,287.1989119004939,806.8,6.822012890431334,383.54891323364023,0.06719175392849278,0.24458610342383036,0.6882221426476769,1086,5.496316758747698,0.06635828728792666,0.16108499985421112,0.054419809962568386,,,
batched_greedy@10s,1,300,2809,2036,0.724813100747597,0.27518689925240297,0.007475970096119616,0.26771092915628336,377.9484360066514,361.38417799506715,590.8794514277324,278.99277525443006,814.4,6.5363457760314345,371.4120902306199,0.06722203352138569,0.23730660386903926,0.695471362609575,1069,4.83910196445276,0.06723236668462718,0.15423199994984316,0.04488850275123081,,,
batched_greedy@10s,2,300,2809,1990,0.708437166251335,0.291562833748665,0.006763972944108224,0.2847988608045568,397.5932364209359,381.95220700468167,619.5583424133391,287.6319640606974,796.0,7.726130653266332,389.86710576766956,0.07149666269947295,0.24315291435415187,0.6853504229463752,1077,5.2748375116063135,0.0667383472550146,0.16995599995425445,0.055507868383404865,,,
batched_greedy@10s,3,300,2809,2017,0.7180491278034888,0.2819508721965112,0.010323958704165184,0.271626913492346,398.7240012862167,379.62958608447116,622.1509679697531,292.38342856965295,806.8,9.038175508180466,389.68582577803625,0.06200776204824709,0.24377508186403868,0.6942171560877143,1070,5.45981308411215,0.06773794390691339,0.16350600008081514,0.05131161718074373,,,
batched_greedy@10s,4,300,2809,1997,0.7109291562833748,0.2890708437166251,0.009611961552153792,0.27945888216447134,395.9353462419468,375.9095710924312,616.1310653640023,287.7933423146984,798.8,7.864797195793691,388.0705490461531,0.06375221675715627,0.24261841342952895,0.6936293698133148,1070,5.465420560747663,0.06746644860604901,0.174562000493097,0.049364896073903,,,
batched_greedy@10s,5,300,2809,2001,0.7123531505873977,0.2876468494126023,0.006407974368102528,0.28123887504449985,403.96784258017544,381.6440266887348,626.6290940664921,293.20818298663596,800.4,7.637181409295352,396.3306611708801,0.06145299696451147,0.24710931401723768,0.6914376890182509,1060,5.055660377358491,0.0674678301870785,0.1627509999070754,0.05219386291941497,,,
batched_greedy@10s,0,350,2809,2308,0.8216447134211463,0.1783552865788537,0.0088999644001424,0.1694553221787113,329.876006662798,314.1571812632519,525.1760058434083,275.49640558065556,923.2,5.385181975736568,324.4908246870615,0.11845309177517478,0.20914613266336735,0.6724007755614579,1062,4.6525423728813555,0.07912919020674376,0.18653099938092083,0.04852686308492201,,,
batched_greedy@10s,1,350,2809,2310,0.8223567105731577,0.1776432894268423,0.004983980064079744,0.17265930936276255,327.16503256507406,316.0455070717551,507.99469362929386,272.00340870740274,924.0,5.316883116883117,321.8481494481909,0.1165185798976823,0.20610018125822469,0.677381238844093,1055,4.163033175355451,0.07908587676908968,0.2005760003885371,0.04639769452449568,,,
batched_greedy@10s,2,350,2809,2318,0.8252046991812033,0.1747953008187967,0.004983980064079744,0.16981132075471697,330.6125297170604,316.26715380253677,518.7047867731727,275.85923340881425,927.2,5.448231233822261,325.1642984832381,0.10922452683153773,0.20844557174437386,0.6823299014240884,1065,4.232863849765258,0.07847145540106051,0.18388800031971103,0.0505166475315729,,,
batched_greedy@10s,3,350,2809,2325,0.8276966892132431,0.17230331078675684,0.007831968672125312,0.16447134211463155,326.28644323238103,317.7898919628533,502.03029730356246,273.2826203437223,930.0,5.04,321.246443232381,0.11294920842850671,0.20584007087901615,0.6812107206924771,1055,4.104265402843602,0.07989109005320125,0.18219999947177712,0.050359712230215826,,,
batched_greedy@10s,4,350,2809,2301,0.8191527233891065,0.18084727661089356,0.008543965824136704,0.17230331078675684,329.01643671896164,313.76079646105154,518.6799883724489,273.1512403308351,920.4,5.270317253368101,323.74611946559355,0.11813102409624025,0.20736045297586733,0.6745085229278925,1064,4.327067669172933,0.08069464287220221,0.18453999974553859,0.049293744594984146,,,
batched_greedy@10s,5,350,2809,2312,0.823068707725169,0.1769312922748309,0.006051975792096832,0.17087931648273408,324.61665793163064,312.4851055755146,517.6877447087222,270.39644144238645,924.8,5.231833910034602,319.38482402159605,0.11850908205085013,0.20485272143093522,0.6766381965182147,1055,4.17914691943128,0.08292094787639445,0.19928799962144722,0.046437842515142776,,,
batched_greedy@10s,0,400,2809,2469,0.8789604841580634,0.12103951584193663,0.006407974368102528,0.1146315414738341,288.84954569744593,273.9021047813094,467.8496545533737,256.928429309221,987.6,5.054678007290401,283.79486769015557,0.19586085976609552,0.17465025406548035,0.6294888861684241,1071,4.2296918767507,0.08824351074598756,0.1929300000483634,0.048428942058230035,,,
batched_greedy@10s,1,400,2809,2488,0.8857244571021716,0.1142755428978284,0.003915984336062656,0.11035955856176576,283.9462982161077,271.79903662169545,457.66369611068166,253.59211122819536,995.2,5.118971061093248,278.8273271550145,0.1910170102568437,0.1718878372239057,0.6370951525192506,1052,3.991444866920152,0.08939600759112538,0.194646999680117,0.05073086844368014,,,
batched_greedy@10s,2,400,2809,2507,0.8924884300462799,0.10751156995372019,0.00355998576005696,0.10395158419366322,282.3346656601226,266.10557775226835,453.6802347672747,254.0498319453592,1002.8,5.13841244515357,277.196253214969,0.18537486668939832,0.17313448546810697,0.6414906478424948,1049,3.979027645376549,0.0853105815148869,0.19757999994908457,0.05419281232173417,,,
batched_greedy@10s,3,400,2809,2506,0.8921324314702741,0.10786756852972589,0.008187967248131008,0.09967960128159488,277.4524489344347,261.9880307906333,449.4192851293585,250.28215248160694,1002.4,5.014764565043895,272.4376843693908,0.19109504807382807,0.16980357751249672,0.6391013744136752,1054,4.0588235294117645,0.08902333966172411,0.19107599991912141,0.05418577981651376,,,
batched_greedy@10s,4,400,2809,2444,0.870060519757921,0.12993948024207902,0.006763972944108224,0.1231755072979708,288.37782805471664,275.9412535469896,473.2109612901619,253.56039349650817,977.6,5.133387888707038,283.2444401660096,0.19955369341495263,0.17238583524082043,0.6280604713442269,1057,4.139072847682119,0.08713093661913285,0.18937600016215586,0.04949640287769784,,,
batched_greedy@10s,5,400,2809,2476,0.8814524741901032,0.11854752580989676,0.004627981488074048,0.11391954432182272,287.6384354264868,272.15138488862794,462.0420972852894,255.7915473773712,990.4,5.032714054927302,282.6057213715595,0.19003345800144575,0.17385099217039005,0.6361155498281641,1049,3.9761677788369876,0.0880878932374243,0.19710799970198423,0.05130409859558613,,,
batched_greedy@10s,0,450,2809,2559,0.911000355998576,0.08899964400142399,0.00533997864008544,0.08365966536133855,265.73940819555486,251.4059301902421,446.78250541173446,244.7348084159857,1023.6,4.969519343493552,260.7698888520613,0.2706363195646418,0.14910483101725647,0.5802588494181018,1054,4.079696394686907,0.09224753320866916,0.20515599982900326,0.046424452133794696,,,
batched_greedy@10s,1,450,2809,2573,0.9159843360626557,0.08401566393734425,0.003915984336062656,0.0800996796012816,252.78016294373447,241.82282128480983,417.4595687619819,233.49170869795424,1029.2,5.088612514574427,247.69155042916003,0.2709158705069105,0.14304794444182842,0.5860361850512611,1052,3.967680608365019,0.09530342207698986,0.20094699991204834,0.051531634697967364,,,
batched_greedy@10s,2,450,2809,2596,0.9241723033107867,0.07582769668921324,0.00355998576005696,0.07226771092915628,251.53203122432063,236.10244472591557,420.91584459176875,234.13099254166278,1038.4,5.00231124807396,246.52971997624667,0.26582465161711416,0.14450094275065903,0.5896744056322268,1046,3.8652007648183555,0.09572227535122771,0.21032000017839889,0.05392296718972896,,,
batched_greedy@10s,3,450,2809,2595,0.923816304734781,0.07618369526521894,0.005695977216091136,0.0704877180491278,249.58342516867862,237.26203491722663,413.59243826393623,232.65298698496753,1038.0,5.004624277456648,244.57880089122196,0.2681335183877534,0.14301776513411532,0.5888487164781313,1046,3.934034416826004,0.09643843213954101,0.21062500022708258,0.043943336224342294,,,
batched_greedy@10s,4,450,2809,2560,0.9113563545745818,0.0886436454254183,0.005695977216091136,0.08294766820932717,256.89565249829184,241.80641812607882,429.6140294497759,236.2932484793722,1024.0,5.072265625,251.82338687329184,0.273742437240737,0.14512565222191826,0.5811319105373447,1057,4.017975402081363,0.100002175971733,0.21343200052797331,0.04117135401565671,,,
batched_greedy@10s,5,450,2809,2568,0.9142043431826272,0.08579565681737274,0.004627981488074048,0.08116767532929868,254.671149383439,241.89313718257677,426.19348515257053,234.8573165125403,1027.2,5.108255451713395,249.5628939317256,0.27175620065155087,0.14514612817561504,0.5830976711728341,1048,3.9818702290076335,0.10338902670862128,0.2174429997285187,0.05509563231515843,,,
batched_greedy@10s,0,500,2809,2603,0.9266642933428266,0.07333570665717337,0.004983980064079744,0.06835172659309363,243.7277445431734,230.11884788464704,408.9386580441086,228.25961711624225,1041.2,5.002689204763734,238.72505533840965,0.33952777214825997,0.12754054252311528,0.5329316853286248,1049,4.0333651096282175,0.10407683510092812,0.21740000018326094,0.04995693367786391,,,
batched_greedy@10s,1,500,2809,2617,0.9316482734069064,0.06835172659309363,0.003915984336062656,0.06443574225703097,233.89983858568385,220.94285453460634,396.0303897498523,219.6755535826475,1046.8,5.098586167367214,228.80125241831664,0.34292341422486533,0.12209249372010009,0.5349840920550346,1050,3.9466666666666668,0.1055660952234965,0.22762200001125163,0.0507163323782235,,,
batched_greedy@10s,2,500,2809,2619,0.9323602705589178,0.06763972944108224,0.00355998576005696,0.06407974368102527,230.4063483814117,214.34926184956203,400.6291331748215,216.38947362125725,1047.6,4.9289805269186715,225.47736785449302,0.3420836116906023,0.1212026561902608,0.5367137321191369,1046,3.835564053537285,0.09085774377691827,0.20485999993979906,0.048507462686567165,,,
batched_greedy@10s,3,500,2809,2615,0.930936276254895,0.06906372374510501,0.00711997152011392,0.0619437522249911,232.01792069236646,218.76686118456564,398.38942079544574,218.27678407977902,1046.0,5.092543021032505,226.92537767133393,0.34485861790636774,0.12056801482878951,0.5345733672648427,1051,3.995242626070409,0.09133872501633379,0.20780000022568856,0.04867511520737327,,,
batched_greedy@10s,4,500,2809,2618,0.932004271982912,0.06799572801708793,0.00533997864008544,0.0626557493770025,240.12902684877304,225.17365337086358,409.0645627676351,225.58525896982334,1047.2,5.1825821237585945,234.94644472501443,0.3406157073681561,0.1258223695942114,0.5335619230376325,1056,3.9801136363636362,0.09052566286810003,0.20880500051134734,0.05187732874749212,,,
batched_greedy@10s,5,500,2809,2601,0.9259522961908152,0.07404770380918477,0.004627981488074048,0.06941972232111071,232.38060853797322,216.38206816702314,396.49540484838417,217.05826033261752,1040.4,5.021914648212226,227.358693889761,0.3463699824299233,0.1211270897999007,0.5325029277701759,1047,3.938872970391595,0.09075482331009718,0.2071479998994618,0.04966982486362331,,,
optimal@10s,0,300,2809,1999,0.7116411534353863,0.28835884656461375,0.009611961552153792,0.27874688501246,406.7303679723843,388.3143625265029,626.4347681542748,296.4309225561049,799.6,7.425212606303152,399.3051553660811,0.06194314358988238,0.250563985483629,0.6874928709264886,1068,5.775280898876405,0.1431444756412708,0.2574990001630795,0.052995391705069124,10.647663375991359,0.0028779439551303134,0.10955056179775281
optimal@10s,1,300,2809,1999,0.7116411534353863,0.28835884656461375,0.006763972944108224,0.2815948736205055,391.02352624647847,379.80788866256626,597.7556017049625,283.40976631692735,799.6,6.139069534767383,384.8844567117111,0.06558494024656086,0.24213337104465157,0.6922816887087876,1065,4.786854460093897,0.14303173709930903,0.25723600025230553,0.0514515665421098,8.639897835021612,0.0031395834235479645,0.10704225352112676
optimal@10s,2,300,2809,1993,0.7095051619793521,0.2904948380206479,0.007831968672125312,0.2826628693485226,399.30629839642637,384.7737888687261,618.1821207333097,289.61667485352973,797.2,6.671851480180632,392.63444691624574,0.06601741652288128,0.24602396440495475,0.687958619072164,1087,5.091076356945722,0.1402458141758895,0.2592560001176026,0.0465452442902573,6.483317531514439,0.0020991663549543606,0.09659613615455381
optimal@10s,3,300,2809,2026,0.7212531149875401,0.27874688501246,0.0088999644001424,0.2698469206123176,392.80606054167816,377.8922444353975,612.8122685563171,288.3965788159652,810.4,6.8795656465942745,385.92649489508386,0.06448215311714899,0.2442294501065439,0.691288396776307,1067,4.813495782567948,0.139634770391215,0.2708139997230305,0.04630969609261939,7.7699108448629515,0.0027854073816008943,0.08716026241799438
optimal@10s,4,300,2809,2016,0.7176931292274831,0.2823068707725169,0.008543965824136704,0.2737629049483802,390.3580323022103,373.92671324272305,598.856482151693,285.7727703956173,806.4,6.860615079365079,383.49741722284523,0.06301059679369989,0.24357986010083546,0.6934095431054647,1070,5.110280373831776,0.1290960747448871,0.2522270003282755,0.0539609644087256,7.6239214242830915,0.0025002158482749365,0.09532710280373832
optimal@10s,5,300,2809,2028,0.7219651121395514,0.27803488786044855,0.0088999644001424,0.26913492346030615,395.4726648674856,375.39348385616177,603.3076747011081,291.4288061219701,811.2,7.142998027613412,388.3296668398722,0.05820335160437946,0.24644195157272042,0.6953546968229001,1062,5.094161958568738,0.12540988700493472,0.23929000024509162,0.049019607843137254,7.980605036681374,0.002643250514477066,0.096045197740113
optimal@10s,0,350,2809,2306,0.8209327162691349,0.17906728373086508,0.0088999644001424,0.17016731933072268,332.9986544297473,319.64414224659686,519.2419834096727,277.96840313669736,922.4,5.286643538594969,327.7120108911523,0.11287818136032532,0.21054483425117948,0.6765769843884952,1061,4.67483506126296,0.1234406220524053,0.25165999977616627,0.04880161709500433,4.004953673128382,0.001648359821972696,0.06691800188501414
optimal@10s,1,350,2809,2312,0.823068707725169,0.1769312922748309,0.00533997864008544,0.17159131363474547,332.80235359035436,319.45075232604995,524.3462617282554,277.1557245649901,924.8,5.241349480968858,327.56100410938546,0.1123215582592634,0.2090256428278463,0.6786527989128903,1055,4.222748815165877,0.11632739334987638,0.22529199934069766,0.052420509882555144,4.4211687364922385,0.0022436875353726007,0.06824644549763033
optimal@10s,2,350,2809,2316,0.8244927020291919,0.1755072979708081,0.004627981488074048,0.17087931648273408,335.79985703646554,320.1583284306439,526.5155719137988,279.8665709036729,926.4,5.277633851468049,330.5222231849975,0.10571446806588357,0.2123644640274186,0.6819210679066978,1062,4.181732580037664,0.11720037664349248,0.2166529999067282,0.04968408960367605,4.029338051492644,0.0020529805572847984,0.06308851224105462
optimal@10s,3,350,2809,2344,0.8344606621573514,0.16553933784264863,0.006407974368102528,0.1591313634745461,327.03172819073365,317.0882818463583,505.35651458506203,275.79464000263766,937.6,5.090870307167235,321.9408578835664,0.10751576224747232,0.20917577611652263,0.683308461636005,1056,4.038825757575758,0.11721846591726579,0.24715999984437098,0.0530237890513041,3.5909846199735127,0.002018128583422464,0.054924242424242424
optimal@10s,4,350,2809,2308,0.8216447134211463,0.1783552865788537,0.006763972944108224,0.17159131363474547,329.67777055260524,318.1849916998972,513.6229830658157,274.3611185140375,923.2,5.240467937608319,324.4373026149969,0.1190631715130329,0.20674650811803458,0.6741903203689324,1065,4.290140845070423,0.11609248826309614,0.24252000028354795,0.04702827466820542,3.7541651864877146,0.0018186178401671481,0.06572769953051644
optimal@10s,5,350,2809,2307,0.8212887148451407,0.17871128515485937,0.005695977216091136,0.17301530793876824,327.73389233488035,317.0144406042623,510.5205815843905,272.3028292911207,922.8,5.046814044213264,322.6870782906671,0.11992183401637553,0.20605353702258924,0.6740246289610353,1052,4.1283269961977185,0.11561245247051759,0.23427800010722424,0.049439494107502154,4.345317338432099,0.002327764049364119,0.05798479087452472
optimal@10s,0,400,2809,2475,0.8810964756140975,0.11890352438590246,0.006051975792096832,0.11285154859380563,287.254684934843,272.22875147505147,468.1264532510385,256.03229807298203,990.0,5.062626262626263,282.1920586722167,0.19435050034477003,0.1748642841774369,0.630785215477793,1054,4.276091081593928,0.15734506640405035,0.2805289998468652,0.04786620530565167,2.9117303354418143,0.001558107964377934,0.04933586337760911
optimal@10s,1,400,2809,2462,0.8764684941260235,0.1235315058739765,0.004271982912068352,0.11925952296190816,285.10414912684007,270.8978478920553,462.0269564659781,252.09728065770062,984.8,5.133631194151096,279.97051793268895,0.1997481969776502,0.17065472684046398,0.6295970761818858,1056,4.0,0.16199289772237424,0.28509999974630784,0.050200803212851405,2.7480426001680613,0.0017208760928927578,0.04450757575757576
optimal@10s,2,400,2809,2507,0.8924884300462799,0.10751156995372019,0.003915984336062656,0.10359558561765753,285.93813445100795,271.1203873700156,454.5764059938534,257.3864194119478,1002.8,5.234144395692062,280.7039900553159,0.18483384449323462,0.1752100928388774,0.6399560626678881,1050,4.020952380952381,0.17671390476607485,0.3138859998853148,0.05850610621982391,2.59533360080215,0.0016440814481481292,0.04476190476190476
optimal@10s,3,400,2809,2505,0.8917764328942684,0.10822356710573158,0.007831968672125312,0.10039159843360626,276.2661728345026,261.9995843775341,447.01574599525446,249.10985335676068,1002.0,5.049500998003992,271.2166718364986,0.1897557992573755,0.16861399460752702,0.6416302061350975,1055,4.058767772511849,0.18221109003810404,0.30827600059637916,0.05335628227194492,2.0076528364992248,0.001242257477406802,0.037914691943127965
optimal@10s,4,400,2809,2449,0.8718405126379495,0.12815948736205054,0.006763972944108224,0.12139551441794233,290.7817718345788,278.30300089297816,475.9101999586995,255.98498590337212,979.6,5.154757043691302,285.62701479088753,0.19868642709669926,0.17345162620881113,0.6278619466944897,1053,4.11301044634378,0.18332924977972154,0.29127999976481084,0.04922279792746114,2.5146739985794433,0.0014644359580453761,0.0389363722697056
optimal@10s,5,400,2809,2496,0.8885724457102172,0.11142755428978283,0.004627981488074048,0.10679957280170879,282.4576037391965,268.80366252443537,453.6944597278348,253.16513684588418,998.4,4.907852564102564,277.54975117509395,0.18798024484897446,0.1727069012080343,0.6393128539429912,1046,3.948374760994264,0.18507437856893535,0.2985699999499045,0.04555940023068051,2.249977619376513,0.001483664987783758,0.03824091778202677
optimal@10s,0,450,2809,2575,0.9166963332146671,0.08330366678533285,0.00533997864008544,0.07796368814524741,264.61711949924995,250.59773401643724,437.57370574423254,245.19616019175783,1030.0,5.049708737864077,259.5674107613859,0.2673820374954863,0.15050063519420692,0.5821173273103067,1055,4.095734597156398,0.19052151661328018,0.3185579998535105,0.0455988455988456,1.5195895174829948,0.000940676863791298,0.029383886255924172
optimal@10s,1,450,2809,2582,0.919188323246707,0.08081167675329298,0.003915984336062656,0.07689569241723034,252.7682000229069,239.69114964137316,416.9033792282603,234.28207295744758,1032.8,5.0608055770720375,247.70739444583486,0.27083885945980085,0.14301430460353637,0.5861468359366627,1051,3.966698382492864,0.18961227399681252,0.3222000000278058,0.04962707974756168,1.1957421828519044,0.0008335627382801587,0.02759276879162702
optimal@10s,2,450,2809,2590,0.9220363118547525,0.07796368814524741,0.00355998576005696,0.07440370238519046,251.6938814405148,236.17403824220537,422.28678075166533,233.73797006839723,1036.0,5.015444015444015,246.67843742507077,0.2668824637105491,0.14474102348424603,0.588376512805205,1047,3.8529130850047757,0.20144393505933605,0.314475999894057,0.05446250356429997,1.6183546832149156,0.001238658409533065,0.03533906399235912
optimal@10s,3,450,2809,2594,0.9234603061587754,0.07653969384122464,0.006051975792096832,0.0704877180491278,250.58363465579663,237.8445203889596,414.29505538906227,233.49867450232045,1037.6,5.047031611410948,245.53660304438569,0.26760183650926217,0.1432727083677418,0.589125455122996,1046,3.947418738049713,0.19832848948832496,0.31416500009981946,0.04835924006908463,1.1815470756927464,0.0008419041309478126,0.022944550669216062
optimal@10s,4,450,2809,2567,0.9138483446066216,0.08615165539337842,0.006051975792096832,0.0800996796012816,256.5461319571264,245.77514384735332,423.3438553930144,236.66599886191585,1026.8,5.0366186209583175,251.50951333616808,0.2726142987276266,0.14525274554818787,0.5821329557241856,1056,4.03030303030303,0.20010606061243214,0.310929999795917,0.04478474429355678,1.4182749424170191,0.0009281267813177955,0.032196969696969696
optimal@10s,5,450,2809,2573,0.9159843360626557,0.08401566393734425,0.004627981488074048,0.0793876824492702,252.67273290943217,240.0756192898216,420.80451707385765,233.4430873061671,1029.2,5.095996890788962,247.5767360186432,0.2706408046192612,0.1440387433890157,0.5853204519917231,1048,3.9713740458015265,0.20210582062354104,0.3260599998520774,0.05509563231515843,1.5253672211744362,0.0010783901372847446,0.035305343511450385
optimal@10s,0,500,2809,2617,0.9316482734069064,0.06835172659309363,0.004983980064079744,0.06336774652901389,244.34404677572175,233.08604156718548,413.8500116522453,230.05030823983896,1046.8,5.0084065724111575,239.3356402033106,0.33644862574868023,0.12820249511384238,0.5353488791374774,1051,4.0352045670789725,0.20298858231610356,0.3194500000063272,0.04995693367786391,1.1328679157752268,0.0007755421290755344,0.022835394862036156
optimal@10s,1,500,2809,2617,0.9316482734069064,0.06835172659309363,0.003915984336062656,0.06443574225703097,232.04353873888888,220.70124854964251,388.6161832399663,218.0244547221767,1046.8,5.1559037065341995,226.88763503235467,0.3438559656719713,0.1216163686461525,0.5345276656818763,1053,3.969610636277303,0.19890617283540074,0.30873199979396315,0.05746799431009957,1.0165350537578253,0.0007552940317379245,0.027540360873694207
optimal@10s,2,500,2809,2620,0.9327162691349234,0.06728373086507654,0.003915984336062656,0.06336774652901389,227.02837288229006,209.54198172742645,392.33876110860234,213.40217866774375,1048.0,4.965267175572519,222.06310570671752,0.3434526584750782,0.12026303759492722,0.5362843039299945,1050,3.842857142857143,0.2028943809455086,0.32470199950694223,0.052330569059193595,0.9653240059076788,0.0007857725132646784,0.02
optimal@10s,3,500,2809,2615,0.930936276254895,0.06906372374510501,0.006407974368102528,0.0626557493770025,232.7099391378595,218.39326018707197,398.19165919945584,218.72314854359425,1046.0,5.124665391969407,227.58527374589008,0.34442009779191746,0.12116293291654137,0.5344169692915411,1052,3.947718631178707,0.20092585552841646,0.32802900000206137,0.053550973654066435,0.9183751650939103,0.0006844958539407149,0.021863117870722433
optimal@10s,4,500,2809,2611,0.9295122819508722,0.0704877180491278,0.00533997864008544,0.06514773940904237,240.68055014888574,226.9868528721163,409.4262361180099,225.44041174613275,1044.4,5.110685561087706,235.56986458779804,0.341371877230899,0.1257788932196486,0.5328492295494525,1055,3.9469194312796207,0.20238341232418977,0.33448999949541763,0.04805755395683453,1.4925112339587734,0.0010829051400723772,0.026540284360189573
optimal@10s,5,500,2809,2597,0.9245283018867925,0.07547169811320754,0.004627981488074048,0.0708437166251335,232.30354787247816,217.2129409988952,399.06880865284916,216.64827493480956,1038.8,5.01116673084328,227.29238114163488,0.3478040487810139,0.12079095438402392,0.5314049968349622,1043,3.947267497603068,0.20192962607675716,0.3280459995403359,0.04720782959124928,1.1945177803092357,0.0008940432014147962,0.026845637583892617
batched_greedy@10s+aware,0,300,2809,2101,0.7479530081879673,0.2520469918120328,0.11213955144179423,0.13990744037023853,398.0436099498826,393.0356243859442,578.1517008110895,335.731091017019,840.4,47.339838172298904,350.7037717775837,0.08007789588409998,0.2155681669162654,0.7043539371996346,1114,22.0,0.07403070018442173,0.15689200032284117,0.04926423544465771,,,
batched_greedy@10s+aware,1,300,2809,2075,0.7386970452118191,0.26130295478818083,0.1245995016019936,0.13670345318618726,410.6354793469245,405.26069676104817,588.156596220228,343.5725307628116,830.0,51.79614457831325,358.8393347686113,0.07408203960641847,0.2145481622651418,0.7113697981284397,1091,23.215398716773603,0.07216553618277752,0.14661999985037227,0.05205655526992288,,,
batched_greedy@10s+aware,2,300,2809,2088,0.7433250266998932,0.2566749733001068,0.12958348166607334,0.12709149163403347,410.9496328541383,407.1064323016908,583.8776370574134,347.32677776461065,835.2,52.64224137931034,358.307391474828,0.07812341397867344,0.21399449027669443,0.7078820957446321,1108,23.549638989169676,0.07313348376125828,0.16305099962664832,0.057234726688102894,,,
batched_greedy@10s+aware,3,300,2809,2094,0.7454610181559274,0.25453898184407264,0.12139551441794233,0.13314346742613029,409.2442701480608,405.5064813105705,587.9136871052717,343.6489079082674,837.6,52.24785100286533,356.9964191451955,0.07382509747887595,0.21499383052497364,0.7111810719961504,1120,22.107142857142858,0.07347223212588817,0.15940500030410473,0.04454486765655261,,,
batched_greedy@10s+aware,4,300,2809,2092,0.7447490210039159,0.255250978996084,0.13100747597009613,0.1242435030259879,397.7642565912867,393.32112059718816,578.1308352128714,338.7529512062742,836.8,52.910133843212236,344.8541227480745,0.07854463576279179,0.2084565357613663,0.7129988284758418,1113,23.785265049415994,0.07491078166056588,0.16433600001619172,0.05032467532467533,,,
batched_greedy@10s+aware,5,300,2809,2083,0.7415450338198647,0.2584549661801353,0.1146315414738341,0.14382342470630116,403.82144319522206,397.0265868737383,581.0198414893396,336.4518315605552,833.2,49.68122899663946,354.1402141985826,0.0706099607678594,0.21275509328949804,0.7166349459426425,1097,21.84685505925251,0.07392032817989062,0.1715799998419242,0.05303270879644331,,,
batched_greedy@10s+aware,0,350,2809,2338,0.8323246707013172,0.1676753292986828,0.04983980064079744,0.11783552865788537,344.37930689742063,339.71332587023744,528.2494931582023,304.46518210660827,935.2,23.17835757057314,321.2009493268475,0.12402456239747749,0.19863763428674203,0.6773378033157804,1098,12.737704918032787,0.07938296904204205,0.1679210006022913,0.04911117806568244,,,
batched_greedy@10s+aware,1,350,2809,2338,0.8323246707013172,0.1676753292986828,0.04770380918476326,0.11997152011391954,347.6950420741327,343.166833797932,530.6805273852459,306.5925378687907,935.2,23.026946107784433,324.66809596634823,0.11672724168101833,0.19983338332191822,0.6834393749970634,1104,11.89945652173913,0.07611349637773605,0.16151899996657457,0.0547945205479452,,,
batched_greedy@10s+aware,2,350,2809,2340,0.8330366678533286,0.16696333214667142,0.04734781060875756,0.11961552153791385,351.529795228851,343.06794516746686,532.2492497420296,310.29972776912024,936.0,25.26965811965812,326.2601371091929,0.11785845380990485,0.20056738380690545,0.6815741623831897,1103,12.744333635539437,0.07831242066758941,0.17184000014822237,0.05118228075426519,,,
batched_greedy@10s+aware,3,350,2809,2372,0.8444286222855109,0.15557137771448915,0.03844784620861517,0.11712353150587397,345.26965688305347,337.23307731318664,527.1858101196434,305.33339106288764,948.8,22.412731871838112,322.85692501121537,0.11339460708315784,0.20129004087340086,0.6853153520434413,1097,11.018231540565179,0.0772087511283852,0.18165199948271032,0.056358807907937444,,,
batched_greedy@10s+aware,4,350,2809,2349,0.8362406550373799,0.16375934496262015,0.044143823424706304,0.11961552153791385,341.37528666412356,333.95789526807675,526.7225676362674,301.0634230502483,939.6,22.949340144742443,318.4259465193811,0.11707395831711284,0.19747432650998045,0.6854517151729068,1101,11.52316076294278,0.07761153496247163,0.16930000037973514,0.04818916492068243,,,
batched_greedy@10s+aware,5,350,2809,2336,0.8316126735493058,0.1683873264506942,0.04058383766464934,0.12780348878604486,337.34665014374474,330.47468329815024,512.8082427827858,296.43717640144257,934.4,19.292380136986303,318.0542700067585,0.11855484746835056,0.1985659760054783,0.6828791765261712,1103,10.956482320942882,0.07734714415567702,0.17091599967898227,0.049985123475156205,,,
batched_greedy@10s+aware,0,400,2809,2489,0.8860804556781773,0.11391954432182272,0.027055891776432896,0.08686365254538982,298.09211694715054,286.2859584426915,487.7396987825174,273.6263615227135,995.6,13.386098834873444,284.70601811227715,0.19910698586112363,0.17077475951568724,0.630118254623189,1085,8.730875576036865,0.08730064513958312,0.18221999987872567,0.0481820869051138,,,
batched_greedy@10s+aware,1,400,2809,2489,0.8860804556781773,0.11391954432182272,0.023495906016375936,0.09042363830544678,292.3903651422922,282.9891621001698,477.6646736645986,267.75331084538425,995.6,10.93652069104058,281.4538444512516,0.19871882479521707,0.16901872814138702,0.632262447063396,1080,7.402777777777778,0.08582194444123295,0.18472099956852617,0.05203156971645718,,,
batched_greedy@10s+aware,2,400,2809,2510,0.893556425774297,0.1064435742257031,0.021715913136347454,0.08472766108935564,285.5047797733108,271.9376900049051,458.2588836331178,264.2385112665051,1004.0,9.042231075697211,276.4625486976136,0.18937663208071948,0.1699668431935721,0.6406565247257084,1101,7.158946412352407,0.07296194369743926,0.1878000002761837,0.04810794954532121,,,
batched_greedy@10s+aware,3,400,2809,2499,0.8896404414382343,0.11035955856176576,0.023495906016375936,0.08686365254538982,286.35981190238505,275.4395677526354,464.2929293713434,263.3680850275571,999.6,10.363345338135254,275.99646656424983,0.1976420562563107,0.167205942591566,0.6351520011521233,1100,7.166363636363636,0.07387072729960148,0.18055000016829575,0.05122950819672131,,,
batched_greedy@10s+aware,4,400,2809,2458,0.8750444998220007,0.12495550017799929,0.027767888928444288,0.097187611249555,296.5755623809991,287.00742811336454,486.795831281973,269.51046371771486,983.2,11.957689178193654,284.6178732028054,0.20343442152077412,0.16932406412768103,0.6272415143515447,1112,7.669964028776978,0.06658579133985924,0.17786700032957017,0.05026455026455026,,,
batched_greedy@10s+aware,5,400,2809,2478,0.8821644713421146,0.11783552865788537,0.024207903168387328,0.09362762548949805,283.78110533182166,270.1195253739595,464.5827519994795,259.7586916531772,991.2,9.441081517352703,274.3400238144689,0.20068929742164102,0.1665443318571122,0.6327663707212468,1093,7.222323879231473,0.06682433669289807,0.17453200027375693,0.04648426007649309,,,
batched_greedy@10s+aware,0,450,2809,2558,0.9106443574225703,0.08935564257742969,0.02135991456034176,0.06799572801708793,266.52093865567775,255.24109810912614,446.08281330880885,250.43121564249697,1023.2,8.630179827990618,257.89075882768714,0.27658959973969155,0.14535873337610644,0.578051666884202,1078,7.001855287569573,0.0700104823693931,0.18341200005124855,0.044169611307420496,,,
batched_greedy@10s+aware,1,450,2809,2566,0.9134923460306159,0.08650765396938412,0.018867924528301886,0.06763972944108224,261.12585953960723,250.06157941475703,437.6430873325744,245.17359189404732,1026.4,7.887373343725643,253.2384861958816,0.27452538213057326,0.14309320571124903,0.5823814121581777,1078,6.128014842300557,0.06869814471871073,0.18133800004761724,0.048993875765529306,,,
batched_greedy@10s+aware,2,450,2809,2583,0.9195443218227127,0.08045567817728728,0.023139907440370238,0.05731577073691705,251.2482270909726,235.54004992408318,423.04643393454774,239.79210403189418,1033.2,7.725900116144018,243.52232697482856,0.27668925168386127,0.14029768601212209,0.5830130623040166,1100,6.7309090909090905,0.06307481818442863,0.18794900012835564,0.052570093457943924,,,
batched_greedy@10s+aware,3,450,2809,2575,0.9166963332146671,0.08330366678533285,0.019579921680313278,0.06372374510501957,250.33737504151938,234.92124023719316,423.21453305055144,235.74812489189623,1030.0,7.876116504854369,242.461258536665,0.27919796728556384,0.13857967000645488,0.5822223627079813,1074,5.98510242085661,0.06195316573770947,0.18972400040183854,0.04346549192364171,,,
batched_greedy@10s+aware,4,450,2809,2552,0.9085083659665362,0.09149163403346387,0.02135991456034176,0.0701317194731221,264.3528149677568,252.3076882979667,446.58902530589927,247.21460210308436,1020.8,9.394200626959247,254.95861434079754,0.2793886899050675,0.14238312413573945,0.5782281859591931,1099,6.438580527752502,0.055179253849282996,0.15520200033279252,0.042979099205181046,,,
batched_greedy@10s+aware,5,450,2809,2572,0.9156283374866501,0.08437166251334995,0.018867924528301886,0.06550373798504806,252.7560672996746,241.69082627227817,423.99148233226435,238.0981393477677,1028.8,7.669517884914463,245.08654941476016,0.27708890927228674,0.14087305342081585,0.5820380373068974,1074,6.205772811918063,0.05546629424334682,0.1474999999118154,0.05347282766637605,,,
batched_greedy@10s+aware,0,500,2809,2603,0.9266642933428266,0.07333570665717337,0.019935920256318976,0.053399786400854396,246.28695358939413,233.76763092725014,416.73462145945416,235.59924581330074,1041.2,7.490203611217826,238.7967499781763,0.3425165803602445,0.12556083788305922,0.5319225817566963,1097,6.3299908842297175,0.06107921606005503,0.1555120001285102,0.04711735440444834,,,
batched_greedy@10s+aware,1,500,2809,2615,0.930936276254895,0.06906372374510501,0.0177999288002848,0.051263794944820223,237.78613177279337,226.29157775720705,403.92027368731647,227.35675023065377,1046.0,7.164053537284895,230.6220782355085,0.34559242892744363,0.12164868619260567,0.5327588848799507,1078,5.777365491651206,0.061156215216385486,0.15215100043860735,0.05333333333333334,,,
batched_greedy@10s+aware,2,500,2809,2608,0.9284442862228551,0.0715557137771449,0.018511925952296192,0.0530437878248487,226.86450950666554,209.62927016201093,395.8017952019914,217.10470153797922,1043.2,6.673696319018405,220.19081318764714,0.35019097461712295,0.11756519001635979,0.5322438353665173,1097,5.890610756608933,0.0648208750984354,0.1637320004738285,0.05178935117835322,,,
batched_greedy@10s+aware,3,500,2809,2626,0.9348522605909576,0.06514773940904237,0.01673193307226771,0.048415806336774656,233.9506636686231,220.43754369591989,404.2620889728396,223.94698127609024,1050.4,7.4543031226199545,226.49636054600313,0.3470809642773373,0.11959161445742328,0.5333274212652395,1075,5.608372093023256,0.06335302322546595,0.14544200003001603,0.05687066974595843,,,
batched_greedy@10s+aware,4,500,2809,2607,0.9280882876468494,0.07191171235315058,0.017087931648273408,0.05482378070487718,239.1055969702719,226.24142147822022,408.2468898228512,228.10640927931,1042.8,7.06367472190257,232.04192224836936,0.34773531844214123,0.12276416780567151,0.5295005137521873,1094,5.710237659963437,0.06213062160180829,0.15344900026320824,0.050349243306169966,,,
batched_greedy@10s+aware,5,500,2809,2604,0.9270202919188323,0.07297970808116767,0.01423994304022784,0.058739765040939834,228.94087280939652,211.19526766827585,397.8696892924971,217.7083599077066,1041.6,7.137480798771121,221.8033920106254,0.3496317928719538,0.11822136304338605,0.5321468440846602,1079,5.680259499536608,0.06416227988564775,0.15698799990786938,0.04965156794425087,,,
optimal@10s+aware,0,300,2809,2088,0.7433250266998932,0.2566749733001068,0.11925952296190816,0.13741545033819866,399.0796686971344,393.1798346168305,575.6788006073984,335.7791521838684,835.2,45.974137931034484,353.10553076609995,0.07953422814727878,0.21466246348342993,0.7058033083692913,1105,22.152941176470588,0.1366061538424816,0.2625839994288982,0.05200642054574639,4.873117330035311,0.0002599670225517066,0.05067873303167421
optimal@10s+aware,1,300,2809,2073,0.7379850480598078,0.26201495194019225,0.12887148451406194,0.13314346742613029,409.2364266286838,402.30547973450666,584.9660463762472,343.20709622377046,829.2,51.808972503617944,357.4274541250658,0.0735286031935291,0.21342350447826333,0.7130478923282075,1102,23.235934664246823,0.13975009071192124,0.263191999601986,0.04949854416046587,4.801933344853274,0.0002432990026308963,0.05172413793103448
optimal@10s+aware,2,300,2809,2066,0.7354930580277679,0.2645069419722321,0.13065147739409042,0.13385546457814168,410.15913925279204,408.07406491118627,583.9049917986717,343.22690412702957,826.4,48.83010648596321,361.32903276682885,0.08296398911171565,0.21485251840343084,0.7021834924848536,1114,22.53321364452424,0.14423348299194266,0.3077280009529199,0.05698647778493239,3.3916319737655716,0.00017745500636263308,0.04308797127468582
optimal@10s+aware,3,300,2809,2104,0.7490210039159844,0.25097899608401564,0.13029547881808473,0.12068351726593093,406.4807297650973,398.8113301647454,588.6532175707229,345.7829640542181,841.6,52.4828897338403,353.997840031257,0.07213624398117376,0.21300250153634154,0.7148612544824847,1128,22.724290780141843,0.14209113474694826,0.3056469996226952,0.052002583979328165,2.9073738223588546,0.0001508365483129649,0.03900709219858156
optimal@10s+aware,4,300,2809,2087,0.7429690281238875,0.2570309718761125,0.12744749021003915,0.12958348166607334,405.5099501795367,402.6665952355743,593.627985096856,341.8728162165999,834.8,51.62961188308577,353.88033829645093,0.07550886948116996,0.21348340219381512,0.7110077283250149,1113,22.966756513926324,0.15780628931310176,0.32710799940104984,0.05471515931766978,4.16001131281362,0.00021337003893565488,0.04941599281221923
optimal@10s+aware,5,300,2809,2070,0.7369170523317907,0.26308294766820933,0.1060875756496974,0.15699537201851194,404.9347848296199,397.7043126271137,571.541208288436,334.65148589252294,828.0,44.02463768115942,360.9101471484605,0.07041166330646434,0.21666370457683617,0.7129246321166995,1105,20.36470588235294,0.14955113121966582,0.3623759996844464,0.053228346456692915,3.2127839293787375,0.00018755331575055396,0.04343891402714932
optimal@10s+aware,0,350,2809,2333,0.8305446778212887,0.1694553221787113,0.05233179067283731,0.11712353150587397,341.97299476692433,333.53495434326305,528.4339734248557,302.34349453936517,933.2,22.546935276468066,319.4260594904563,0.1280967419937218,0.19757946517115876,0.6743237928351193,1112,12.559352517985612,0.15893812947037103,0.36699100026453396,0.05007541478129714,6.0240625469578575,0.0006098893351138586,0.052158273381294966
optimal@10s+aware,1,350,2809,2346,0.8351726593093628,0.16482734069063723,0.04343182627269491,0.12139551441794233,345.97128118626705,343.0053807521581,515.8763184013799,304.4433971759518,938.4,21.205882352941178,324.76539883332583,0.11356426907172429,0.20126917887006926,0.6851665520582064,1116,11.012544802867383,0.149011379948871,0.31737000081193345,0.05321046373365042,6.0284900728167425,0.0007107700776769188,0.06989247311827956
optimal@10s+aware,2,350,2809,2343,0.8341046635813457,0.16589533641865434,0.04805980776076896,0.11783552865788537,347.7286544736911,340.42806822135026,524.9250091906102,307.57448144321114,937.2,20.811352966282545,326.9173015074085,0.11672308194711295,0.2021934543398108,0.6810834637130763,1110,11.745045045045044,0.17813828827776299,0.40277700061779087,0.053480729011054676,5.334941523128296,0.0005833665077771103,0.06486486486486487
optimal@10s+aware,3,350,2809,2369,0.8433606265574938,0.15663937344250622,0.039515841936632254,0.11712353150587397,341.25661873563894,333.42328015176645,526.5241749670273,302.17443823263557,947.6,21.123680878007598,320.13293785763136,0.11517303143989106,0.19956368294809052,0.6852632856120184,1101,10.84014532243415,0.15364477744833369,0.3495999990263954,0.05052005943536404,5.69043133337736,0.0006871109689553999,0.05631244323342416
optimal@10s+aware,4,350,2809,2343,0.8341046635813457,0.16589533641865434,0.04485582057671769,0.12103951584193663,339.4631040492741,335.5930857737949,518.9447790842363,298.76715858646344,937.2,21.4037558685446,318.0593481807295,0.11904267023185428,0.1969513083663875,0.6840060214017581,1106,11.144665461121157,0.1544319168322374,0.3940000003240131,0.046790641871625675,5.018504263678581,0.0005852105135878999,0.0650994575045208
optimal@10s+aware,5,350,2809,2337,0.8319686721253114,0.1680313278746885,0.03987184051263795,0.12815948736205054,343.99824874713534,337.112613547657,515.8268183752971,302.06306990454453,934.8,19.412922550278136,324.58532619685724,0.11223412277858874,0.20179898504929616,0.6859668921721152,1098,11.024590163934427,0.14946029140411837,0.29194899967478655,0.051084051084051084,5.749546671796455,0.0006801790052962918,0.06830601092896176
optimal@10s+aware,0,400,2809,2477,0.881808472766109,0.11819152723389106,0.029547881808472766,0.0886436454254183,298.6872464751611,286.0003541202186,479.73993585554757,273.62885104043323,990.8,12.851029471134437,285.83621700402665,0.2019724955065332,0.17095571693919376,0.6270717875542731,1095,8.70593607305936,0.1666599086798902,0.6713319990012653,0.04488703923900119,4.736798826005806,0.0007646288056826736,0.05114155251141553
optimal@10s+aware,1,400,2809,2479,0.8825204699181203,0.11747953008187967,0.024563901744393022,0.09291562833748665,293.96100227932885,283.5125088009172,475.48642403862806,268.328405990538,991.6,10.3654699475595,283.59553233176933,0.19781614730968086,0.16997733436365678,0.6322065183266623,1079,7.32808155699722,0.16895180725257009,0.5785279999327033,0.05152224824355972,5.453797013116036,0.0011171095154744052,0.05004633920296571
optimal@10s+aware,2,400,2809,2508,0.8928444286222855,0.10715557137771449,0.023495906016375936,0.08365966536133855,296.174223047679,280.9777548222544,478.6562130311317,274.11024604222035,1003.2,11.49561403508772,284.67860901259127,0.1879873740436884,0.17234924006884464,0.639663385887467,1081,8.0,0.163361424622001,0.3435199992964056,0.05484247374562427,4.37199776536037,0.0007988218384366693,0.04902867715078631
optimal@10s+aware,3,400,2809,2492,0.8871484514061944,0.11285154859380563,0.02491990032039872,0.08793164827340691,290.1392988430006,278.78965340049535,472.7893153310524,265.7274458301805,996.8,9.86115569823435,280.27814314476626,0.19723257976101127,0.1691411803389087,0.63362623990008,1105,6.942081447963801,0.15994805432715173,0.4219199996441606,0.04513274336283186,3.7472703161804226,0.0008205720693462738,0.05067873303167421
optimal@10s+aware,4,400,2809,2464,0.8771804912780349,0.1228195087219651,0.026699893200427198,0.09611961552153792,293.40179187566605,284.7996059997797,479.30693234505907,266.7808456375473,985.6,11.971590909090908,281.4302009665751,0.2030839652354879,0.1685276347123864,0.6283884000521257,1079,7.763670064874884,0.17778331788411697,0.4477720005161254,0.0488235294117647,5.113985299586465,0.0009691157599996834,0.06487488415199258
optimal@10s+aware,5,400,2809,2495,0.8882164471342114,0.11178355286578853,0.023139907440370238,0.0886436454254183,288.7097296031108,276.91335830360595,465.30699423314235,265.07457241310107,998.0,9.720240480961923,278.9894891221489,0.19298755214891997,0.1694427702808999,0.6375696775701801,1098,7.070127504553734,0.17504936251584438,0.3356170002734856,0.0492379835873388,4.603264284528335,0.0009917674122365146,0.056466302367941715
optimal@10s+aware,0,450,2809,2572,0.9156283374866501,0.08437166251334995,0.019579921680313278,0.06479174083303667,267.6327737510427,257.5376018336776,443.8049187136291,252.53945160279923,1028.8,9.005443234836703,258.62733051620603,0.2727563524418073,0.14671575168880197,0.5805278958693907,1095,6.931506849315069,0.16289351601346308,0.42246199958753883,0.04522760646108664,3.5058573017855066,0.0007915922121882555,0.045662100456621
optimal@10s+aware,1,450,2809,2579,0.9181203275186899,0.08187967248131008,0.018155927376290494,0.06372374510501957,259.94795167444926,249.12180385088868,430.7793310160538,245.05710545503442,1031.6,7.574641333850329,252.37331034059895,0.27221770988416266,0.1433989680489703,0.584383322066867,1077,6.005571030640668,0.16943853295163577,0.33364399991114624,0.0484106153397492,4.438530025065455,0.001263388495625604,0.0510677808727948
optimal@10s+aware,2,450,2809,2584,0.9199003203987184,0.0800996796012816,0.02135991456034176,0.058739765040939834,252.15099316917556,238.343658392904,423.3035562883696,239.59991877248945,1033.6,7.598297213622291,244.55269595555328,0.27445984858904404,0.14139895391643842,0.5841411974945175,1097,6.435733819507749,0.15510619871423453,0.3103519989963382,0.05552325581395349,3.3410591831323355,0.0008606281219460289,0.053783044667274384
optimal@10s+aware,3,450,2809,2582,0.919188323246707,0.08081167675329298,0.018155927376290494,0.0626557493770025,250.63728564255987,237.13042477603744,423.05503660193983,236.52566071653368,1032.8,8.053834237025562,242.58345140553433,0.2779037161948799,0.13889452755710535,0.5832017562480146,1075,5.996279069767442,0.15808046511327037,0.2807299998676171,0.04425556858147714,2.2302606271305607,0.0006434154090992625,0.04186046511627907
optimal@10s+aware,4,450,2809,2556,0.9099323602705589,0.09006763972944108,0.019579921680313278,0.0704877180491278,261.4656024927093,251.37836576258655,436.3599767448959,244.5634934288755,1022.4,7.844287949921752,253.6213145427876,0.2773534546174384,0.14314551823975255,0.579501027142809,1078,6.098330241187384,0.14613627086985115,0.2713200001744554,0.03867729554177739,4.096247218899362,0.0011279071436369546,0.05380333951762523
optimal@10s+aware,5,450,2809,2581,0.9188323246707013,0.08116767532929868,0.018155927376290494,0.0630117479530082,251.978108370267,239.8164788365907,417.6211189149435,238.02926856131643,1032.4,7.781092599767532,244.19701577049946,0.2744121248888301,0.14091310474802687,0.5846747703631431,1092,6.094322344322344,0.15220219781203856,0.3082040005938312,0.0534417659018298,2.886472710677516,0.0008101947131464712,0.048534798534798536
optimal@10s+aware,0,500,2809,2594,0.9234603061587754,0.07653969384122464,0.019223923104307584,0.05731577073691705,247.16696944353606,234.69387449189253,419.12058605237,235.36752621039975,1037.6,7.492289899768697,239.67467954376735,0.3448969180198446,0.1251210647345238,0.5299820172456315,1097,6.260711030082042,0.1515052871554797,0.3672400008508699,0.05180442374854482,2.4356902774855476,0.0006555883984541205,0.041932543299908843
optimal@10s+aware,1,500,2809,2612,0.9298682805268779,0.0701317194731221,0.017443930224279102,0.05268778924884301,236.18349773076037,224.74266834561922,405.1059611342839,225.86844462205588,1044.8,7.219754977029097,228.96374275373125,0.34612360291432676,0.12117009769384664,0.5327062993918266,1077,5.858867223769731,0.1571896007196589,0.27847199969983194,0.054140127388535034,3.343759041907295,0.0010307715320437487,0.04735376044568245
optimal@10s+aware,2,500,2809,2609,0.9288002847988608,0.0711997152011392,0.019579921680313278,0.051619793520825914,228.75092453946888,210.47006484204348,398.6328033388073,219.47871845092072,1043.6,7.238405519356075,221.5125190201128,0.3509855812211216,0.11735059179112277,0.5316638269877556,1098,6.157559198542805,0.15690200363416992,0.2953619995605548,0.05513639001741149,1.4913368138923606,0.0004225366142481767,0.039162112932604735
optimal@10s+aware,3,500,2809,2624,0.9341402634389463,0.06585973656105376,0.017443930224279102,0.048415806336774656,233.51755429635224,219.83226600825537,397.6128858397897,223.78881269741743,1049.6,6.995045731707317,226.52250856464494,0.3469107803985297,0.11996997897910969,0.5331192406223606,1075,5.615813953488372,0.16084279068055302,0.3094719995715421,0.054461181923522596,2.4257722126176833,0.0008040623595604503,0.046511627906976744
optimal@10s+aware,4,500,2809,2599,0.9252402990388039,0.07475970096119615,0.0177999288002848,0.05695977216091136,242.94356971023254,230.11884788464704,413.28084123962617,230.59895503153004,1039.6,7.445555983070411,235.49801372716215,0.3468750942911338,0.1232720053218436,0.5298529003870226,1098,5.6775956284153,0.16059171221373694,0.3164020001349853,0.04871645274212369,2.610889283208943,0.000822136535452546,0.04735883424408015
optimal@10s+aware,5,500,2809,2606,0.9277322890708437,0.07226771092915628,0.015663937344250624,0.05660377358490566,232.81227023101593,215.5516650132306,399.4008346094215,221.69138640127346,1042.4,7.951650038372986,224.86062019264293,0.34875400127318995,0.11908230895495019,0.5321636897718599,1080,5.92962962962963,0.16522898148212806,0.3374670001539941,0.050261475886112725,2.2858185777690383,0.0006893315331036259,0.03981481481481482
batched_greedy@30s+aware,0,300,2809,2103,0.7486650053399786,0.25133499466002135,0.14346742613029548,0.10786756852972589,388.3479784343828,378.0969260759957,572.2383403005008,335.8546681491316,841.2,58.91060389919163,329.43737453519117,0.08018442526288252,0.20556563663700467,0.7142499381001128,371,29.242587601078167,0.09641725066196546,0.2772099995127066,0.054754098360655735,,,
batched_greedy@30s+aware,1,300,2809,2118,0.7540049839800641,0.24599501601993592,0.13385546457814168,0.11213955144179423,393.05129289312924,384.0144946598771,572.182581282513,342.01171165670615,847.2,62.22993389990557,330.82135899322367,0.07554170862861065,0.20407403068299376,0.7203842606883956,369,29.83739837398374,0.09390298102299782,0.23275600040506095,0.0498046875,,,
batched_greedy@30s+aware,2,300,2809,2085,0.7422570309718761,0.2577429690281239,0.1512993948024208,0.1064435742257031,397.79039708763366,391.45517882878084,576.720950983712,342.8170312779682,834.0,60.50167865707434,337.28871843055936,0.08143681639038579,0.2049722955695758,0.7135908880400385,371,29.48247978436658,0.09513530998118598,0.2890000008846983,0.046511627906976744,,,
batched_greedy@30s+aware,3,300,2809,2111,0.7515129939480242,0.2484870060519758,0.14453542185831256,0.10395158419366322,396.66983479162974,384.7494348275277,579.9502444502132,343.04062296530117,844.4,62.76977735670298,333.90005743492674,0.0783710757549068,0.20442292030631423,0.717206003938779,376,28.680851063829788,0.09272739368420747,0.2670499989108066,0.05335515548281506,,,
batched_greedy@30s+aware,4,300,2809,2116,0.7532929868280527,0.24670701317194732,0.14453542185831256,0.10217159131363475,397.2604095687385,391.32280639154123,580.5267872383383,343.7030825863943,846.4,66.79584120982987,330.4645683589086,0.07298908557767228,0.20404834793250762,0.7229625664898202,370,30.25945945945946,0.08521783781631982,0.20055800014233682,0.05435494433529797,,,
batched_greedy@30s+aware,5,300,2809,2102,0.7483090067639729,0.25169099323602706,0.13171947312210752,0.11997152011391954,397.76859137751273,389.4178230040943,579.5756317831884,340.3213061604765,840.8,61.230256898192195,336.53833447932055,0.06997530797235461,0.20652464442349383,0.7235000476041515,368,28.66304347826087,0.08730679349889175,0.24816499999360514,0.04682926829268293,,,
batched_greedy@30s+aware,0,350,2809,2356,0.8387326450694197,0.16126735493058028,0.0615877536489854,0.09967960128159488,341.8540720385813,330.44624942780524,530.299482995284,307.89151562635317,942.4,36.375636672325975,305.4784353662553,0.12942660390901914,0.1910726793987037,0.6795007166922771,365,20.008219178082193,0.10627178085149802,0.31415200028277523,0.04617737003058104,,,
batched_greedy@30s+aware,1,350,2809,2364,0.8415806336774653,0.1584193663225347,0.0619437522249911,0.09647561409754361,343.32589978872477,337.9366658420063,527.5263544616066,309.30692916827275,945.6,36.24534686971235,307.0805529190124,0.11855924378462523,0.1918533549515859,0.6895874012637889,369,18.932249322493224,0.10091734424014645,0.2665760007948847,0.049165402124430956,,,
batched_greedy@30s+aware,2,350,2809,2359,0.8398006407974368,0.1601993592025632,0.05660377358490566,0.10359558561765753,343.6281380617156,333.84951626977545,524.8482753596842,309.23917253591367,943.6,34.66935142009326,308.95878664162234,0.11940511546726974,0.19357203856179536,0.6870228459709349,366,19.15573770491803,0.14202868850255873,0.3966549994402211,0.05075528700906345,,,
batched_greedy@30s+aware,3,350,2809,2371,0.8440726237095052,0.15592737629049483,0.053755784976860094,0.10217159131363475,349.32088054657186,342.06045555185483,536.4977606854181,314.0274974853529,948.4,36.692113032475746,312.6287675140961,0.11904246700854124,0.19532508059519782,0.685632452396261,365,18.90958904109589,0.1004476712034674,0.28650799955357825,0.046539740102750075,,,
batched_greedy@30s+aware,4,350,2809,2349,0.8362406550373799,0.16375934496262015,0.055891776432894266,0.10786756852972589,344.0745818909604,335.7058670057504,535.0801423209855,307.5870134819146,939.6,38.13963388676032,305.93494800420007,0.12659884434458366,0.18943154830574985,0.6839696073496665,371,19.059299191374663,0.09308706195849292,0.2601399994091484,0.049803803199517056,,,
batched_greedy@30s+aware,5,350,2809,2354,0.8380206479174084,0.16197935208259168,0.051263794944820223,0.11071555713777145,330.80384431128044,321.1218038508887,513.6831012658815,295.4324812104279,941.6,29.913338997451145,300.8905053138293,0.11868245569046673,0.1917220512548666,0.6895954930546667,362,17.57182320441989,0.09505607738509808,0.2692370000477238,0.04557802595834591,,,
batched_greedy@30s+aware,0,400,2809,2498,0.8892844428622285,0.11071555713777145,0.03346386614453542,0.07725169099323603,308.5592318829582,292.8575519589815,499.79017972700717,286.47517892672823,999.2,27.053642914331466,281.5055889686268,0.20133624862925348,0.1691635158325717,0.6295002355381748,369,15.742547425474255,0.11943008129933419,0.29689999988477206,0.05125925925925926,,,
batched_greedy@30s+aware,1,400,2809,2493,0.8875044499822,0.11249555001779993,0.029547881808472766,0.08294766820932717,291.6517979555382,277.01993691428197,473.58899287252973,270.18617767258144,997.2,21.30284797432812,270.34894998121007,0.20062421996181948,0.1642767974904271,0.6350989825477534,367,13.768392370572206,0.12694795636629258,0.3021739997711841,0.046126552335895916,,,
batched_greedy@30s+aware,2,400,2809,2514,0.8949804200783197,0.10501957992168032,0.032039871840512636,0.07297970808116767,294.35435349405765,280.7938021785221,473.5706577175368,275.91465606166,1005.6,22.92760540970565,271.42674808435197,0.1963632093189983,0.16586285839849588,0.6377739322825058,366,14.718579234972678,0.11983114751781047,0.34211499905723075,0.051622418879056046,,,
batched_greedy@30s+aware,3,400,2809,2499,0.8896404414382343,0.11035955856176576,0.02491990032039872,0.08543965824136704,293.18984040030045,275.39479967244006,477.9883524774821,270.2578595940688,999.6,25.05282112845138,268.13701927184906,0.20468681658101015,0.1618573175512204,0.6334558658677694,365,14.235616438356164,0.12414712331868542,0.3724439995130524,0.048500881834215165,,,
batched_greedy@30s+aware,4,400,2809,2452,0.8729085083659666,0.12709149163403347,0.034887860448558204,0.09220363118547525,305.4674297332168,293.7600183071427,494.4432888006649,279.1165620537708,980.8,25.475122349102772,279.99230738411404,0.20556570661291654,0.16538642289687525,0.6290478704902083,361,15.124653739612189,0.12151523541259725,0.24809999995341053,0.05337658507814804,,,
batched_greedy@30s+aware,5,400,2809,2490,0.8864364542541829,0.11356354574581702,0.025631897472410112,0.08793164827340691,288.37086776438684,274.4279908612448,460.3409273921598,265.98644472895876,996.0,21.246987951807228,267.1238798125796,0.2008814454466918,0.1631085728457468,0.6360099817075614,361,13.81994459833795,0.13647146818350286,0.39640000068174946,0.05128956623681125,,,
batched_greedy@30s+aware,0,450,2809,2554,0.9092203631185475,0.09077963688145248,0.026343894624421504,0.06443574225703097,270.98738204670155,257.51000665489823,445.8305312050215,256.3064084657516,1021.6,20.325763508222398,250.6616185384792,0.28276882881585375,0.1409914652664835,0.5762397059176627,367,13.59400544959128,0.14549373302193822,0.3613140005472813,0.04716981132075472,,,
batched_greedy@30s+aware,1,450,2809,2584,0.9199003203987184,0.0800996796012816,0.021715913136347454,0.05838376646493414,266.1303866935833,252.59761845857656,434.7779255392198,252.65646502908473,1033.6,19.137383900928793,246.99300279265455,0.27090115068528325,0.14092068814261474,0.588178161172102,360,12.719444444444445,0.15337250001215985,0.41897500092091017,0.04883040935672515,,,
batched_greedy@30s+aware,2,450,2809,2577,0.9174083303666786,0.08259166963332147,0.023139907440370238,0.05945176219295123,257.66541796887617,244.2626816554157,426.4380252886138,245.74384649684112,1030.8,19.506790842064415,238.15862712681178,0.2795961105660058,0.13720291249594696,0.5832009769380472,366,13.218579234972678,0.1520549180473171,0.5080650003037605,0.051769523252412984,,,
batched_greedy@30s+aware,3,450,2809,2611,0.9295122819508722,0.0704877180491278,0.01673193307226771,0.053755784976860094,260.703247744176,243.6356359147194,441.56024774062234,248.5858750688785,1044.4,19.369973190348524,241.3332745538275,0.270737241776311,0.1398648882082019,0.5893978700154872,367,12.130790190735695,0.1481247956531309,0.5878799997662993,0.04336360972751245,,,
batched_greedy@30s+aware,4,450,2809,2562,0.9120683517265931,0.08793164827340691,0.02491990032039872,0.0630117479530082,269.8463688463215,255.81686370793295,445.7821809391506,254.64493012794057,1024.8,20.151053864168617,249.69531498215292,0.2800088019008918,0.14117302680091837,0.5788181712981899,368,12.779891304347826,0.14126440220499478,0.7616139991296177,0.047619047619047616,,,
batched_greedy@30s+aware,5,450,2809,2566,0.9134923460306159,0.08650765396938412,0.019935920256318976,0.06657173371306514,262.30577797723294,245.1852302622542,435.0892286491512,247.46826795667624,1026.4,19.42634450506625,242.87943347216665,0.2805932805786627,0.13940613445767183,0.5800005849636656,363,12.754820936639119,0.1418831956115187,0.3575480004656127,0.05158845817545905,,,
batched_greedy@30s+aware,0,500,2809,2613,0.9302242791028836,0.06977572089711641,0.019223923104307584,0.05055179779280883,254.6065715670512,240.38283790970763,430.2710164986542,244.35018726527144,1045.2,19.30692690394183,235.29964466310938,0.3434685274942226,0.12403101084836886,0.5325004616574085,368,12.668478260869565,0.1415323369665993,0.3589440002724584,0.04569420035149385,,,
batched_greedy@30s+aware,1,500,2809,2619,0.9323602705589178,0.06763972944108224,0.019579921680313278,0.04805980776076896,244.46227143398048,232.29484123468774,410.3966351402705,234.99486537390615,1047.6,18.209240168003056,226.2530312659774,0.34569409857511296,0.12002560840262863,0.5342802930222584,360,12.327777777777778,0.15039083331834668,0.34198599963929166,0.05887445887445888,,,
batched_greedy@30s+aware,2,500,2809,2606,0.9277322890708437,0.07226771092915628,0.019935920256318976,0.05233179067283731,238.5852350979541,219.0464846256732,409.3774730154064,229.15362299738965,1042.4,18.3384497313891,220.24678536656498,0.35138963795304806,0.11731175228215095,0.531298609764801,366,12.565573770491802,0.15615245903545705,0.34819000120478455,0.04881613563285589,,,
batched_greedy@30s+aware,3,500,2809,2622,0.9334282662869349,0.06657173371306514,0.017443930224279102,0.049127803488786044,241.00829117719374,223.09646384454982,409.7887004474784,230.9446967347692,1048.8,18.90922959572845,222.0990615814653,0.35038300927028265,0.11732133856153025,0.5322956521681871,360,12.169444444444444,0.15522500003599918,0.3474429995367246,0.04978165938864629,,,
batched_greedy@30s+aware,4,500,2809,2601,0.9259522961908152,0.07404770380918477,0.018511925952296192,0.055535777856888575,250.1282065130108,235.09646384454936,422.7961729088229,238.1540990208196,1040.4,18.886582083813916,231.2416244291969,0.348539934035757,0.12155900866235966,0.5299010573018834,368,12.040760869565217,0.15677391306088911,0.34095200058800396,0.05371660859465738,,,
batched_greedy@30s+aware,5,500,2809,2604,0.9270202919188323,0.07297970808116767,0.020647917408330368,0.05233179067283731,239.76112944193528,223.7013948586282,407.1283651143815,229.7207244334548,1041.6,18.320660522273425,221.44046891966187,0.3503811355382982,0.11772368923575369,0.5318951752259482,364,12.335164835164836,0.1745472527545644,0.40364900016356864,0.05131195335276968,,,
optimal@30s+aware,0,300,2809,2122,0.7554289782840868,0.24457102171591313,0.13100747597009613,0.11356354574581702,390.1387696155759,383.66633336872724,567.111406174424,338.1600129765732,848.8,56.11215834118756,334.0266112743883,0.0754547936107581,0.20886753075866904,0.7156776756305728,369,28.51761517615176,0.20240541999829303,0.4024439999921014,0.0498371335504886,39.34996903044214,0.001804418540015654,0.33604336043360433
optimal@30s+aware,1,300,2809,2101,0.7479530081879673,0.2520469918120328,0.14595941616233535,0.1060875756496974,399.6646562441858,390.0863341851559,577.5006402561467,344.3781543055885,840.4,64.5140409328891,335.15061531129663,0.07357105283025053,0.2050735507242152,0.7213553964455343,371,29.89487870619946,0.19538301885870288,0.3220700005840627,0.049093904448105435,40.27428528600702,0.0017428311956099083,0.33153638814016173
optimal@30s+aware,2,300,2809,2077,0.7394090423638305,0.26059095763616946,0.15735137059451762,0.10323958704165183,406.7580416378978,397.8250075083679,585.9325709266759,351.09493739203776,830.8,65.31776600866634,341.44027562923145,0.08129042813018082,0.20635183088838538,0.7123577409814338,376,30.57712765957447,0.19798005320247264,0.3548750005393231,0.04644169729368527,30.949828545963232,0.0012963253446431108,0.2712765957446808
optimal@30s+aware,3,300,2809,2118,0.7540049839800641,0.24599501601993592,0.14631541473834106,0.09967960128159488,403.03362669453617,394.9004655959361,581.7694216612621,347.7839543437652,847.2,67.61000944287063,335.4236172516656,0.07174265229021401,0.20445586794684634,0.7238014797629397,376,29.377659574468087,0.20027553191152464,0.43575000017881393,0.046235138705416116,35.3148974145058,0.0015568434633269378,0.300531914893617
optimal@30s+aware,4,300,2809,2133,0.7593449626201495,0.24065503737985047,0.133499466002136,0.10715557137771449,398.81793179833346,391.5939934142443,578.705402567322,344.22104983205367,853.2,62.9985935302391,335.8193382680943,0.06981414721893513,0.20905496555819836,0.7211308872228666,369,28.902439024390244,0.19537723576937907,0.323591999913333,0.04668625530525628,35.9620016659089,0.0016213929482380835,0.34417344173441733
optimal@30s+aware,5,300,2809,2095,0.7458170167319331,0.25418298326806693,0.12673549305802778,0.12744749021003915,396.1089627538497,389.59032920756454,574.5242398337625,336.8827856339054,838.0,60.65107398568019,335.45788876816954,0.07093010995189415,0.20695023882369637,0.7221196512244095,368,28.171195652173914,0.19510081525051803,0.3167600000415404,0.04967741935483871,41.652121223936206,0.001938493999288218,0.35597826086956524
optimal@30s+aware,0,350,2809,2360,0.8401566393734425,0.1598433606265575,0.056247775008899964,0.10359558561765753,349.75636587019284,343.8534264854452,526.1545007607147,313.61298100227884,944.0,34.43177966101695,315.3245862091759,0.12191667427687,0.19780388069980911,0.6802794450233208,361,19.454293628808863,0.18493102493707525,0.33593999942240704,0.046242774566473986,53.93329262849879,0.004147599209685296,0.44321329639889195
optimal@30s+aware,1,350,2809,2378,0.846564613741545,0.15343538625845496,0.053399786400854396,0.10003559985760056,347.0654936049925,340.24701004161216,525.778780281561,312.3044010020245,951.2,33.418418839360804,313.6470747656317,0.11052041491997508,0.19755462274733734,0.6919249623326876,369,17.959349593495936,0.18538428174189342,0.3334040001209359,0.05054151624548736,44.84672004673651,0.0038490832329392335,0.4065040650406504
optimal@30s+aware,2,350,2809,2355,0.838376646493414,0.16162335350658597,0.05731577073691705,0.10430758276966892,342.7132342193275,336.0242776456844,517.3039029619543,307.7535364334535,942.0,31.33163481953291,311.38159939979454,0.120244427466071,0.19655099828607026,0.6832045742478586,370,18.143243243243244,0.17669648647849523,0.3306780005368637,0.05677380594773205,48.71577692296162,0.00413275300428361,0.41081081081081083
optimal@30s+aware,3,350,2809,2376,0.8458526165895336,0.15414738341046635,0.04948380206479174,0.10466358134567462,345.6946896072916,338.59748800744774,525.5863956874036,310.8276881972402,950.4,36.45875420875421,309.2359353985374,0.11753706139431633,0.1929018901937199,0.6895610484119638,373,18.300268096514746,0.17536916888563023,0.34593199961818744,0.0523638539796529,40.78802219683057,0.003411379648490246,0.3914209115281501
optimal@30s+aware,4,350,2809,2353,0.8376646493414026,0.16233535065859736,0.05446778212887148,0.10786756852972589,348.5846139511491,341.5082593582965,526.811229307233,311.47185608140904,941.2,35.969825754356144,312.614788196793,0.11657348579474823,0.19583068352792718,0.6875958306773247,371,18.49865229110512,0.17009110513881898,0.2974000000904201,0.0471584038694075,48.81013468508528,0.004000578233507943,0.40431266846361186
optimal@30s+aware,5,350,2809,2363,0.8412246351014596,0.1587753648985404,0.05055179779280883,0.10822356710573158,339.6160076064835,328.9674247982621,511.25484594497175,303.99328612536016,945.2,31.015234870926786,308.6007727355567,0.11450754570182511,0.19594399928193854,0.6895484550162363,369,17.460704607046072,0.16959295395444188,0.28930400083481794,0.05467582910068718,39.00502553797731,0.003513978041185869,0.4010840108401084
optimal@30s+aware,0,400,2809,2478,0.8821644713421146,0.11783552865788537,0.03097187611249555,0.08686365254538982,306.2390090157623,294.4226259669431,485.1988748406885,282.65215924070975,991.2,25.45762711864407,280.7813818971182,0.2010233652566266,0.1689786772611169,0.6299979574822565,366,15.584699453551913,0.18237185797330768,0.3198999999767694,0.051994091580502215,32.64351555579205,0.003645508864259139,0.3879781420765027
optimal@30s+aware,1,400,2809,2487,0.8853684585261659,0.1146315414738341,0.03275186899252403,0.08187967248131008,300.36865662600815,290.87795014012045,472.06550193087713,278.1055753031171,994.8,23.32529151588259,277.04336511012554,0.20085451446875735,0.1660923067889487,0.6330531787422939,363,14.578512396694215,0.1793980715797073,0.34224000031827007,0.048506359065365275,36.43412783386052,0.004597921642525437,0.38016528925619836
optimal@30s+aware,2,400,2809,2522,0.8978284086863653,0.10217159131363475,0.02847988608045568,0.07369170523317907,295.1459575959668,280.67744058203834,474.2857444812345,276.2259492264263,1008.8,22.774781919111817,272.37117567685505,0.1934613334105047,0.16714095563910106,0.6393977109503942,369,14.29810298102981,0.17352384825823589,0.29927999974461267,0.04979375368296995,28.571007628915552,0.003737839503446889,0.35501355013550134
optimal@30s+aware,3,400,2809,2514,0.8949804200783197,0.10501957992168032,0.02741189035243859,0.07760768956924172,294.23679917265633,281.5743109201758,465.9972859606039,273.28794885842404,1005.6,23.276054097056484,270.96074507559985,0.19721985470657755,0.16464170813650558,0.638138437156917,367,13.920980926430518,0.1778719346108783,0.356118000308924,0.047759433962264154,36.46477557406256,0.005002917925446462,0.33242506811989103
optimal@30s+aware,4,400,2809,2476,0.8814524741901032,0.11854752580989676,0.03097187611249555,0.08757564969740121,304.71628572086337,295.21818288870077,488.2246641992715,280.0216511339577,990.4,25.58481421647819,279.13147150438516,0.20066381644139755,0.1672725449991659,0.6320636385594365,368,14.660326086956522,0.18847527174962717,0.4218520010363121,0.05292561011467216,41.83959648152681,0.005152171941895034,0.358695652173913
optimal@30s+aware,5,400,2809,2504,0.8914204343182627,0.10857956568173727,0.026343894624421504,0.08223567105731577,290.99423830031594,282.2855968758404,457.99674733364213,269.83556348475986,1001.6,21.6573482428115,269.33689005750443,0.19589974875855995,0.16534960540151958,0.6387506458399205,364,13.848901098901099,0.18887912086698874,0.34731799929431884,0.053263096283289436,41.35119722971189,0.0058403168863083,0.3708791208791209
optimal@30s+aware,0,450,2809,2557,0.9102883588465646,0.08971164115343538,0.02385190459238163,0.06585973656105376,273.65405859438386,263.74678637252146,444.77772070664184,258.39828537312206,1022.8,20.481032459913962,253.1730261344699,0.27844112255321374,0.14250745603896856,0.5790514214078177,361,13.717451523545707,0.2056689750297715,0.33181999933731277,0.0540303738317757,34.90864985383213,0.005184847500411187,0.3684210526315789
optimal@30s+aware,1,450,2809,2579,0.9181203275186899,0.08187967248131008,0.018867924528301886,0.0630117479530082,266.83364258564535,255.92047049450957,428.7676342917394,252.3908579868968,1031.6,19.089181853431562,247.74446073221378,0.2727973469953511,0.1413352453733232,0.5858674076313256,360,12.625,0.18931972230246982,0.3267970002525545,0.054250072526834926,35.44477031561054,0.0063518143610894655,0.39444444444444443
optimal@30s+aware,2,450,2809,2592,0.922748309006764,0.07725169099323603,0.021003915984336062,0.056247775008899964,261.21756034412175,248.1678039052158,429.0454763206314,249.40571079583256,1036.8,20.15354938271605,241.06401096140573,0.27639709677897717,0.1387799735500609,0.584822929670962,361,13.329639889196676,0.19818891966963764,0.3369199999724514,0.056910569105691054,29.28916576386431,0.00477813360701967,0.32409972299168976
optimal@30s+aware,3,450,2809,2593,0.9231043075827696,0.07689569241723034,0.018155927376290494,0.058739765040939834,261.5975121594378,248.71244056969135,433.0809243641187,248.08042198228006,1037.2,20.065561126108754,241.53195103332908,0.27712791997327574,0.1388119666918872,0.584060113334837,366,12.37704918032787,0.1974019125425842,0.3274799996688671,0.04871645274212369,25.136741956430104,0.004640051858316968,0.3360655737704918
optimal@30s+aware,4,450,2809,2558,0.9106443574225703,0.08935564257742969,0.022071911712353152,0.06728373086507654,271.3507897220535,261.64238653877055,447.96980336103263,255.4870344891345,1023.2,19.91673182173573,251.43405790031773,0.2783504810314119,0.14185918866618363,0.5797903303024046,371,12.568733153638814,0.20110862529897,0.3028699993592454,0.04525418748163385,34.38556913887202,0.005873600688468198,0.3450134770889488
optimal@30s+aware,5,450,2809,2578,0.9177643289426842,0.08223567105731577,0.022427910288358846,0.05980776076895693,258.4868000432751,245.44699586599927,415.4737812291752,245.23912442876707,1031.2,18.591931730023273,239.8948683132518,0.2767743219839874,0.13903466410068815,0.5841910139153245,366,12.508196721311476,0.19607049183773076,0.3236299994568985,0.05224751897256275,32.71730433785848,0.005962027403913878,0.32786885245901637
optimal@30s+aware,0,500,2809,2620,0.9327162691349234,0.06728373086507654,0.019935920256318976,0.04734781060875756,253.90548106087047,241.69603741096125,417.80086833919887,244.6959056469387,1048.0,18.446564885496183,235.4589161753743,0.34195690077777996,0.12446817772348984,0.5335749214987302,360,12.844444444444445,0.2101883333277025,0.3414319997136773,0.05072886297376093,24.66231940286031,0.004374379796442381,0.325
optimal@30s+aware,1,500,2809,2632,0.9369882520469918,0.0630117479530082,0.018511925952296192,0.044499822000711994,248.25539640100067,239.507959293692,413.38764572637285,239.49188899434597,1052.8,18.055091185410333,230.20030521559033,0.3416893913578787,0.12237622191669163,0.5359343867254297,362,12.201657458563536,0.2078712707605227,0.32133800024894293,0.05582875325426671,24.741182254185322,0.005038237497242165,0.26519337016574585
optimal@30s+aware,2,500,2809,2616,0.9312922748309007,0.06870772516909933,0.019223923104307584,0.04948380206479174,238.73108334698324,223.3648645144849,402.7029650951208,229.90993055086534,1046.4,17.999235474006117,220.7318478729771,0.3476998870600951,0.11843982071696137,0.5338602922229436,366,12.453551912568306,0.208159016388304,0.3252950004934974,0.054862119013062406,23.78447089315374,0.00463014540442032,0.28688524590163933
optimal@30s+aware,3,500,2809,2625,0.934496262014952,0.06550373798504806,0.018155927376290494,0.04734781060875756,239.18271594804256,223.74447714446796,403.8875687521049,229.67616250952076,1050.0,18.120380952380952,221.0623349956616,0.34946106590322934,0.11741555963154351,0.5331233744652272,362,11.950276243093922,0.2056690607847757,0.32431699972221395,0.05062554553389584,23.353775226467974,0.005017049143803003,0.2900552486187845
optimal@30s+aware,4,500,2809,2603,0.9266642933428266,0.07333570665717337,0.021003915984336062,0.05233179067283731,251.00032430543246,238.54449876671424,418.8836678582302,239.6101843345502,1041.2,18.141375336150595,232.8589489692818,0.3479600245369531,0.12247669895000497,0.5295632765130419,371,11.862533692722373,0.20469137464561016,0.325400000474474,0.046879578083797245,28.47218515928661,0.005787148791793704,0.32075471698113206
optimal@30s+aware,5,500,2809,2619,0.9323602705589178,0.06763972944108224,0.022427910288358846,0.04521181915272339,240.7765884485793,222.94895097383414,403.78736094087117,232.46133629122323,1047.6,18.128293241695303,222.648295206884,0.3458496417799746,0.11913620064054939,0.535014157579476,365,12.408219178082192,0.2125019177994595,0.3304040007060395,0.05,21.52238619062398,0.004177769149595817,0.29041095890410956
