mode,speed,seed,requests,completed,completion_rate,cancel_rate,cancel_no_match_rate,cancel_eta_rate,wait_mean_s,wait_p50_s,wait_p90_s,wait_all_mean_s,completed_per_hour,time_to_match_mean_s,pickup_mean_s,driver_idle_frac,driver_enroute_frac,driver_ontrip_frac,batches,batch_riders_mean,solve_ms_mean,solve_ms_p99,decline_rate,shadow_gap_s_per_batch,shadow_gap_frac,shadow_worse_batches_frac,identical_to_offline,wall_s,offers_received,offer_delay_mean_s,offer_delay_p99_s,offer_delay_max_s,tick_to_batch_ms_p50,tick_to_batch_ms_p99,offer_transit_ms_p50,offer_transit_ms_p99,rejected_frac,n_accepted,n_declined,n_quote_cancelled,max_lag_s,n_rejected:rider_gone
offline,0.0,0,2809,2694,0.959060163759345,0.04093983624065504,0.01067995728017088,0.030259878960484158,190.38408313629623,166.8312080977803,363.37142741382394,186.51582188756663,1077.6,18.257609502598367,172.12647363369786,0.3094987699976941,0.09025939063696083,0.6002418393653451,362,11.367403314917127,0.10731740343474168,0.21439299896883302,0.05182839044054132,,,,,,,,,,,,,,,,,,,
lockstep,0.0,0,2809,2694,0.959060163759345,0.04093983624065504,0.01067995728017088,0.030259878960484158,190.38408313629623,166.8312080977803,363.37142741382394,186.51582188756663,1077.6,18.257609502598367,172.12647363369786,0.3094987699976941,0.09025939063696083,0.6002418393653451,362,11.367403314917127,0.1266892264458513,0.22832199894764885,0.05182839044054132,,,,True,,,,,,,,,,,,,,,
live,10.0,0,2809,2693,0.9587041651833392,0.041295834816660736,0.01067995728017088,0.030615877536489856,190.36062342845366,166.95967505807312,363.53815318883886,186.4361400080281,1077.2,18.602467250131156,171.75815617832248,0.31008288013997753,0.0900055287292694,0.5999115911307531,362,11.37292817679558,0.15469696132359428,0.2979559979939948,0.05237410071942446,,,,,1536.576797400001,3475.0,0.31379703006462073,0.6947752199914248,0.7206650000080117,5.984663963317871,52.475833892822266,6.606578826904297,16.910653114318837,0.0,3202.0,182.0,91.0,0.6790410000030533,
live,30.0,0,2809,2691,0.9579921680313279,0.042007831968672124,0.011035955856176576,0.03097187611249555,190.78146021385908,166.0163027347353,365.16428082899256,186.51943704746893,1076.4,20.720611161847316,170.06084905201178,0.3123552484354485,0.08891258323512742,0.5987321683294241,363,11.31129476584022,0.163037740943659,0.2298800014250446,0.05211632594298877,,,,,512.7731009999989,3473.0,2.650455247650049,3.525706679963331,5.0,24.235248565673828,55.24965286254883,47.987937927246094,53.78304481506347,0.0,3200.0,181.0,92.0,2.273378999925626,
live,60.0,0,2809,2690,0.9576361694553222,0.04236383054467782,0.01067995728017088,0.031683873264506945,192.54137089064318,167.70500764506232,373.0643936261791,188.08833057966635,1076.0,19.580263693772025,172.96110719687115,0.310640722544331,0.09037312698074323,0.5989861504749258,363,11.272727272727273,0.11745509631805424,0.2196339987858664,0.05046136101499423,,,,,257.7933250999995,3468.0,2.375240057215931,4.0,4.887432000105036,14.103889465332031,34.238862991332994,3.9751529693603516,8.42583417892456,0.0,3199.0,175.0,94.0,1.8625440001051174,
offline,0.0,1,2809,2704,0.9626201495194019,0.037379850480598074,0.003203987184051264,0.034175863296546816,180.68473661496355,158.29858106183883,337.39297276064116,175.986918548084,1081.6,17.601701183431953,163.08303543153158,0.3084115106386901,0.0852377957634236,0.6063506935978863,362,10.475138121546962,0.0754591158847839,0.1594420003311824,0.04926955027212833,,,,,,,,,,,,,,,,,,,
lockstep,0.0,1,2809,2704,0.9626201495194019,0.037379850480598074,0.003203987184051264,0.034175863296546816,180.68473661496355,158.29858106183883,337.39297276064116,175.986918548084,1081.6,17.601701183431953,163.08303543153158,0.3084115106386901,0.0852377957634236,0.6063506935978863,362,10.475138121546962,0.08941381212070813,0.16282900010992304,0.04926955027212833,,,,True,,,,,,,,,,,,,,,
live,10.0,1,2809,2713,0.9658241367034532,0.034175863296546816,0.00355998576005696,0.030615877536489856,183.30848746246284,161.804367260067,340.12227115511433,178.95839595695247,1085.2,18.651210143000657,164.6572773194622,0.3050792591377199,0.08653188508622983,0.6083888557760503,362,10.486187845303867,0.1482511050208859,0.21815100157255074,0.04846572985374247,,,,,1536.546831399999,3487.0,0.8771706819841265,1.1415990200039228,1.5001639999900362,33.83588790893555,54.375336170196526,47.826290130615234,53.829498291015625,0.0,3227.0,169.0,91.0,0.3056569999898784,
live,30.0,1,2809,2709,0.9644001423994304,0.0355998576005696,0.00355998576005696,0.032039871840512636,184.4605204789987,160.72733214502614,349.56825181023044,179.72719551580812,1083.6,19.087892192151692,165.37262828684698,0.30431767875432897,0.08690139658719792,0.6087809246584731,362,10.535911602209945,0.15766850829999818,0.252916999925219,0.05037206639954207,,,,,513.2397555999996,3494.0,1.2744954878382562,2.141505869927278,3.778859999947599,20.296692848205566,49.66150999069214,5.172610282897949,9.965612888336205,0.0,3223.0,176.0,95.0,5.850353999958315,
live,60.0,1,2809,2714,0.9661801352794589,0.03381986472054112,0.004271982912068352,0.029547881808472766,186.93543276586027,163.60532888883336,346.5595145568478,182.88873960207417,1085.6,23.196305369766367,163.7391273960939,0.3034475099564687,0.087245230442399,0.6093072596011323,362,10.569060773480663,0.15788287294511452,0.22840099994937182,0.050672774119667904,,,,,257.38711500000136,3495.0,6.373119476164269,8.993632440019281,11.893307999853278,16.664743423461914,42.19797134399396,71.58255577087402,94.98839378356934,0.0005722460658082976,3228.0,177.0,88.0,1.9931879999785451,2.0
