arm,seed,drivers.num_drivers,riders.lateness_tolerance_median_s,requests,completed,completion_rate,cancel_rate,cancel_no_match_rate,cancel_eta_rate,cancel_late_rate,wait_mean_s,wait_p50_s,wait_p90_s,wait_all_mean_s,completed_per_hour,time_to_match_mean_s,pickup_mean_s,driver_idle_frac,driver_enroute_frac,driver_ontrip_frac,batches,batch_riders_mean,solve_ms_mean,solve_ms_p99,decline_rate,shadow_gap_s_per_batch,shadow_gap_frac,shadow_worse_batches_frac,app_opens,priced_out_rate,served_rate,retried_rate,surged_trip_frac,mean_multiplier_paid,revenue_per_hour,surge_revenue_per_hour,eta_error_mean_s,eta_abs_error_mean_s,eta_late_2min_frac
global_multiplier,0,400,120.0,2809,890,0.3168387326450694,0.6831612673549305,0.001423994304022784,0.002847988608045568,0.6788892844428622,179.59698910438092,157.2420250720893,317.6604839379535,212.84955491391338,356.0,16.28988764044944,163.3071014639315,0.61394061960585,0.1532701654582762,0.23278921493587376,365,9.747945205479452,0.18503095889671337,0.4969279998113053,0.04563719862227325,,,,2809,0.0,0.3168387326450694,0.0,0.0,1.0,7615.36662279635,0.0,103.82192627092648,104.85100842195475,0.3292134831460674
global_multiplier,1,400,120.0,2809,840,0.2990388038447846,0.7009611961552153,0.0,0.00177999288002848,0.6991812032751868,177.28173077472852,158.9085830698814,317.95214202039807,214.58535371584125,336.0,15.126190476190477,162.15554029853803,0.6220692189951927,0.15509857523631657,0.22283220576849067,361,9.772853185595569,0.18503407204221034,0.4379399999379504,0.05102622576966933,,,,2809,0.0,0.2990388038447846,0.0,0.0,1.0,7225.512063625577,0.0,106.55176045535383,106.9093784039052,0.3607142857142857
global_multiplier,2,400,120.0,2809,863,0.30722677109291563,0.6927732289070844,0.0,0.001423994304022784,0.6913492346030616,181.33662069250138,160.81847476465464,317.9236428859122,211.5398299389776,345.2,15.432213209733488,165.9044074827679,0.6165547343653515,0.15287295213257227,0.23057231350207633,360,9.794444444444444,0.19893555557801948,0.9344729997246766,0.05587067498581962,,,,2809,0.0,0.30722677109291563,0.0,0.0,1.0,7493.229983041665,0.0,104.10518016712724,105.86948300130058,0.3511008111239861
global_multiplier,3,400,120.0,2809,883,0.31434674261302953,0.6856532573869705,0.0,0.002135991456034176,0.6835172659309363,168.82408504646787,151.78406917320535,300.83708459846605,207.49825344864706,353.2,15.237825594563986,153.58625945190389,0.6149389467641462,0.14928383142673995,0.2357772218091138,360,9.827777777777778,0.19659111109780902,0.5929089997516755,0.05479840999432141,,,,2809,0.0,0.31434674261302953,0.0,0.0,1.0,7711.477833753078,0.0,100.50110705497467,101.86158036162576,0.2955832389580974
global_multiplier,4,400,120.0,2809,888,0.31612673549305803,0.683873264506942,0.002135991456034176,0.001423994304022784,0.680313278746885,170.85446271501945,152.28968469782058,300.9200490797345,210.9629247835573,355.2,15.11599099099099,155.73847172402847,0.622885716664974,0.15187988594075688,0.22523439739426912,364,9.782967032967033,0.18375467030577117,0.42046400013532564,0.04429105550762151,,,,2809,0.0,0.31612673549305803,0.0,0.0,1.0,7504.7486351705975,0.0,102.46953146567698,102.76151639778571,0.30855855855855857
global_multiplier,5,400,120.0,2809,860,0.30615877536489855,0.6938412246351015,0.000355998576005696,0.001423994304022784,0.692061231755073,174.05039691342273,158.8555087445393,302.68607704038914,209.79027149167138,344.0,14.501162790697675,159.54923412272504,0.6145715219191882,0.15129050186147752,0.23413797621933424,360,9.675,0.18307611111494124,0.32872500007215477,0.04092219020172911,,,,2809,0.0,0.30615877536489855,0.0,0.0,1.0,7488.602499945371,0.0,105.21622483363228,105.40188706363932,0.32558139534883723
global_multiplier,0,400,180.0,2809,1288,0.4585261658953364,0.5414738341046635,0.003915984336062656,0.006763972944108224,0.5307938768244927,242.51497794781272,225.79270134149465,425.02916522595586,270.85310306301164,515.2,16.187888198757765,226.32708974905498,0.4719899327783132,0.19708367870367846,0.3309263885180084,363,10.146005509641872,0.180134435250886,0.36873999977615307,0.04713998275366484,,,,2809,0.0,0.4585261658953364,0.0,0.0,1.0,11078.120236507148,0.0,133.76366824501204,136.71675487279816,0.5093167701863354
global_multiplier,1,400,180.0,2809,1256,0.44713421146315413,0.5528657885368459,0.001067995728017088,0.003203987184051264,0.5485938056247776,234.82343080535756,218.41308790869016,399.62957609328987,270.63544984001186,502.4,15.492834394904458,219.3305964104531,0.47987210508050515,0.1974395063945991,0.32268838852489573,360,9.791666666666666,0.18402722223274598,0.3594079998401874,0.04232651885977541,,,,2809,0.0,0.44713421146315413,0.0,0.0,1.0,10762.740136528064,0.0,136.3594025784102,137.69135961553238,0.5238853503184714
global_multiplier,2,400,180.0,2809,1225,0.43609825560697757,0.5639017443930224,0.001067995728017088,0.003915984336062656,0.5589177643289427,235.81170498165588,213.89366227505252,407.76570656512615,265.451206367722,490.0,15.560816326530611,220.25088865512527,0.47941853491357367,0.19432467481419807,0.32625679027222826,361,9.75623268698061,0.17888531853721643,0.3534200001013231,0.0470048724562912,,,,2809,0.0,0.43609825560697757,0.0,0.0,1.0,10659.927492693447,0.0,137.0157738880971,139.94047481636366,0.5289795918367347
global_multiplier,3,400,180.0,2809,1267,0.4510501957992168,0.5489498042007832,0.000711997152011392,0.004983980064079744,0.543253826984692,237.7911370344286,220.46667085513218,409.65698126745446,268.61466725151917,506.8,15.415153906866614,222.375983127562,0.4615836723711511,0.19599521649870177,0.34242111113014706,360,9.808333333333334,0.17309583334331868,0.28781400014850117,0.05186662866913651,,,,2809,0.0,0.4510501957992168,0.0,0.0,1.0,11234.745803428723,0.0,139.0338943983282,140.19455794170898,0.5177584846093133
global_multiplier,4,400,180.0,2809,1281,0.45603417586329653,0.5439658241367035,0.000355998576005696,0.003203987184051264,0.5404058383766465,231.32629766533256,210.26213046967223,408.97399979970305,265.55415379606046,512.4,15.672911787665885,215.6533858776667,0.4805370027718946,0.19324215972818665,0.3262208374999188,360,9.844444444444445,0.18490277774011096,0.3594580003118609,0.05239179954441914,,,,2809,0.0,0.45603417586329653,0.0,0.0,1.0,10972.298709253362,0.0,135.50485097859033,136.19128200207916,0.5230288836846214
global_multiplier,5,400,180.0,2809,1204,0.42862228551085796,0.5713777144891421,0.003203987184051264,0.002847988608045568,0.5653257386970452,233.53412415555098,214.53545895921843,415.1604406344516,266.01903626115785,481.6,15.911960132890366,217.62216402266063,0.4887308824149659,0.19314484288447212,0.318124274700562,360,10.147222222222222,0.18203722222299096,0.36109200014834697,0.04979965655409273,,,,2809,0.0,0.42862228551085796,0.0,0.0,1.0,10329.385305512686,0.0,137.78774328023746,138.65353332264115,0.5340531561461794
global_multiplier,0,400,300.0,2809,1758,0.6258454966180135,0.37415450338198647,0.006407974368102528,0.016019935920256318,0.35172659309362764,339.6296578644374,328.8072395705517,556.6440237431977,358.0500102514336,703.2,17.806029579067122,321.8236282853703,0.28492479456780895,0.25998048391117007,0.455094721521021,364,10.760989010989011,0.1676969780239413,0.30344400058311305,0.05056018385521402,,,,2809,0.0,0.6258454966180135,0.0,0.0,1.0,15161.298462974431,0.0,185.34817827532294,188.88106112287983,0.7070534698521047
global_multiplier,1,400,300.0,2809,1771,0.6304734781060876,0.36952652189391244,0.00177999288002848,0.013883944464222144,0.3538625845496618,341.6668050541588,334.88863757719173,554.3577100374168,362.62711349290873,708.4,17.13099943534726,324.53580561881154,0.279585152145951,0.26243569748527407,0.45797915036877496,361,10.138504155124654,0.16355900275066285,0.25593999980628723,0.045924225028702644,,,,2809,0.0,0.6304734781060876,0.0,0.0,1.0,15229.095649221515,0.0,187.47519250138282,190.3238086167308,0.7024280067758328
global_multiplier,2,400,300.0,2809,1757,0.6254894980420078,0.3745105019579922,0.002847988608045568,0.011747953008187968,0.3599145603417586,331.04469871883515,321.98843582708105,538.2830623351563,351.9602535255225,702.8,18.06374501992032,312.9809536989148,0.28263029922397037,0.25551230264915964,0.46185739812687,360,10.45,0.1650258333509353,0.31099699956939786,0.052226027397260275,,,,2809,0.0,0.6254894980420078,0.0,0.0,1.0,15305.949300242015,0.0,181.3786368661249,185.6680236567368,0.6898121798520205
global_multiplier,3,400,300.0,2809,1767,0.6290494838020648,0.37095051619793523,0.004983980064079744,0.019579921680313278,0.3463866144535422,329.5075348036569,321.0260264758472,539.7696412937198,349.312610706581,706.8,16.826825127334466,312.68070967632235,0.2800783974765876,0.2535164844246932,0.4664051180987192,368,10.146739130434783,0.16017309781832606,0.3285620001042842,0.04439319688671087,,,,2809,0.0,0.6290494838020648,0.0,0.0,1.0,15292.371980776155,0.0,184.84660086792763,188.87653706901116,0.6864742501414828
global_multiplier,4,400,300.0,2809,1775,0.6318974724101104,0.36810252758988965,0.002135991456034176,0.019223923104307584,0.3467426130295479,331.8721419324699,328.4411421236291,542.3283226468441,352.7638179686297,710.0,16.628732394366196,315.2434095381037,0.2873186906783982,0.2559087489623439,0.4567725603592579,360,10.166666666666666,0.1374247222277821,0.33200600018062754,0.05273660205245154,,,,2809,0.0,0.6318974724101104,0.0,0.0,1.0,15223.01753204129,0.0,184.2462052435955,186.65809227989828,0.6873239436619718
global_multiplier,5,400,300.0,2809,1751,0.6233535065859737,0.37664649341402634,0.00177999288002848,0.009611961552153792,0.36525453898184407,333.006353585467,328.8909778773377,527.8376080512335,354.67299276461335,700.4,16.988577955454026,316.01777563001303,0.28585539563946505,0.25845353512686287,0.4556910692336721,360,10.127777777777778,0.13564666669986358,0.25919200051248587,0.05406943653955606,,,,2809,0.0,0.6233535065859737,0.0,0.0,1.0,15186.55484554129,0.0,185.58236054873223,188.0291744418941,0.6944603083952028
learned_eta,0,400,120.0,2809,2031,0.7230331078675686,0.2769668921324315,0.039515841936632254,0.13848344606621574,0.09896760412958348,334.4689133153615,335.7194362994278,513.3941589335718,308.8245154077768,812.4,22.450024618414574,312.0188886969469,0.26063079342979306,0.208414284109616,0.530954922460591,360,15.847222222222221,0.144575277760042,0.2677339997808315,0.047048246928378785,,,,2809,0.0,0.7230331078675686,0.0,0.0,1.0,17340.862470769567,0.0,-10.730422436262067,54.54458896584315,0.03545051698670606
learned_eta,1,400,120.0,2809,2019,0.7187611249555002,0.28123887504449985,0.03880384478462086,0.1409754360982556,0.10145959416162335,340.8697716327062,340.4424382197212,523.9774445716746,312.3013570442061,807.6,24.7221396731055,316.1476319596007,0.2661126464661754,0.20858063735635088,0.5253067161774737,360,16.48611111111111,0.14256777780145866,0.2837880001152375,0.05104477611940299,,,,2809,0.0,0.7187611249555002,0.0,0.0,1.0,17331.162551648285,0.0,-12.493678995444876,54.548238616257635,0.026250619118375434
learned_eta,2,400,120.0,2809,2005,0.7137771448914204,0.2862228551085796,0.036667853328586686,0.13634745461018155,0.11320754716981132,340.4055751947987,337.6069870416741,526.2469737515487,316.18190261761214,802.0,23.12269326683292,317.2828819279658,0.26282781093699326,0.21421680029591916,0.5229553887670876,360,15.169444444444444,0.15359583331297066,0.3352350003024188,0.05519480519480519,,,,2809,0.0,0.7137771448914204,0.0,0.0,1.0,17192.296287224694,0.0,-15.123444658405429,55.29152491571307,0.02543640897755611
learned_eta,3,400,120.0,2809,2040,0.7262370950516198,0.2737629049483802,0.030615877536489856,0.12815948736205054,0.1149875400498398,337.40830370736353,337.51077880736557,522.7133593313856,318.0292788333532,816.0,22.742156862745098,314.6661468446185,0.25852495009475335,0.21457466179483428,0.5269003881104124,360,14.86111111111111,0.1558555555549093,0.25513600023259664,0.045063741476430476,,,,2809,0.0,0.7262370950516198,0.0,0.0,1.0,17446.21638102689,0.0,-14.095203435611824,56.00855709308102,0.028431372549019607
learned_eta,4,400,120.0,2809,2011,0.7159131363474546,0.2840868636525454,0.034175863296546816,0.14524741901032395,0.10466358134567462,348.123550501505,349.72731814335566,526.5790634263521,316.9098637620771,804.4,24.557434112381898,323.5661163891231,0.2649480525384497,0.2133207819757147,0.5217311654858355,360,15.558333333333334,0.15665916666623364,0.2497519994358301,0.05,,,,2809,0.0,0.7159131363474546,0.0,0.0,1.0,17229.15258227412,0.0,-11.1707451072507,56.635486004426085,0.0382894082545997
learned_eta,5,400,120.0,2809,2026,0.7212531149875401,0.27874688501246,0.025631897472410112,0.14738341046635814,0.1057315770736917,344.3960134686958,344.54204386574656,517.7484648049867,314.0443984772685,810.4,22.716683119447186,321.67933034924863,0.24732776844665735,0.21507231890581063,0.537599912647532,360,14.213888888888889,0.15677527781008394,0.311851000178649,0.04885226603884638,,,,2809,0.0,0.7212531149875401,0.0,0.0,1.0,17619.903307626817,0.0,-12.2525047717431,55.70009622345241,0.030108588351431393
learned_eta,0,400,180.0,2809,2109,0.7508009967960129,0.2491990032039872,0.04556781772872909,0.141687433250267,0.0619437522249911,357.00818833203886,355.94660991813726,555.3453876010668,319.7820827695057,843.6,24.10004741583689,332.908140916202,0.2375564204252605,0.2137606089225532,0.5486829706521863,360,16.788888888888888,0.15692055556226275,0.3307099998437497,0.04222357229647631,,,,2809,0.0,0.7508009967960129,0.0,0.0,1.0,17998.165172433375,0.0,-3.933029001450471,60.95085491143418,0.06401137980085349
learned_eta,1,400,180.0,2809,2116,0.7532929868280527,0.24670701317194732,0.04556781772872909,0.14346742613029548,0.05767176931292275,359.6834609293626,355.16213262550673,558.0444292983971,320.4775263925675,846.4,26.01937618147448,333.6640847478881,0.2331549848958585,0.2113465071880708,0.5554985079160707,360,17.305555555555557,0.1493377777705973,0.25343900031657585,0.053721488595438176,,,,2809,0.0,0.7532929868280527,0.0,0.0,1.0,18348.18947405929,0.0,-6.339924493941727,61.616518044665234,0.06049149338374291
learned_eta,2,400,180.0,2809,2116,0.7532929868280527,0.24670701317194732,0.03987184051263795,0.14275542897828408,0.06407974368102527,361.4823228907061,360.4827746582596,552.2128377700628,325.772396366225,846.4,23.69234404536862,337.78997884533743,0.23173685369929192,0.21930781675909267,0.5489553295416154,360,16.04722222222222,0.14689861111239427,0.23878500004684633,0.051266766020864385,,,,2809,0.0,0.7532929868280527,0.0,0.0,1.0,18213.235711753914,0.0,-6.378668815752321,61.56856438458067,0.06427221172022685
learned_eta,3,400,180.0,2809,2155,0.7671769312922748,0.23282306870772518,0.03275186899252403,0.1349234603061588,0.06514773940904237,359.5771429296545,357.66425828116917,551.2831726344994,327.6251963483386,862.0,23.676566125290023,335.9005768043645,0.22428440010542267,0.2200830188655708,0.5556325810290065,363,15.190082644628099,0.15230550963012518,0.31368199988719414,0.049718851731281447,,,,2809,0.0,0.7671769312922748,0.0,0.0,1.0,18455.034495116128,0.0,-6.237437050225068,60.17418914371999,0.05614849187935035
learned_eta,4,400,180.0,2809,2091,0.7443930224279103,0.2556069775720897,0.041295834816660736,0.14809540761836953,0.06621573513705944,360.0974623767205,356.59913365459397,557.2233414013208,322.34966475285404,836.4,25.459588713534195,334.6378736631863,0.24267264656495996,0.21311609278945765,0.5442112606455825,360,16.488888888888887,0.14701888887884706,0.25460999942879425,0.05007496251874063,,,,2809,0.0,0.7443930224279103,0.0,0.0,1.0,18063.844940766496,0.0,-3.6121232610153604,59.36296123566999,0.05834528933524629
learned_eta,5,400,180.0,2809,2122,0.7554289782840868,0.24457102171591313,0.037379850480598074,0.14738341046635814,0.05980776076895693,357.08928598255545,353.14484114918946,549.8164338080936,317.35965645692715,848.8,23.469368520263902,333.61991746229154,0.22726324782421486,0.21347751282282218,0.559259239352963,360,15.26388888888889,0.1489713889036971,0.37304300000869667,0.04794520547945205,,,,2809,0.0,0.7554289782840868,0.0,0.0,1.0,18355.35767321068,0.0,-6.660624919863212,61.554998467526886,0.05466540999057493
learned_eta,0,400,300.0,2809,2189,0.7792808828764685,0.2207191171235315,0.04592381630473478,0.1509433962264151,0.02385190459238163,376.3256928764727,368.67584481390986,592.7519910927333,324.37461379146373,875.6,25.97167656464139,350.3540163118313,0.21704050789594134,0.21548813828609165,0.567471353817967,362,16.925414364640883,0.14269088395703675,0.2346349998515503,0.04889827950498038,,,,2809,0.0,0.7792808828764685,0.0,0.0,1.0,18596.318406085706,0.0,5.140776342843275,66.83914962824109,0.09867519415258108
learned_eta,1,400,300.0,2809,2205,0.7849768600925596,0.21502313990744037,0.04592381630473478,0.14560341758632966,0.023495906016375936,376.8425035042643,369.99361677773777,585.0133106541836,329.5467500354314,882.0,25.29297052154195,351.5495329827223,0.20795454753712786,0.21634795949786617,0.5756974929650059,360,17.56111111111111,0.14417499997610625,0.29230600021037456,0.05381840048105833,,,,2809,0.0,0.7849768600925596,0.0,0.0,1.0,19010.983048088136,0.0,1.9359336014107955,68.32173014779961,0.09614512471655329
learned_eta,2,400,300.0,2809,2176,0.7746529013883945,0.22534709861160557,0.04485582057671769,0.1505873976504094,0.029903880384478464,383.89785053647256,375.09211074552377,590.6605728760323,334.70475127946605,870.4,26.18198529411765,357.71586524235494,0.2087297370836105,0.2228268931603141,0.5684433697560755,361,16.84764542936288,0.1507096952502801,0.26116000008187235,0.05489260143198091,,,,2809,0.0,0.7746529013883945,0.0,0.0,1.0,18735.83549607202,0.0,4.699201988268127,68.96411286516015,0.10248161764705882
learned_eta,3,400,300.0,2809,2247,0.7999288002847988,0.20007119971520113,0.03381986472054112,0.14453542185831256,0.021715913136347454,377.36582816694334,370.74435516662743,588.0553581895377,330.62049532635626,898.8,24.119270137961728,353.2465580289816,0.2013160634582388,0.22144394901944264,0.5772399875223185,360,15.45,0.15819749997060878,0.29432100032863745,0.047505938242280284,,,,2809,0.0,0.7999288002847988,0.0,0.0,1.0,19256.16715428651,0.0,4.029332854478587,68.72304611843515,0.10013351134846461
learned_eta,4,400,300.0,2809,2192,0.7803488786044855,0.21965112139551443,0.046279814880740476,0.1502313990744037,0.023139907440370238,376.5853646388853,369.46152156698827,591.4219780421342,325.5436116850109,876.8,25.41286496350365,351.1724996753817,0.2221115905840146,0.21428853525854125,0.5635998741574442,361,16.75623268698061,0.15385041550823525,0.25843999974313153,0.048323769254001815,,,,2809,0.0,0.7803488786044855,0.0,0.0,1.0,18783.897609437015,0.0,5.773513473108774,67.60360969420206,0.09762773722627738
learned_eta,5,400,300.0,2809,2212,0.7874688501245996,0.2125311498754005,0.041651833392666426,0.15165539337842648,0.019223923104307584,376.91080421499856,374.5221965515252,581.3408234968655,324.7314897568071,884.8,24.26491862567812,352.64588558932047,0.20208707350447178,0.21667782121930446,0.5812351052762238,361,15.90027700831025,0.1573512465704948,0.25287999942520395,0.046762589928057555,,,,2809,0.0,0.7874688501245996,0.0,0.0,1.0,19020.182746096536,0.0,5.017930732747512,65.471248357618,0.09177215189873418
