arm,seed,drivers.num_drivers,requests,completed,completion_rate,cancel_rate,cancel_no_match_rate,cancel_eta_rate,wait_mean_s,wait_p50_s,wait_p90_s,wait_all_mean_s,completed_per_hour,time_to_match_mean_s,pickup_mean_s,driver_idle_frac,driver_enroute_frac,driver_ontrip_frac,batches,batch_riders_mean,solve_ms_mean,solve_ms_p99,decline_rate,shadow_gap_s_per_batch,shadow_gap_frac,shadow_worse_batches_frac,app_opens,priced_out_rate,served_rate,retried_rate,surged_trip_frac,mean_multiplier_paid,revenue_per_hour,surge_revenue_per_hour,eta_error_mean_s,eta_abs_error_mean_s,eta_late_2min_frac
global_multiplier,0,400,2809,2438,0.8679245283018868,0.1320754716981132,0.06336774652901389,0.06870772516909933,564.0259842622353,539.676101162433,845.2017281084852,509.45191817032793,975.2,38.96636587366694,525.0596183885683,0.04032774517928759,0.3197964671283932,0.6398757876923192,360,20.352777777777778,0.12687027778686874,0.19589700013511907,0.05726341169379144,,,,2809,0.0,0.8679245283018868,0.0,0.0,1.0,20882.426425673828,0.0,262.7906449611029,267.81426554418704,0.7895816242821985
global_multiplier,1,400,2809,2424,0.8629405482378071,0.13705945176219295,0.060875756496974014,0.07618369526521894,565.1695693864817,544.7542085043806,845.598769325894,505.22611234303076,969.6,41.62541254125413,523.5441568452276,0.05111508365169443,0.3132494076977986,0.635635508650507,360,20.183333333333334,0.12628083333589124,0.19676900013109896,0.048728813559322036,,,,2809,0.0,0.8629405482378071,0.0,0.0,1.0,20800.921089761658,0.0,259.7906907804373,265.23884028564044,0.7970297029702971
global_multiplier,2,400,2809,2448,0.8714845140619437,0.12851548593805626,0.05197579209683161,0.07653969384122464,571.5010298231691,547.2973464354629,866.1031360379968,515.6646492258307,979.2,42.591911764705884,528.9091180584633,0.036567334231107904,0.31965191017410427,0.6437807555947879,360,20.105555555555554,0.1298361111013138,0.2075969998259098,0.049760191846522785,,,,2809,0.0,0.8714845140619437,0.0,0.0,1.0,21049.45484459474,0.0,262.41793326015454,268.19979718794406,0.7867647058823529
global_multiplier,3,400,2809,2467,0.878248487006052,0.12175151299394803,0.05731577073691705,0.06443574225703097,560.8809892122157,542.5463271375811,851.86399993782,510.4716120862838,986.8,40.618970409404135,520.2620188028116,0.03982480141560615,0.31753460141297774,0.6426405971714161,363,19.52341597796143,0.1276421487740207,0.18930600022940772,0.050240673886883275,,,,2809,0.0,0.878248487006052,0.0,0.0,1.0,21098.895656712328,0.0,260.5646391952074,265.1139609001732,0.7892176732873936
global_multiplier,4,400,2809,2456,0.8743325026699893,0.12566749733001067,0.05945176219295123,0.06621573513705944,570.5465811154231,550.6356468447027,857.5148497678158,516.5187309836114,982.4,42.96824104234528,527.5783400730778,0.038969780120535875,0.3210576369245272,0.639972582954937,365,19.778082191780822,0.18324904111143217,0.3597720000470873,0.05342136854741897,,,,2809,0.0,0.8743325026699893,0.0,0.0,1.0,21091.42890497657,0.0,261.00390923419815,267.3700230071487,0.7943811074918566
global_multiplier,5,400,2809,2457,0.8746885012459951,0.125311498754005,0.050907796368814526,0.07440370238519046,567.3300691840024,544.1579274295655,847.8599309129498,512.335364656812,982.8,42.63410663410664,524.6959625498957,0.03655732545218653,0.31813491281531436,0.645307761732499,361,19.506925207756233,0.17800831026438962,0.3976400001192811,0.048160335028417586,,,,2809,0.0,0.8746885012459951,0.0,0.0,1.0,21088.922107129045,0.0,253.06197062764969,259.4780913607561,0.7798127798127799
learned_eta,0,400,2809,2240,0.797436810252759,0.20256318974724102,0.051263794944820223,0.1512993948024208,385.1686597333408,378.1978633273902,598.9005241638629,325.6300252615908,896.0,25.39419642857143,359.77446330476937,0.20767693822090974,0.21480272484894333,0.5775203369301469,362,17.383977900552487,0.1787638121409924,0.29381500015915624,0.05090909090909091,,,,2809,0.0,0.797436810252759,0.0,0.0,1.0,19138.58687115159,0.0,9.77490617702056,72.30337582619882,0.11919642857142858
learned_eta,1,400,2809,2231,0.7942328230687077,0.20576717693129226,0.05268778924884301,0.15307938768244927,392.71817623168147,385.1676489872316,611.7172348766953,331.19890808195765,892.4,25.405647691618107,367.31252854006334,0.2000109624903952,0.216516919505201,0.5834721180044038,360,17.733333333333334,0.17744888889157867,0.30820900013168323,0.05210542259921236,,,,2809,0.0,0.7942328230687077,0.0,0.0,1.0,19250.177256315495,0.0,11.19458058000359,74.27604418882174,0.12460779919318692
learned_eta,2,400,2809,2259,0.8042007831968672,0.19579921680313278,0.043787824848700606,0.1520113919544322,400.90158890982184,391.82198350794897,627.529503803792,339.4494033726614,903.6,26.25188136343515,374.6497075463867,0.1824131237931333,0.22550333402200942,0.5920835421848573,360,16.71388888888889,0.15649750000395418,0.3713739998238453,0.051765409934171155,,,,2809,0.0,0.8042007831968672,0.0,0.0,1.0,19517.088970009714,0.0,14.774544810716222,75.84253814280122,0.1363435148295706
learned_eta,3,400,2809,2280,0.8116767532929868,0.18832324670701317,0.03987184051263795,0.14845140619437522,391.22522596642057,380.4560571744091,609.993729766184,333.4168511150749,912.0,24.82017543859649,366.4050505278241,0.190443747875836,0.22093546765109215,0.5886207844730719,363,15.757575757575758,0.15527713498354276,0.34165599997322704,0.043478260869565216,,,,2809,0.0,0.8116767532929868,0.0,0.0,1.0,19570.831286731685,0.0,11.377602309569987,74.60350100034731,0.13026315789473683
learned_eta,4,400,2809,2229,0.7935208259166964,0.20647917408330366,0.046279814880740476,0.1601993592025632,392.36368753310217,377.835713126904,622.6155329579785,329.47414140885365,891.6,25.10004486316734,367.2636426699348,0.21105957862099506,0.21650583938367277,0.5724345819953321,360,16.944444444444443,0.15374694443532158,0.28320899990831155,0.04577144589269476,,,,2809,0.0,0.7935208259166964,0.0,0.0,1.0,19137.122439572806,0.0,14.147259641729283,75.45505905487394,0.12875729026469268
learned_eta,5,400,2809,2263,0.80562477750089,0.19437522249911,0.04343182627269491,0.1509433962264151,394.63453879870485,386.2577238676604,619.9747042720611,333.6440561670053,905.2,26.311975254087493,368.32256354461737,0.18686061089755096,0.22132399678819473,0.5918153923142544,360,16.36111111111111,0.15249027777978577,0.40093500024795614,0.05083732057416268,,,,2809,0.0,0.80562477750089,0.0,0.0,1.0,19488.893514916446,0.0,12.96984393818807,73.29848654800182,0.1232876712328767
