arm,seed,drivers.num_drivers,pricing.elasticity,requests,completed,completion_rate,cancel_rate,cancel_no_match_rate,cancel_eta_rate,wait_mean_s,wait_p50_s,wait_p90_s,wait_all_mean_s,completed_per_hour,time_to_match_mean_s,pickup_mean_s,driver_idle_frac,driver_enroute_frac,driver_ontrip_frac,batches,batch_riders_mean,solve_ms_mean,solve_ms_p99,decline_rate,shadow_gap_s_per_batch,shadow_gap_frac,shadow_worse_batches_frac,app_opens,priced_out_rate,served_rate,retried_rate,surged_trip_frac,mean_multiplier_paid,revenue_per_hour,surge_revenue_per_hour,eta_error_mean_s,eta_abs_error_mean_s,eta_late_2min_frac
no_surge,0,300,0.3,2809,2196,0.7817728729085084,0.21822712709149164,0.14382342470630116,0.07440370238519046,352.0493532370867,338.8043728619273,536.9574310091548,318.1700075141975,878.4,69.96493624772313,282.08441698936355,0.022632016567982707,0.16442218505134729,0.81294579838067,372,30.586021505376344,0.09122553764897137,0.1894830000674128,0.0419973544973545,,,,2809,0.0,0.7817728729085084,0.0,0.0,1.0,17778.080190839806,0.0,-2.888197675354551e-15,2.739225563638637e-13,0.0
no_surge,1,300,0.3,2809,2189,0.7792808828764685,0.2207191171235315,0.14773940904236382,0.07297970808116767,356.62292860638814,336.76789759130133,549.8140711722604,320.13515995433755,875.6,70.90772042028324,285.7152081861049,0.01834637947740071,0.16408088077927196,0.8175727397433273,374,30.109625668449198,0.08156818180541839,0.16778600001089194,0.044854881266490766,,,,2809,0.0,0.7792808828764685,0.0,0.0,1.0,17843.496630397254,0.0,3.8505313855432566e-15,2.770313291999335e-13,0.0
no_surge,2,300,0.3,2809,2200,0.7831968672125311,0.21680313278746885,0.16126735493058028,0.055535777856888575,357.36278464926403,345.29093130186084,535.376898785137,323.518745101984,880.0,72.12363636363636,285.23914828562766,0.01720564628948495,0.16324812259809068,0.8195462311124243,366,31.26775956284153,0.07605792350043343,0.1319300002705859,0.05205570291777188,,,,2809,0.0,0.7831968672125311,0.0,0.0,1.0,17885.426284319645,0.0,1.7262958739262434e-15,2.7272406555312046e-13,0.0
no_surge,3,300,0.3,2809,2196,0.7817728729085084,0.21822712709149164,0.15272338910644356,0.06550373798504806,363.42041063215424,347.1907345529082,550.1362279616433,328.2656105989881,878.4,75.55601092896175,287.8643997031925,0.016697664947684848,0.16371552980955786,0.8195868052427573,371,31.304582210242586,0.08567088947911984,0.18280000017512077,0.04716358839050132,,,,2809,0.0,0.7817728729085084,0.0,0.0,1.0,17846.416177724543,0.0,4.730480326417425e-15,2.7386957304283426e-13,0.0
no_surge,4,300,0.3,2809,2196,0.7817728729085084,0.21822712709149164,0.13919544321822713,0.07903168387326451,351.2265933148889,336.1402525566041,540.0101303589436,314.655816807262,878.4,67.81785063752277,283.4087426773661,0.017861987823410433,0.16556552977242495,0.8165724824041646,366,29.581967213114755,0.09389808743842958,0.16117500003929314,0.05443940375891121,,,,2809,0.0,0.7817728729085084,0.0,0.0,1.0,17848.31770246363,0.0,1.5555255929720773e-15,2.748960743311762e-13,0.0
no_surge,5,300,0.3,2809,2204,0.784620861516554,0.21537913848344606,0.14061943752224992,0.07475970096119615,349.3694268147029,330.75666497164684,538.5906679090773,316.3610415624745,881.6,69.24228675136116,280.1271400633417,0.01640615057962276,0.1599515382269165,0.8236423111934607,366,30.14207650273224,0.08791038250988815,0.16710499969576645,0.046314416177429873,,,,2809,0.0,0.784620861516554,0.0,0.0,1.0,17975.10104435003,0.0,-1.0783872282747436e-14,2.729302970359089e-13,0.0
no_surge,0,300,0.5,2809,2196,0.7817728729085084,0.21822712709149164,0.14382342470630116,0.07440370238519046,352.0493532370867,338.8043728619273,536.9574310091548,318.1700075141975,878.4,69.96493624772313,282.08441698936355,0.022632016567982707,0.16442218505134729,0.81294579838067,372,30.586021505376344,0.09783440859987472,0.1936579999210153,0.0419973544973545,,,,2809,0.0,0.7817728729085084,0.0,0.0,1.0,17778.080190839806,0.0,-2.888197675354551e-15,2.739225563638637e-13,0.0
no_surge,1,300,0.5,2809,2189,0.7792808828764685,0.2207191171235315,0.14773940904236382,0.07297970808116767,356.62292860638814,336.76789759130133,549.8140711722604,320.13515995433755,875.6,70.90772042028324,285.7152081861049,0.01834637947740071,0.16408088077927196,0.8175727397433273,374,30.109625668449198,0.0884395721804271,0.16952400008449328,0.044854881266490766,,,,2809,0.0,0.7792808828764685,0.0,0.0,1.0,17843.496630397254,0.0,3.8505313855432566e-15,2.770313291999335e-13,0.0
no_surge,2,300,0.5,2809,2200,0.7831968672125311,0.21680313278746885,0.16126735493058028,0.055535777856888575,357.36278464926403,345.29093130186084,535.376898785137,323.518745101984,880.0,72.12363636363636,285.23914828562766,0.01720564628948495,0.16324812259809068,0.8195462311124243,366,31.26775956284153,0.0910904371495568,0.18101499993008494,0.05205570291777188,,,,2809,0.0,0.7831968672125311,0.0,0.0,1.0,17885.426284319645,0.0,1.7262958739262434e-15,2.7272406555312046e-13,0.0
no_surge,3,300,0.5,2809,2196,0.7817728729085084,0.21822712709149164,0.15272338910644356,0.06550373798504806,363.42041063215424,347.1907345529082,550.1362279616433,328.2656105989881,878.4,75.55601092896175,287.8643997031925,0.016697664947684848,0.16371552980955786,0.8195868052427573,371,31.304582210242586,0.08909568732094165,0.16700999995009633,0.04716358839050132,,,,2809,0.0,0.7817728729085084,0.0,0.0,1.0,17846.416177724543,0.0,4.730480326417425e-15,2.7386957304283426e-13,0.0
no_surge,4,300,0.5,2809,2196,0.7817728729085084,0.21822712709149164,0.13919544321822713,0.07903168387326451,351.2265933148889,336.1402525566041,540.0101303589436,314.655816807262,878.4,67.81785063752277,283.4087426773661,0.017861987823410433,0.16556552977242495,0.8165724824041646,366,29.581967213114755,0.10217704918004579,0.2342249999628635,0.05443940375891121,,,,2809,0.0,0.7817728729085084,0.0,0.0,1.0,17848.31770246363,0.0,1.5555255929720773e-15,2.748960743311762e-13,0.0
no_surge,5,300,0.5,2809,2204,0.784620861516554,0.21537913848344606,0.14061943752224992,0.07475970096119615,349.3694268147029,330.75666497164684,538.5906679090773,316.3610415624745,881.6,69.24228675136116,280.1271400633417,0.01640615057962276,0.1599515382269165,0.8236423111934607,366,30.14207650273224,0.09652622951180688,0.18176000005496484,0.046314416177429873,,,,2809,0.0,0.784620861516554,0.0,0.0,1.0,17975.10104435003,0.0,-1.0783872282747436e-14,2.729302970359089e-13,0.0
no_surge,0,300,0.8,2809,2196,0.7817728729085084,0.21822712709149164,0.14382342470630116,0.07440370238519046,352.0493532370867,338.8043728619273,536.9574310091548,318.1700075141975,878.4,69.96493624772313,282.08441698936355,0.022632016567982707,0.16442218505134729,0.81294579838067,372,30.586021505376344,0.09033064516090665,0.18320400024094868,0.0419973544973545,,,,2809,0.0,0.7817728729085084,0.0,0.0,1.0,17778.080190839806,0.0,-2.888197675354551e-15,2.739225563638637e-13,0.0
no_surge,1,300,0.8,2809,2189,0.7792808828764685,0.2207191171235315,0.14773940904236382,0.07297970808116767,356.62292860638814,336.76789759130133,549.8140711722604,320.13515995433755,875.6,70.90772042028324,285.7152081861049,0.01834637947740071,0.16408088077927196,0.8175727397433273,374,30.109625668449198,0.09495989305429384,0.17341400016903175,0.044854881266490766,,,,2809,0.0,0.7792808828764685,0.0,0.0,1.0,17843.496630397254,0.0,3.8505313855432566e-15,2.770313291999335e-13,0.0
no_surge,2,300,0.8,2809,2200,0.7831968672125311,0.21680313278746885,0.16126735493058028,0.055535777856888575,357.36278464926403,345.29093130186084,535.376898785137,323.518745101984,880.0,72.12363636363636,285.23914828562766,0.01720564628948495,0.16324812259809068,0.8195462311124243,366,31.26775956284153,0.08602267758099719,0.17621000006329274,0.05205570291777188,,,,2809,0.0,0.7831968672125311,0.0,0.0,1.0,17885.426284319645,0.0,1.7262958739262434e-15,2.7272406555312046e-13,0.0
no_surge,3,300,0.8,2809,2196,0.7817728729085084,0.21822712709149164,0.15272338910644356,0.06550373798504806,363.42041063215424,347.1907345529082,550.1362279616433,328.2656105989881,878.4,75.55601092896175,287.8643997031925,0.016697664947684848,0.16371552980955786,0.8195868052427573,371,31.304582210242586,0.09101320754025266,0.17472000004090668,0.04716358839050132,,,,2809,0.0,0.7817728729085084,0.0,0.0,1.0,17846.416177724543,0.0,4.730480326417425e-15,2.7386957304283426e-13,0.0
no_surge,4,300,0.8,2809,2196,0.7817728729085084,0.21822712709149164,0.13919544321822713,0.07903168387326451,351.2265933148889,336.1402525566041,540.0101303589436,314.655816807262,878.4,67.81785063752277,283.4087426773661,0.017861987823410433,0.16556552977242495,0.8165724824041646,366,29.581967213114755,0.08029699452875871,0.16498000011324623,0.05443940375891121,,,,2809,0.0,0.7817728729085084,0.0,0.0,1.0,17848.31770246363,0.0,1.5555255929720773e-15,2.748960743311762e-13,0.0
no_surge,5,300,0.8,2809,2204,0.784620861516554,0.21537913848344606,0.14061943752224992,0.07475970096119615,349.3694268147029,330.75666497164684,538.5906679090773,316.3610415624745,881.6,69.24228675136116,280.1271400633417,0.01640615057962276,0.1599515382269165,0.8236423111934607,366,30.14207650273224,0.08714344262766818,0.16553499983729134,0.046314416177429873,,,,2809,0.0,0.784620861516554,0.0,0.0,1.0,17975.10104435003,0.0,-1.0783872282747436e-14,2.729302970359089e-13,0.0
no_surge,0,400,0.3,2809,2596,0.9241723033107867,0.07582769668921324,0.025275898896404414,0.05055179779280883,237.02082829128562,217.87856116133707,417.11156147231213,227.35156662192293,1038.4,23.34129429892142,213.6795339923642,0.16133903946880138,0.12828099259620585,0.7103799679349928,363,13.90633608815427,0.08598292012192117,0.15713799994955477,0.04677846425419241,,,,2809,0.0,0.9241723033107867,0.0,0.0,1.0,20988.850240967706,0.0,3.622166767860257e-15,2.718445225815379e-13,0.0
no_surge,1,400,0.3,2809,2618,0.932004271982912,0.06799572801708793,0.0088999644001424,0.05909576361694553,241.55627285653,223.60874170858733,427.3718454616609,229.46736388539696,1047.2,21.87127578304049,219.6849970734895,0.1373321586674034,0.13327133132334934,0.7293965100092473,363,12.082644628099173,0.09343829201710978,0.1570980000997224,0.05661995996568487,,,,2809,0.0,0.932004271982912,0.0,0.0,1.0,21388.248437392787,0.0,1.3200543281333793e-14,2.7423068484556305e-13,0.0
no_surge,2,400,0.3,2809,2630,0.9362762548949805,0.06372374510501957,0.014951940192239232,0.048771804912780346,228.89943070896598,209.81459274023473,408.6407905218727,219.76276503982785,1052.0,21.35551330798479,207.5439174009812,0.14311606549192574,0.12700156678542998,0.7298823677226444,363,12.421487603305785,0.08774683196322906,0.16498400007549208,0.043452901720618255,,,,2809,0.0,0.9362762548949805,0.0,0.0,1.0,21431.441088518663,0.0,-3.7843830308591646e-15,2.768435248684003e-13,0.0
no_surge,3,400,0.3,2809,2633,0.9373442506229975,0.0626557493770025,0.01673193307226771,0.04592381630473478,231.46179348454456,209.08249727549082,415.3980936175249,223.21800987336036,1053.2,22.051652107861756,209.41014137668282,0.13829575024684826,0.12709309998142776,0.7346111497717239,364,12.574175824175825,0.08766373627327834,0.1403839998511103,0.051259774109470024,,,,2809,0.0,0.9373442506229975,0.0,0.0,1.0,21466.551088403554,0.0,5.110567832533924e-15,2.7666985468468357e-13,0.0
no_surge,4,400,0.3,2809,2635,0.9380562477750088,0.0619437522249911,0.019579921680313278,0.04236383054467782,246.32747321621113,225.34379066838574,436.2304562051427,236.989418030702,1054.0,22.087666034155596,224.23980718205553,0.12920198215505813,0.13561332307160842,0.7351846947733335,360,12.66388888888889,0.0779269444478814,0.15406899997742687,0.04807692307692308,,,,2809,0.0,0.9380562477750088,0.0,0.0,1.0,21521.83974836974,0.0,7.809902840399203e-15,2.7363176030318134e-13,0.0
no_surge,5,400,0.3,2809,2645,0.9416162335350658,0.05838376646493414,0.013883944464222144,0.044499822000711994,231.37009940661915,212.8383944931429,417.1064835532113,223.22591230507686,1058.0,20.025330812854442,211.3447685937647,0.1354386769163793,0.13048357932990703,0.7340777437537136,362,11.842541436464089,0.09565856352641859,0.14143500005957313,0.045283018867924525,,,,2809,0.0,0.9416162335350658,0.0,0.0,1.0,21546.748817531326,0.0,1.857031646709496e-15,2.7313257725689595e-13,0.0
no_surge,0,400,0.5,2809,2596,0.9241723033107867,0.07582769668921324,0.025275898896404414,0.05055179779280883,237.02082829128562,217.87856116133707,417.11156147231213,227.35156662192293,1038.4,23.34129429892142,213.6795339923642,0.16133903946880138,0.12828099259620585,0.7103799679349928,363,13.90633608815427,0.09431046833102681,0.15165000022534508,0.04677846425419241,,,,2809,0.0,0.9241723033107867,0.0,0.0,1.0,20988.850240967706,0.0,3.622166767860257e-15,2.718445225815379e-13,0.0
no_surge,1,400,0.5,2809,2618,0.932004271982912,0.06799572801708793,0.0088999644001424,0.05909576361694553,241.55627285653,223.60874170858733,427.3718454616609,229.46736388539696,1047.2,21.87127578304049,219.6849970734895,0.1373321586674034,0.13327133132334934,0.7293965100092473,363,12.082644628099173,0.08364022036297954,0.1336939999509923,0.05661995996568487,,,,2809,0.0,0.932004271982912,0.0,0.0,1.0,21388.248437392787,0.0,1.3200543281333793e-14,2.7423068484556305e-13,0.0
no_surge,2,400,0.5,2809,2630,0.9362762548949805,0.06372374510501957,0.014951940192239232,0.048771804912780346,228.89943070896598,209.81459274023473,408.6407905218727,219.76276503982785,1052.0,21.35551330798479,207.5439174009812,0.14311606549192574,0.12700156678542998,0.7298823677226444,363,12.421487603305785,0.08031597796438662,0.14280800002779867,0.043452901720618255,,,,2809,0.0,0.9362762548949805,0.0,0.0,1.0,21431.441088518663,0.0,-3.7843830308591646e-15,2.768435248684003e-13,0.0
no_surge,3,400,0.5,2809,2633,0.9373442506229975,0.0626557493770025,0.01673193307226771,0.04592381630473478,231.46179348454456,209.08249727549082,415.3980936175249,223.21800987336036,1053.2,22.051652107861756,209.41014137668282,0.13829575024684826,0.12709309998142776,0.7346111497717239,364,12.574175824175825,0.08698186813020144,0.15325500005928921,0.051259774109470024,,,,2809,0.0,0.9373442506229975,0.0,0.0,1.0,21466.551088403554,0.0,5.110567832533924e-15,2.7666985468468357e-13,0.0
no_surge,4,400,0.5,2809,2635,0.9380562477750088,0.0619437522249911,0.019579921680313278,0.04236383054467782,246.32747321621113,225.34379066838574,436.2304562051427,236.989418030702,1054.0,22.087666034155596,224.23980718205553,0.12920198215505813,0.13561332307160842,0.7351846947733335,360,12.66388888888889,0.0810277777885757,0.1529489999802538,0.04807692307692308,,,,2809,0.0,0.9380562477750088,0.0,0.0,1.0,21521.83974836974,0.0,7.809902840399203e-15,2.7363176030318134e-13,0.0
no_surge,5,400,0.5,2809,2645,0.9416162335350658,0.05838376646493414,0.013883944464222144,0.044499822000711994,231.37009940661915,212.8383944931429,417.1064835532113,223.22591230507686,1058.0,20.025330812854442,211.3447685937647,0.1354386769163793,0.13048357932990703,0.7340777437537136,362,11.842541436464089,0.08035469612908082,0.14523400026064337,0.045283018867924525,,,,2809,0.0,0.9416162335350658,0.0,0.0,1.0,21546.748817531326,0.0,1.857031646709496e-15,2.7313257725689595e-13,0.0
no_surge,0,400,0.8,2809,2596,0.9241723033107867,0.07582769668921324,0.025275898896404414,0.05055179779280883,237.02082829128562,217.87856116133707,417.11156147231213,227.35156662192293,1038.4,23.34129429892142,213.6795339923642,0.16133903946880138,0.12828099259620585,0.7103799679349928,363,13.90633608815427,0.10543911844565039,0.15643800003999786,0.04677846425419241,,,,2809,0.0,0.9241723033107867,0.0,0.0,1.0,20988.850240967706,0.0,3.622166767860257e-15,2.718445225815379e-13,0.0
no_surge,1,400,0.8,2809,2618,0.932004271982912,0.06799572801708793,0.0088999644001424,0.05909576361694553,241.55627285653,223.60874170858733,427.3718454616609,229.46736388539696,1047.2,21.87127578304049,219.6849970734895,0.1373321586674034,0.13327133132334934,0.7293965100092473,363,12.082644628099173,0.07560110193117499,0.13378999963606475,0.05661995996568487,,,,2809,0.0,0.932004271982912,0.0,0.0,1.0,21388.248437392787,0.0,1.3200543281333793e-14,2.7423068484556305e-13,0.0
no_surge,2,400,0.8,2809,2630,0.9362762548949805,0.06372374510501957,0.014951940192239232,0.048771804912780346,228.89943070896598,209.81459274023473,408.6407905218727,219.76276503982785,1052.0,21.35551330798479,207.5439174009812,0.14311606549192574,0.12700156678542998,0.7298823677226444,363,12.421487603305785,0.08325922863401031,0.14760000008209315,0.043452901720618255,,,,2809,0.0,0.9362762548949805,0.0,0.0,1.0,21431.441088518663,0.0,-3.7843830308591646e-15,2.768435248684003e-13,0.0
no_surge,3,400,0.8,2809,2633,0.9373442506229975,0.0626557493770025,0.01673193307226771,0.04592381630473478,231.46179348454456,209.08249727549082,415.3980936175249,223.21800987336036,1053.2,22.051652107861756,209.41014137668282,0.13829575024684826,0.12709309998142776,0.7346111497717239,364,12.574175824175825,0.07880247253549416,0.13025600013861552,0.051259774109470024,,,,2809,0.0,0.9373442506229975,0.0,0.0,1.0,21466.551088403554,0.0,5.110567832533924e-15,2.7666985468468357e-13,0.0
no_surge,4,400,0.8,2809,2635,0.9380562477750088,0.0619437522249911,0.019579921680313278,0.04236383054467782,246.32747321621113,225.34379066838574,436.2304562051427,236.989418030702,1054.0,22.087666034155596,224.23980718205553,0.12920198215505813,0.13561332307160842,0.7351846947733335,360,12.66388888888889,0.09943611109722245,0.16637100000025418,0.04807692307692308,,,,2809,0.0,0.9380562477750088,0.0,0.0,1.0,21521.83974836974,0.0,7.809902840399203e-15,2.7363176030318134e-13,0.0
no_surge,5,400,0.8,2809,2645,0.9416162335350658,0.05838376646493414,0.013883944464222144,0.044499822000711994,231.37009940661915,212.8383944931429,417.1064835532113,223.22591230507686,1058.0,20.025330812854442,211.3447685937647,0.1354386769163793,0.13048357932990703,0.7340777437537136,362,11.842541436464089,0.10313121547821755,0.14988999991146557,0.045283018867924525,,,,2809,0.0,0.9416162335350658,0.0,0.0,1.0,21546.748817531326,0.0,1.857031646709496e-15,2.7313257725689595e-13,0.0
no_surge,0,500,0.3,2809,2694,0.959060163759345,0.04093983624065504,0.01067995728017088,0.030259878960484158,190.38408313629623,166.8312080977803,363.37142741382394,186.51582188756663,1077.6,18.257609502598367,172.12647363369786,0.3094987699976941,0.09025939063696083,0.6002418393653451,362,11.367403314917127,0.0925237569234677,0.1636230001531657,0.05182839044054132,,,,2809,0.0,0.959060163759345,0.0,0.0,1.0,21974.92568274507,0.0,6.281373177927481e-16,2.7182421948892397e-13,0.0
no_surge,1,500,0.3,2809,2704,0.9626201495194019,0.037379850480598074,0.003203987184051264,0.034175863296546816,180.68473661496355,158.29858106183883,337.39297276064116,175.986918548084,1081.6,17.601701183431953,163.08303543153158,0.3084115106386901,0.0852377957634236,0.6063506935978863,362,10.475138121546962,0.09044751381431088,0.18422400009058035,0.04926955027212833,,,,2809,0.0,0.9626201495194019,0.0,0.0,1.0,22105.37699763984,0.0,1.4752006322619146e-14,2.6701832723868935e-13,0.0
no_surge,2,500,0.3,2809,2726,0.9704521181915272,0.029547881808472766,0.004627981488074048,0.02491990032039872,179.54579647607895,154.30298676754,350.6411447371124,176.39566046402612,1090.4,18.003301540719,161.54249493535997,0.305451463578661,0.08614681428044947,0.6084017221408896,362,10.850828729281767,0.09346353592831573,0.20022499978040276,0.04910970706490523,,,,2809,0.0,0.9704521181915272,0.0,0.0,1.0,22310.476609123798,0.0,2.0832768949239183e-15,2.7588594162915665e-13,0.0
no_surge,3,500,0.3,2809,2721,0.9686721253114987,0.03132787468850125,0.007475970096119616,0.02385190459238163,179.07786679188982,153.39413677978519,349.45052565157584,176.23429894333495,1088.4,17.922087467842704,161.15577932404713,0.305677048226272,0.0856850320675638,0.6086379197061642,362,10.814917127071823,0.08688149171937576,0.14688999998270447,0.05054566341183228,,,,2809,0.0,0.9686721253114987,0.0,0.0,1.0,22249.490793449437,0.0,-2.567671258348442e-15,2.754354382695684e-13,0.0
no_surge,4,500,0.3,2809,2709,0.9644001423994304,0.0355998576005696,0.009611961552153792,0.025987896048415806,188.00687719772023,164.75026641903332,358.9887946831685,184.4680274695608,1083.6,17.783684016242155,170.22319318147808,0.3046845499882235,0.08927709881064817,0.6060383512011284,360,10.891666666666667,0.09846972222678435,0.18244499992761182,0.048168445341794056,,,,2809,0.0,0.9644001423994304,0.0,0.0,1.0,22082.240611515423,0.0,8.890144680464653e-15,2.7200144437772146e-13,0.0
no_surge,5,500,0.3,2809,2707,0.963688145247419,0.03631185475258099,0.009255962976148096,0.027055891776432896,177.72835370456832,153.84156273502504,343.25951396531565,174.7333417444498,1082.8,17.26819357222017,160.46016013234814,0.3086425642997567,0.08464792929752797,0.6067095064027154,360,10.777777777777779,0.08519333332262452,0.16272100014703048,0.04730314392846842,,,,2809,0.0,0.963688145247419,0.0,0.0,1.0,22101.647996100044,0.0,8.981527913140461e-15,2.71104732883687e-13,0.0
no_surge,0,500,0.5,2809,2694,0.959060163759345,0.04093983624065504,0.01067995728017088,0.030259878960484158,190.38408313629623,166.8312080977803,363.37142741382394,186.51582188756663,1077.6,18.257609502598367,172.12647363369786,0.3094987699976941,0.09025939063696083,0.6002418393653451,362,11.367403314917127,0.0984834254047115,0.1667460000453502,0.05182839044054132,,,,2809,0.0,0.959060163759345,0.0,0.0,1.0,21974.92568274507,0.0,6.281373177927481e-16,2.7182421948892397e-13,0.0
no_surge,1,500,0.5,2809,2704,0.9626201495194019,0.037379850480598074,0.003203987184051264,0.034175863296546816,180.68473661496355,158.29858106183883,337.39297276064116,175.986918548084,1081.6,17.601701183431953,163.08303543153158,0.3084115106386901,0.0852377957634236,0.6063506935978863,362,10.475138121546962,0.09264281767142939,0.17843399994490028,0.04926955027212833,,,,2809,0.0,0.9626201495194019,0.0,0.0,1.0,22105.37699763984,0.0,1.4752006322619146e-14,2.6701832723868935e-13,0.0
no_surge,2,500,0.5,2809,2726,0.9704521181915272,0.029547881808472766,0.004627981488074048,0.02491990032039872,179.54579647607895,154.30298676754,350.6411447371124,176.39566046402612,1090.4,18.003301540719,161.54249493535997,0.305451463578661,0.08614681428044947,0.6084017221408896,362,10.850828729281767,0.08957099447853374,0.1988580001534501,0.04910970706490523,,,,2809,0.0,0.9704521181915272,0.0,0.0,1.0,22310.476609123798,0.0,2.0832768949239183e-15,2.7588594162915665e-13,0.0
no_surge,3,500,0.5,2809,2721,0.9686721253114987,0.03132787468850125,0.007475970096119616,0.02385190459238163,179.07786679188982,153.39413677978519,349.45052565157584,176.23429894333495,1088.4,17.922087467842704,161.15577932404713,0.305677048226272,0.0856850320675638,0.6086379197061642,362,10.814917127071823,0.09692209946554498,0.16921300031754063,0.05054566341183228,,,,2809,0.0,0.9686721253114987,0.0,0.0,1.0,22249.490793449437,0.0,-2.567671258348442e-15,2.754354382695684e-13,0.0
no_surge,4,500,0.5,2809,2709,0.9644001423994304,0.0355998576005696,0.009611961552153792,0.025987896048415806,188.00687719772023,164.75026641903332,358.9887946831685,184.4680274695608,1083.6,17.783684016242155,170.22319318147808,0.3046845499882235,0.08927709881064817,0.6060383512011284,360,10.891666666666667,0.08609083331647424,0.16490000007252092,0.048168445341794056,,,,2809,0.0,0.9644001423994304,0.0,0.0,1.0,22082.240611515423,0.0,8.890144680464653e-15,2.7200144437772146e-13,0.0
no_surge,5,500,0.5,2809,2707,0.963688145247419,0.03631185475258099,0.009255962976148096,0.027055891776432896,177.72835370456832,153.84156273502504,343.25951396531565,174.7333417444498,1082.8,17.26819357222017,160.46016013234814,0.3086425642997567,0.08464792929752797,0.6067095064027154,360,10.777777777777779,0.09779999999055791,0.16923800022595975,0.04730314392846842,,,,2809,0.0,0.963688145247419,0.0,0.0,1.0,22101.647996100044,0.0,8.981527913140461e-15,2.71104732883687e-13,0.0
no_surge,0,500,0.8,2809,2694,0.959060163759345,0.04093983624065504,0.01067995728017088,0.030259878960484158,190.38408313629623,166.8312080977803,363.37142741382394,186.51582188756663,1077.6,18.257609502598367,172.12647363369786,0.3094987699976941,0.09025939063696083,0.6002418393653451,362,11.367403314917127,0.09399558012090546,0.17691399979867126,0.05182839044054132,,,,2809,0.0,0.959060163759345,0.0,0.0,1.0,21974.92568274507,0.0,6.281373177927481e-16,2.7182421948892397e-13,0.0
no_surge,1,500,0.8,2809,2704,0.9626201495194019,0.037379850480598074,0.003203987184051264,0.034175863296546816,180.68473661496355,158.29858106183883,337.39297276064116,175.986918548084,1081.6,17.601701183431953,163.08303543153158,0.3084115106386901,0.0852377957634236,0.6063506935978863,362,10.475138121546962,0.09244861879507568,0.16788099997484057,0.04926955027212833,,,,2809,0.0,0.9626201495194019,0.0,0.0,1.0,22105.37699763984,0.0,1.4752006322619146e-14,2.6701832723868935e-13,0.0
no_surge,2,500,0.8,2809,2726,0.9704521181915272,0.029547881808472766,0.004627981488074048,0.02491990032039872,179.54579647607895,154.30298676754,350.6411447371124,176.39566046402612,1090.4,18.003301540719,161.54249493535997,0.305451463578661,0.08614681428044947,0.6084017221408896,362,10.850828729281767,0.07807541435252746,0.1573259998713183,0.04910970706490523,,,,2809,0.0,0.9704521181915272,0.0,0.0,1.0,22310.476609123798,0.0,2.0832768949239183e-15,2.7588594162915665e-13,0.0
no_surge,3,500,0.8,2809,2721,0.9686721253114987,0.03132787468850125,0.007475970096119616,0.02385190459238163,179.07786679188982,153.39413677978519,349.45052565157584,176.23429894333495,1088.4,17.922087467842704,161.15577932404713,0.305677048226272,0.0856850320675638,0.6086379197061642,362,10.814917127071823,0.08503453038795955,0.15103399985946453,0.05054566341183228,,,,2809,0.0,0.9686721253114987,0.0,0.0,1.0,22249.490793449437,0.0,-2.567671258348442e-15,2.754354382695684e-13,0.0
no_surge,4,500,0.8,2809,2709,0.9644001423994304,0.0355998576005696,0.009611961552153792,0.025987896048415806,188.00687719772023,164.75026641903332,358.9887946831685,184.4680274695608,1083.6,17.783684016242155,170.22319318147808,0.3046845499882235,0.08927709881064817,0.6060383512011284,360,10.891666666666667,0.09937833333424351,0.16874999981610028,0.048168445341794056,,,,2809,0.0,0.9644001423994304,0.0,0.0,1.0,22082.240611515423,0.0,8.890144680464653e-15,2.7200144437772146e-13,0.0
no_surge,5,500,0.8,2809,2707,0.963688145247419,0.03631185475258099,0.009255962976148096,0.027055891776432896,177.72835370456832,153.84156273502504,343.25951396531565,174.7333417444498,1082.8,17.26819357222017,160.46016013234814,0.3086425642997567,0.08464792929752797,0.6067095064027154,360,10.777777777777779,0.10387055555156621,0.20450700022593088,0.04730314392846842,,,,2809,0.0,0.963688145247419,0.0,0.0,1.0,22101.647996100044,0.0,8.981527913140461e-15,2.71104732883687e-13,0.0
surge_reactive,0,300,0.3,2502,2135,0.8533173461231015,0.1466826538768985,0.07314148681055156,0.07354116706634692,325.45773374157886,312.0787995940482,509.6095290886884,301.2662207637756,854.0,44.81429537362504,280.6434383679539,0.03868636430204966,0.16984170551608854,0.7914719301818618,364,19.89010989010989,0.09813846153954747,0.16743200016207996,0.049474754320569296,,,,2809,0.10929156283374866,0.7600569597721609,0.09647561409754361,0.839344262295082,2.089344262295082,35606.29987299741,18334.48624865938,-5.553715177047622e-16,2.7576421500198536e-13,0.0
surge_reactive,1,300,0.3,2463,2105,0.85464880227365,0.14535119772634997,0.06008932196508323,0.08526187576126674,324.201576666306,311.90024720668407,512.6111538781355,295.630860522061,842.0,42.70944263783236,281.49213402847363,0.03795578819771808,0.16768558388766905,0.7943586279146129,367,17.60217983651226,0.08536566759619507,0.16667199993207746,0.05193929173693086,,,,2809,0.1231755072979708,0.74937700249199,0.10359558561765753,0.8541567695961996,2.121852731591449,36362.347452669055,19031.026126075354,4.1577720416746e-15,2.718906124260736e-13,0.0
surge_reactive,2,300,0.3,2475,2127,0.8593939393939394,0.1406060606060606,0.06626262626262626,0.07434343434343435,324.24426002798856,311.12804289452833,508.5276024303742,298.8658655364548,850.8,43.81541920348514,280.4288408245035,0.03392347396822142,0.1700060949025487,0.7960704311292299,366,18.48633879781421,0.09053114753506669,0.17055000021173344,0.04935767410412441,,,,2809,0.11890352438590246,0.7572089711641153,0.09006763972944108,0.8848142924306535,2.099435825105783,36009.91522254542,18649.25814095878,-3.98364932954358e-15,2.7910265646460087e-13,0.0
surge_reactive,3,300,0.3,2485,2134,0.8587525150905433,0.14124748490945674,0.06639839034205232,0.07484909456740442,326.36342171482386,312.8453249881927,522.3427394393557,301.7070295816817,853.6,43.72876818053893,282.63465353428495,0.02756015493185366,0.1711387578959503,0.8013010871721961,368,18.33423913043478,0.08579184782690943,0.1615370000035908,0.05149781218444968,,,,2809,0.1153435386258455,0.7597009611961553,0.097187611249555,0.8462980318650422,2.0715791940018744,35710.37465656772,18249.800114332702,1.1346957945775311e-14,2.733004908502844e-13,0.0
surge_reactive,4,300,0.3,2489,2121,0.8521494576134994,0.1478505423865006,0.06548814785054238,0.08236239453595821,319.99593673745755,305.9341811091763,507.24987912435427,293.3558197150485,848.4,42.22938877337239,277.76654796408513,0.03436162057703757,0.16803704377421372,0.7976013356487488,372,17.8252688172043,0.0773771505440089,0.15600600025663883,0.04740941415509651,,,,2809,0.11391954432182272,0.7550729797080812,0.09469562121751512,0.8448844884488449,2.0724893917963225,35693.75319794958,18253.901813228917,-4.796833473675122e-16,2.7534724461197113e-13,0.0
surge_reactive,5,300,0.3,2486,2118,0.8519710378117458,0.14802896218825423,0.05913113435237329,0.08889782783588093,323.75569831909536,312.5785601639159,518.9487830479935,294.9579048408835,847.2,44.21063875900275,279.54505956009257,0.030121456702452185,0.16673084644361044,0.8031476968539374,368,17.964673913043477,0.08241847825482419,0.15719499990154853,0.045714285714285714,,,,2809,0.1149875400498398,0.7540049839800641,0.1064435742257031,0.8725212464589235,2.101864966949953,35905.05513154329,18560.195757936985,-4.1599291423159786e-16,2.754225344277648e-13,0.0
surge_reactive,0,300,0.5,2371,2101,0.8861239983129481,0.11387600168705188,0.04217629692113033,0.07169970476592155,291.03236564919723,273.77368877754134,483.0693287487975,272.5921325938162,840.4,32.48106479128021,258.55130085791706,0.05207428718398238,0.16229180492244294,0.7856339078935747,369,14.886178861788618,0.08229593496797785,0.17195599975821096,0.045753899480069325,,,,2809,0.15592737629049483,0.7479530081879673,0.12851548593805626,0.7853403141361257,1.8816039980961448,31748.17271434404,14654.304874402567,2.2739227603840904e-15,2.718641854025373e-13,0.0
surge_reactive,1,300,0.5,2323,2074,0.8928110202324581,0.10718897976754198,0.0297029702970297,0.07748600947051226,297.90684127164155,283.10984116991176,488.38385816065085,276.9017489411152,829.6,30.11133309435608,267.79550817728546,0.05195777775167488,0.16714736409353617,0.7808948581547889,368,13.057065217391305,0.07561630435203448,0.13841699999375115,0.05181347150259067,,,,2809,0.17301530793876824,0.7383410466358135,0.14702741189035243,0.81099324975892,1.9322565091610415,32313.49187588807,15330.19907147088,1.01630907696834e-14,2.731392739757841e-13,0.0
surge_reactive,2,300,0.5,2339,2097,0.8965369816160752,0.10346301838392476,0.032492518170158184,0.07097050021376657,288.35978830217516,271.95124535832383,473.58806185689247,269.3608868398927,838.8,29.190119875786664,259.1696684263885,0.048688775862899554,0.163502162238427,0.7878090618986735,367,13.160762942779291,0.07405286102620481,0.13443800000459302,0.05378554299417609,,,,2809,0.1673193307226771,0.7465290138839444,0.12175151299394803,0.8116356700047688,1.8755364806866952,31662.462809886743,14598.919587356422,-2.1954567661018594e-15,2.789144954840898e-13,0.0
surge_reactive,3,300,0.5,2343,2095,0.8941527955612463,0.10584720443875373,0.040973111395646605,0.06487409304310712,294.50268870969177,278.04257223606874,475.9668848065627,276.9991136843963,838.0,32.30122037553219,262.20146833415953,0.042351888815677224,0.16430975330394254,0.7933383578803802,369,13.92140921409214,0.07339268292986867,0.13218400023106366,0.053213545266067724,,,,2809,0.16589533641865434,0.7458170167319331,0.1327874688501246,0.7909307875894988,1.8878281622911695,32128.70487808159,14984.108578314865,1.0627616527466702e-14,2.7697176294715457e-13,0.0
surge_reactive,4,300,0.5,2344,2087,0.890358361774744,0.10964163822525597,0.03967576791808874,0.06996587030716724,295.0456546373502,277.18680105146996,487.5771882789414,276.1007594015557,834.8,32.410652712547396,262.6350019248028,0.04775081142266531,0.16220475871406909,0.7900444298632657,368,13.997282608695652,0.078913043494041,0.14282900015132324,0.048,,,,2809,0.16553933784264863,0.7429690281238875,0.12958348166607334,0.776233828461907,1.8936272160996646,32103.08181836981,14949.069549459327,2.087666141753217e-15,2.717381236707593e-13,0.0
surge_reactive,5,300,0.5,2332,2087,0.8949399656946827,0.10506003430531732,0.03516295025728988,0.06989708404802744,290.87164119301417,275.4374707729785,477.6871202186185,272.33512535157047,834.8,27.35728275432406,263.5143584386901,0.0438539470730351,0.16421991970881875,0.7919261332181462,368,12.695652173913043,0.07534266305242454,0.13645900002757114,0.049809754410238674,,,,2809,0.16981132075471697,0.7429690281238875,0.14453542185831256,0.7901293723047437,1.9029707714422617,32060.085711045656,14989.381322853902,5.878064366506051e-15,2.781211347047183e-13,0.0
surge_reactive,0,300,0.8,2265,2075,0.9161147902869757,0.08388520971302428,0.024282560706401765,0.059602649006622516,259.6817539633532,243.98048902050596,439.02532711603436,247.54276986099805,830.0,23.769202220874007,235.9125517424792,0.07400857003338403,0.15201933267162884,0.7739720972949871,365,11.838356164383562,0.07574794520610029,0.14070399987758722,0.048581560283687944,,,,2809,0.19366322534709862,0.7386970452118191,0.1413314346742613,0.6313253012048192,1.5725301204819278,26244.637892384082,9406.331332209482,1.1370395923332109e-14,2.7464017673181326e-13,0.0
surge_reactive,1,300,0.8,2205,2032,0.9215419501133787,0.07845804988662132,0.017233560090702947,0.061224489795918366,260.1413226284693,244.60179622031183,446.98479807290664,246.66707818334376,812.8,22.11668000444852,238.02464262402077,0.07387339842515389,0.15247366306615592,0.7736529385086902,371,10.196765498652292,0.07436280322086884,0.12347999991106919,0.044700793078586876,,,,2809,0.21502313990744037,0.7233891064435742,0.1676753292986828,0.6845472440944882,1.6135580708661417,26844.46459005737,9978.654222144793,7.659664678555608e-15,2.747181310083102e-13,0.0
surge_reactive,2,300,0.8,2230,2058,0.9228699551569507,0.07713004484304933,0.021076233183856503,0.05605381165919283,267.23567719069035,250.7382994641025,447.1747762676277,254.4427294374348,823.2,23.967456120930212,243.2682210697602,0.061328887114193834,0.1558144560733166,0.7828566568124896,370,11.054054054054054,0.07600027025865849,0.1269480002929413,0.048295454545454544,,,,2809,0.20612317550729797,0.7326450694197223,0.14809540761836953,0.7006802721088435,1.6382410106899903,27288.65847243065,10461.037589941348,1.9576177413798677e-15,2.7773831177899716e-13,0.0
surge_reactive,3,300,0.8,2234,2070,0.9265890778871978,0.07341092211280215,0.017905102954341987,0.05550581915846016,257.33868341643995,236.22538455981248,444.64337048356947,245.6773312088997,828.0,24.557783135008396,232.7809002814316,0.0631328906290586,0.14921749982205942,0.7876496095488821,370,10.756756756756756,0.07988297299094926,0.1648740002337945,0.0495926319518243,,,,2809,0.20469918120327518,0.7369170523317907,0.15557137771448915,0.6768115942028986,1.5990338164251208,27071.15105934533,10105.223869496715,-4.300585652490027e-15,2.736151616603829e-13,0.0
surge_reactive,4,300,0.8,2227,2042,0.9169286035024697,0.08307139649753031,0.02469690166142793,0.05837449483610238,260.3080995377093,243.13780398608765,439.073497118511,247.16381761014406,816.8,22.646667403212497,237.6614321344969,0.07289033030597979,0.15127827669235672,0.7758313930016635,364,10.777472527472527,0.0726640109723031,0.13279899999815825,0.04402742692168892,,,,2809,0.20719117123531505,0.7269490922036311,0.14809540761836953,0.6405484818805093,1.6354064642507347,26836.386606755783,10166.84149940516,-9.508337092974823e-15,2.759640377787707e-13,0.0
surge_reactive,5,300,0.8,2223,2065,0.9289248762932973,0.07107512370670266,0.01799370220422852,0.053081421502474135,252.40156037450433,233.4651823709337,438.3532820435239,242.0703853374419,826.0,20.246397500376336,232.15516287412802,0.06762753766067109,0.1504328099231753,0.7819396524161537,369,10.105691056910569,0.06926233063347716,0.13274400005684578,0.04907539118065434,,,,2809,0.20861516553933784,0.7351370594517622,0.16482734069063723,0.6711864406779661,1.5857142857142856,26209.168797367478,9532.565216359173,9.978781320219252e-15,2.762430585597154e-13,0.0
surge_reactive,0,400,0.3,2713,2556,0.9421304828603022,0.05786951713969775,0.01695539992628087,0.04091411721341688,224.06420338437263,202.22723711398612,408.69070347211664,216.8958276301744,1022.4,20.836058821891868,203.22814456248074,0.17345870985376785,0.12269513707218242,0.7038461530740497,363,12.267217630853995,0.0820534435275256,0.14904799996656942,0.054312145628170695,,,,2809,0.034175863296546816,0.9099323602705589,0.037379850480598074,0.3779342723004695,1.329225352112676,27281.955534345576,6620.696864844986,3.4436025583835058e-15,2.7253038983950383e-13,0.0
surge_reactive,1,400,0.3,2707,2550,0.9420022164758035,0.05799778352419653,0.007018840044329516,0.05097894347986701,219.9742159475451,200.67679504169337,388.99023303498467,210.57242075884727,1020.0,19.588533773398492,200.38568217414655,0.16051582268882553,0.12186487733302845,0.717619299978146,363,10.928374655647383,0.09008512397761506,0.19077000013567155,0.056848306332842415,,,,2809,0.03631185475258099,0.9077963688145247,0.03097187611249555,0.35254901960784313,1.2942156862745098,26902.173443904303,6035.4994243817555,4.702817655996506e-15,2.7462128431865244e-13,0.0
surge_reactive,2,400,0.3,2721,2588,0.9511209114296214,0.04887908857037854,0.011760382212421904,0.03711870635795663,215.968546675883,194.81298985349804,383.92041584293503,209.74723880929696,1035.2,19.59555906540231,196.37298761048072,0.15730897748127606,0.12088674931245874,0.7218042732062653,361,11.506925207756233,0.07775900277814486,0.14384000005520636,0.05046007717423568,,,,2809,0.03132787468850125,0.9213243147027412,0.02741189035243859,0.2979134466769706,1.2387944358578054,26203.07368921716,5135.119241288425,-5.876460232042212e-15,2.731769816366006e-13,0.0
surge_reactive,3,400,0.3,2712,2575,0.9494837758112095,0.05051622418879056,0.014380530973451327,0.036135693215339236,210.4842450259889,189.28843141937614,381.1027561472517,204.8893109418145,1030.0,19.536034786638254,190.9482102393507,0.15779515502373026,0.11584386023450827,0.7263609847417615,362,11.386740331491712,0.08049779005721283,0.13887299985071877,0.04950790337011631,,,,2809,0.034531861872552506,0.9166963332146671,0.031683873264506945,0.3087378640776699,1.2436893203883495,26528.921720635233,5396.095194363536,-7.438537380445816e-15,2.7242906959449966e-13,0.0
surge_reactive,4,400,0.3,2718,2587,0.9518027961736572,0.0481972038263429,0.012877115526122149,0.03532008830022075,219.9561477645829,198.59109217543937,395.9577779259409,213.08215282927603,1034.8,18.950735604321917,201.005412160261,0.15363914612877985,0.12416797753179355,0.7221928763394266,361,10.986149584487535,0.08372132962748087,0.1473800000894697,0.04196642685851319,,,,2809,0.032395870416518334,0.9209683161267355,0.027055891776432896,0.32122149207576345,1.2565713181291072,26599.611225560257,5490.769725516962,4.7886790096549464e-15,2.7588050814742684e-13,0.0
surge_reactive,5,400,0.3,2722,2584,0.9493019838354151,0.050698016164584865,0.011388684790595151,0.03930933137398971,216.94751112242062,200.148310058295,391.2222743922678,210.0424648902942,1033.6,18.34525597931656,198.60225514310406,0.15610623467214835,0.12221778692546165,0.72167597840239,360,10.791666666666666,0.07962666664222222,0.13865200001873762,0.045211183819155266,,,,2809,0.03097187611249555,0.9199003203987184,0.031683873264506945,0.35178018575851394,1.2815402476780187,26818.71367325495,5786.00872784911,-5.410188980681104e-16,2.758158338805453e-13,0.0
surge_reactive,0,400,0.5,2649,2502,0.9445073612684032,0.05549263873159683,0.014722536806342015,0.04077010192525481,214.71344691669165,191.9293766888586,389.1445242691215,208.59113047828194,1000.8,19.007044408578555,195.70640250811314,0.1874006642935016,0.11746526468620705,0.6951340710202913,363,11.589531680440771,0.07628154270362558,0.142357999802698,0.04773561811505508,,,,2809,0.05695977216091136,0.8907084371662514,0.04948380206479174,0.3257394084732214,1.2639888089528377,25505.070138931078,5216.724919407008,-2.311322818012596e-15,2.7334915572725377e-13,0.0
surge_reactive,1,400,0.5,2655,2538,0.9559322033898305,0.04406779661016949,0.0064030131826741995,0.03766478342749529,211.1959646679794,194.75106650917405,373.5756510204983,204.90910699540783,1015.2,17.8383152555932,193.35764941238622,0.16813380954331358,0.11847399510814038,0.713392195348546,360,10.433333333333334,0.08406194444761342,0.14557800017428274,0.04688445251058681,,,,2809,0.05482378070487718,0.9035243859024564,0.04343182627269491,0.30851063829787234,1.2475374310480694,25869.886541030726,5103.058030520438,1.1135825647469537e-14,2.7522717490936845e-13,0.0
surge_reactive,2,400,0.5,2679,2575,0.9611795446061964,0.03882045539380366,0.008585293019783502,0.030235162374020158,206.03780986944886,184.9738117697798,365.14670650157234,201.14074904557145,1030.0,18.167074852342004,187.8707350171069,0.1630710067071233,0.1163717610923671,0.7205572322005096,363,10.74931129476584,0.08578980715198165,0.14536600023348,0.04954954954954955,,,,2809,0.046279814880740476,0.9166963332146671,0.03631185475258099,0.2283495145631068,1.1813592233009709,25009.090424401285,3927.2616575692286,5.976492224521969e-15,2.7551777472219277e-13,0.0
surge_reactive,3,400,0.5,2682,2557,0.953392990305742,0.04660700969425802,0.011558538404175988,0.035048471290082026,202.92570647908082,180.6833195121626,359.7613099146631,197.79216992936398,1022.8,18.440440154876246,184.48526632420456,0.16350186820764004,0.11333957220971036,0.7231585595826495,362,10.8646408839779,0.08841767955411181,0.15470199986339137,0.046987951807228916,,,,2809,0.04521181915272339,0.9102883588465646,0.04236383054467782,0.2663277278060227,1.1828314430973796,25095.184439727273,4120.834302451328,3.872971990479623e-17,2.6903348101849384e-13,0.0
surge_reactive,4,400,0.5,2666,2554,0.9579894973743436,0.042010502625656414,0.01312828207051763,0.028882220555138786,209.55357225441358,191.2399093774152,377.84704462290483,204.6677708968421,1021.6,17.89061244428373,191.6629598101299,0.1675102829992552,0.11868478250784809,0.7138049344928967,361,10.642659279778393,0.08220609418148597,0.1337799999419076,0.04959177502267917,,,,2809,0.050907796368814526,0.9092203631185475,0.03880384478462086,0.29444009397024273,1.2228856695379797,25367.791928753526,4635.22916753256,6.294451603982877e-15,2.7024341174319807e-13,0.0
surge_reactive,5,400,0.5,2676,2560,0.9566517189835575,0.043348281016442454,0.010089686098654708,0.033258594917787744,208.0069133831329,190.31514272338654,370.78690939708395,202.55947156572176,1024.0,17.830070319285444,190.17684306384746,0.16346004233282574,0.11814965900444221,0.7183902986627321,361,10.368421052631579,0.0847013850457528,0.16093999984150256,0.04608433734939759,,,,2809,0.04734781060875756,0.9113563545745818,0.04592381630473478,0.320703125,1.23798828125,25609.464409872417,4850.581125006,5.0414533658837965e-15,2.7061929086524826e-13,0.0
surge_reactive,0,400,0.8,2599,2482,0.9549826856483262,0.04501731435167372,0.012697191227395151,0.032320123124278566,208.431342690893,184.6768509280289,385.6655936963011,204.01149260696337,992.8,18.803183269518588,189.62815942137442,0.1968550223440431,0.1140162208036896,0.6891287568522674,362,11.168508287292818,0.08722071822768102,0.1767090002795157,0.051638837353123065,,,,2809,0.07475970096119615,0.8835884656461375,0.06550373798504806,0.2852538275584206,1.2033642224012893,24019.942883184867,3889.1209438689825,8.29607669158458e-15,2.717615728657253e-13,0.0
surge_reactive,1,400,0.8,2612,2502,0.9578866768759571,0.04211332312404288,0.005742725880551302,0.03637059724349158,201.28729802826405,183.88793887013344,359.9779111798359,195.45734919019242,1000.8,17.71764712938781,183.56965089887626,0.18051710853889977,0.11270167534329129,0.706781216117809,363,10.046831955922865,0.08098181819496099,0.15700799992373501,0.05155582672361196,,,,2809,0.0701317194731221,0.8907084371662514,0.058027767888928446,0.271382893685052,1.170863309352518,24049.02585582574,3553.859884482823,8.718756243665008e-15,2.714058660733595e-13,0.0
surge_reactive,2,400,0.8,2631,2547,0.9680729760547321,0.03192702394526796,0.007601672367920942,0.024325351577347016,200.80665560990366,180.09822178929699,358.1224016404731,197.5096381399132,1018.8,17.721222609376454,183.0854330005272,0.16942531889883616,0.11338150733192627,0.7171931737692376,361,10.481994459833794,0.08484349028748363,0.15630000025339527,0.047037263286499695,,,,2809,0.06336774652901389,0.9067283730865077,0.046279814880740476,0.21005104043973302,1.1406556733411857,23923.679463239776,3044.0024191782954,8.969137433803327e-15,2.751269525861237e-13,0.0
surge_reactive,3,400,0.8,2643,2541,0.9614074914869466,0.03859250851305335,0.009080590238365494,0.029511918274687854,196.29561697058864,176.70814520495696,348.3221249525459,192.30208220516303,1016.4,17.534352577332992,178.76126439325566,0.16981130730536592,0.1111495015609247,0.7190391911337094,361,10.326869806094184,0.08131772853058639,0.13592000004791757,0.04803891760413499,,,,2809,0.05909576361694553,0.9045923816304735,0.05268778924884301,0.21054702872884692,1.134887839433294,23700.076074566106,2946.161406114593,3.397693163595068e-15,2.723105749811533e-13,0.0
surge_reactive,4,400,0.8,2637,2533,0.9605612438376944,0.03943875616230565,0.010997345468335229,0.02844141069397042,204.1262617019461,184.34210327564142,368.46742574501855,199.3539530286329,1013.2,17.96006468109004,186.16619702085603,0.1761480482592852,0.11503762753943618,0.7088143242012785,361,10.368421052631579,0.08988836564758634,0.17311999981757245,0.04735716468072105,,,,2809,0.06123175507297971,0.9017443930224279,0.042007831968672124,0.24871693643900514,1.163245163837347,23990.23497132558,3374.1390113037514,3.9350897414467647e-16,2.7140328849080815e-13,0.0
surge_reactive,5,400,0.8,2643,2542,0.9617858494135452,0.03821415058645478,0.007945516458569807,0.03026863412788498,203.44482703380132,185.84986213619095,363.5202828584171,198.8587011701233,1016.8,17.51446659513872,185.9303604386626,0.16887795429930685,0.11531190309709637,0.7158101426035968,361,10.10803324099723,0.08327119114099564,0.15511999981754304,0.04505327245053273,,,,2809,0.05909576361694553,0.9049483802064792,0.055535777856888575,0.25255704169944926,1.157946498819827,23926.992307046014,3200.456819744966,1.3532055098808449e-14,2.7211496453277795e-13,0.0
surge_reactive,0,500,0.3,2781,2677,0.9626033800791083,0.037396619920891765,0.008989572096368213,0.02840704782452355,186.40130626224095,163.45215880149226,356.7201173184221,182.78425476804733,1070.8,17.847040381357253,168.5542658808837,0.31507782437275256,0.08762698490285656,0.5972951907243909,362,10.975138121546962,0.08853977900050082,0.15511200008859305,0.05246376811594203,,,,2809,0.009967960128159488,0.9530081879672482,0.011035955856176576,0.12775494957041464,1.0877848337691445,23952.01938137665,2153.7213895897758,2.8791147857873596e-15,2.677148752963263e-13,0.0
surge_reactive,1,500,0.3,2794,2703,0.9674302075876879,0.032569792412312094,0.002863278453829635,0.029706513958482464,183.02333134413516,161.55891837302897,337.70232853568086,178.7587491751092,1081.2,17.724690348058928,165.29864099607624,0.30520232333161,0.08668635661994381,0.6081113200484461,362,10.386740331491712,0.08473397788318493,0.1607300001433031,0.05028735632183908,,,,2809,0.00533997864008544,0.9622641509433962,0.006763972944108224,0.09137994820569738,1.0610432852386238,23702.726724270276,1571.605536123073,8.002641998737218e-15,2.6937025389467246e-13,0.0
surge_reactive,2,500,0.3,2779,2708,0.9744512414537604,0.025548758546239655,0.005037783375314861,0.020510975170924792,175.82009388222426,151.63025058978428,341.4185211226201,173.2387560464236,1083.2,17.905179522213174,157.91491436001107,0.30830897474199626,0.08433073249139868,0.6073602927666051,361,10.626038781163436,0.09545429362368651,0.17427999973733674,0.04957958828645984,,,,2809,0.01067995728017088,0.9640441438234247,0.00711997152011392,0.07865583456425407,1.06314623338257,23857.627608008363,1657.846294666639,1.2145708696131901e-14,2.7440105005219545e-13,0.0
surge_reactive,3,500,0.3,2789,2699,0.9677303693079957,0.0322696306920043,0.006453926138400861,0.025815704553603443,173.68785379624106,147.819535833607,336.7429378793662,170.71120260432954,1079.6,17.111781277446298,156.57607251879475,0.3096517353999987,0.08320807986813876,0.6071401847318626,363,10.476584022038567,0.0987559228783802,0.16219199982515417,0.052722558340535866,,,,2809,0.00711997152011392,0.9608401566393734,0.009255962976148096,0.06743238236383846,1.0575213041867357,23630.223490356613,1506.678078480671,1.7279825423658235e-15,2.755258456035214e-13,0.0
surge_reactive,4,500,0.3,2775,2683,0.9668468468468469,0.033153153153153155,0.009009009009009009,0.024144144144144144,183.191011605975,161.8701119881648,346.99603806367,179.87204491640927,1073.2,17.155684216805017,166.03532738917002,0.3115076357800292,0.08677582555635868,0.6017165386636122,361,10.462603878116344,0.0962722991583548,0.1696600000286707,0.048894062863795114,,,,2809,0.012103951584193664,0.9551441794232823,0.009611961552153792,0.11218784942228849,1.0817182258665672,23880.015994496847,2004.75589758206,6.8352165357298775e-15,2.723360113641808e-13,0.0
surge_reactive,5,500,0.3,2789,2690,0.9645034062387953,0.03549659376120473,0.008246683399067766,0.027249910362136965,177.00252247966995,153.88568417037322,337.72007655593796,173.53354430677297,1076.0,17.276270348549367,159.7262521311206,0.3119942736704611,0.08446688334435948,0.6035388429851793,363,10.40771349862259,0.08960247933620258,0.16363599997021083,0.046153846153846156,,,,2809,0.00711997152011392,0.9576361694553222,0.0088999644001424,0.09256505576208178,1.062453531598513,23402.171369194133,1472.4946932135704,8.864614948739391e-15,2.6851977890278234e-13,0.0
surge_reactive,0,500,0.5,2767,2671,0.9653053848933864,0.03469461510661366,0.009035056017347307,0.025659559089266353,183.84864378245047,162.29273047945753,341.2561195926646,180.3828317736017,1068.4,17.5876779654097,166.26096581704076,0.3186881002538675,0.08691697249804363,0.5943949272480888,362,10.7292817679558,0.09217596685549873,0.1589479999211107,0.0535194880744619,,,,2809,0.014951940192239232,0.9508721965112139,0.014951940192239232,0.11081991763384501,1.071976787719955,23212.74181086063,1563.9751824050347,1.3030884246349179e-15,2.6901688996577075e-13,0.0
surge_reactive,1,500,0.5,2781,2687,0.9661992089176555,0.03380079108234448,0.0025170801869830997,0.03128371089536138,179.06694861671548,157.93393437767463,335.58333783707786,174.61182120086812,1074.8,17.350321338047536,161.71662727866794,0.3101547955662808,0.08456922740538754,0.6052759770283317,363,10.195592286501377,0.10173085401077492,0.20473000005949868,0.04882981797168449,,,,2809,0.009967960128159488,0.9565681737273051,0.010323958704165184,0.0848529959062151,1.0549869743208038,23352.296737131335,1334.7975480443986,1.650071552743595e-14,2.693178765225837e-13,0.0
surge_reactive,2,500,0.5,2770,2706,0.9768953068592058,0.023104693140794223,0.003249097472924188,0.019855595667870037,175.7935394631192,154.4225133058551,334.8577412744107,173.09192218517222,1082.4,17.937694699078264,157.85584476404094,0.3095782536356704,0.08383425248460348,0.6065874938797261,361,10.479224376731302,0.09367036011396403,0.16678000001775214,0.04965156794425087,,,,2809,0.013883944464222144,0.9633321466714133,0.0088999644001424,0.06688839615668885,1.0529379157427938,23603.632194617938,1422.0385513492145,8.603284792302229e-15,2.693417469019634e-13,0.0
surge_reactive,3,500,0.5,2774,2687,0.9686373467916366,0.03136265320836337,0.0061283345349675555,0.025234318673395817,173.3481269885699,147.33632953136294,334.62331405881696,170.4380140556372,1074.8,17.229173453824814,156.1189535347451,0.31290922313113534,0.08242040071695034,0.6046703761519143,363,10.426997245179063,0.08843360880818991,0.15804200003913135,0.04991294254207777,,,,2809,0.01245995016019936,0.9565681737273051,0.014951940192239232,0.06698920729438035,1.053405284704131,23336.59011578242,1339.5105694461831,1.4154827085079498e-15,2.7718975855479566e-13,0.0
surge_reactive,4,500,0.5,2756,2664,0.9666182873730044,0.033381712626995644,0.007982583454281567,0.02539912917271408,179.80883742092715,159.26037177984972,340.37373347077346,176.3596731165608,1065.6,16.8696348301119,162.93920259081523,0.3156351951435836,0.08514329917950587,0.5992215056769105,363,10.22038567493113,0.09655344352677651,0.19628799972451816,0.04995617879053462,,,,2809,0.018867924528301886,0.9483802064791741,0.015307938768244928,0.10885885885885886,1.0716966966966968,23472.988869677727,1718.8859077580914,1.2118684434337435e-14,2.7356520452340787e-13,0.0
surge_reactive,5,500,0.5,2769,2679,0.9674972914409534,0.032502708559046585,0.006861682918020947,0.02564102564102564,171.90953778188077,147.3331700749427,328.46618107815186,168.84240237994382,1071.6,17.316059676909486,154.5934781049713,0.3151247259781444,0.08227358307876581,0.6026016909430898,360,10.352777777777778,0.1037491666807,0.21768200012047625,0.04664723032069971,,,,2809,0.01423994304022784,0.9537201851192595,0.014951940192239232,0.0765210899589399,1.0462859275849197,22957.273650237017,1098.8784033908487,5.326086716118892e-15,2.73069278192649e-13,0.0
surge_reactive,0,500,0.8,2757,2665,0.9666303953572724,0.033369604642727604,0.006891548784911135,0.026478055857816468,183.99365431735603,162.3178787531633,349.603852711352,180.32524980623748,1066.0,17.865784718499757,166.12786959885628,0.31824256572261905,0.08657506170175636,0.5951823725756247,362,10.668508287292818,0.09908232043886347,0.20257600023342068,0.051925320886814466,,,,2809,0.018511925952296192,0.9487362050551797,0.019223923104307584,0.09606003752345216,1.0600375234521575,23036.86599924972,1375.5057095992238,-2.316012714109229e-15,2.699158386896472e-13,0.0
surge_reactive,1,500,0.8,2762,2684,0.9717595944967415,0.028240405503258507,0.002896451846488052,0.025343953656770456,177.1434112931014,156.18091914843717,331.0008637668851,173.47200362785253,1073.6,17.324831762477675,159.8185795306237,0.3111885971769297,0.08380255501923675,0.6050088478038336,362,10.113259668508288,0.11559558010481068,0.2411239999810277,0.048283885980221056,,,,2809,0.01673193307226771,0.955500177999288,0.01423994304022784,0.0778688524590164,1.04526825633383,23119.9067122661,1115.3508476057486,1.0304309152919998e-14,2.7328321754922755e-13,0.0
surge_reactive,2,500,0.8,2759,2694,0.9764407393983328,0.02355926060166727,0.002899601304820587,0.020659659296846683,175.61798348779124,151.37175194473934,340.21292024126575,172.74201168979255,1077.6,17.35203970956332,158.26594377822795,0.3120219593492194,0.08408062040880644,0.6038974202419742,362,10.185082872928177,0.11406546960286264,0.19768499989368135,0.04813302217036173,,,,2809,0.0177999288002848,0.959060163759345,0.013527945888216448,0.06644394951744617,1.042316258351893,23190.770340597937,1117.3732880656426,8.743480244861608e-15,2.703051014067513e-13,0.0
surge_reactive,3,500,0.8,2750,2666,0.9694545454545455,0.030545454545454546,0.005818181818181818,0.024727272727272726,171.00707077391513,145.43243883222613,329.64921593455347,168.5708707378629,1066.4,16.776319961268413,154.23075081264673,0.3181824476208467,0.0813074966035826,0.6005100557755707,362,10.298342541436464,0.09935110498210724,0.19869199984441363,0.04718640093786636,,,,2809,0.021003915984336062,0.9490922036311855,0.02029191883232467,0.06526631657914479,1.0424793698424606,22771.332700148974,1036.6238451133736,-4.959773527113884e-16,2.703238150121611e-13,0.0
surge_reactive,4,500,0.8,2738,2661,0.9718772826880935,0.028122717311906503,0.00620891161431702,0.02191380569758948,179.58740461341952,157.66182311841158,342.590392231421,176.61334004851352,1064.4,16.72216523793934,162.86523937548014,0.31695355052733354,0.0851479748482042,0.5978984746244622,361,10.0803324099723,0.09972908587253308,0.18735999983618934,0.047927080270508675,,,,2809,0.025275898896404414,0.947312210751157,0.020647917408330368,0.0977076287110109,1.0595640736565202,23045.84686867719,1333.5377013667128,9.867341817733889e-15,2.723282370413931e-13,0.0
surge_reactive,5,500,0.8,2754,2675,0.9713144517066086,0.02868554829339143,0.006899055918663762,0.02178649237472767,169.2573731983833,145.58634639701177,316.04808723829444,166.77415450063418,1070.0,17.06023273598661,152.19714046239667,0.3172647728225577,0.08115440253208257,0.6015808246453598,360,10.21111111111111,0.09313611112828665,0.1664790002178052,0.04573438874230431,,,,2809,0.019579921680313278,0.9522961908152368,0.018511925952296192,0.06579439252336448,1.0388785046728972,22681.7850105909,890.6222931373734,8.837292268687302e-15,2.6859511499679115e-13,0.0
surge_forecast,0,300,0.3,2520,2151,0.8535714285714285,0.14642857142857144,0.06984126984126984,0.07658730158730159,319.025696890606,307.9879303622074,497.7366534031389,295.27559734447993,860.4,42.560861891469166,276.46483499913677,0.04131936504183368,0.16944184033707044,0.7892387946210958,370,19.235135135135135,0.1060051351315279,0.1566830000956543,0.05097250167672703,,,,2809,0.10288358846564613,0.7657529369882521,0.09220363118547525,0.8344955834495583,2.03812180381218,35017.13370596105,17662.15162619353,3.972234494428268e-15,2.7432862531520763e-13,0.0
surge_forecast,1,300,0.3,2469,2120,0.8586472255974078,0.14135277440259214,0.05953827460510328,0.08181449979748887,321.0526293615962,307.7561124213157,507.7718975466487,293.92315063070043,848.0,43.05548688187109,277.99714247972514,0.040923625131393054,0.1672846873924011,0.7917916874762059,371,17.41509433962264,0.1026897574115476,0.1561400001264701,0.055983908816627556,,,,2809,0.12103951584193663,0.7547169811320755,0.1064435742257031,0.880188679245283,2.1110849056603773,36147.93580955451,18752.421326245178,-6.914385206948522e-15,2.722836631216163e-13,0.0
surge_forecast,2,300,0.3,2473,2131,0.8617064294379296,0.13829357056207037,0.06955115244642135,0.068742418115649,331.9188135127018,315.19205002299896,520.3396091218165,307.46882682269563,852.4,47.528280029684225,284.3905334830175,0.03104797941333999,0.17020697797285383,0.7987450426138062,369,19.317073170731707,0.0994794037700346,0.13810799968268833,0.05751765893037336,,,,2809,0.11961552153791385,0.7586329654681381,0.09113563545745818,0.8906616611919287,2.1120366025340216,36361.12236472203,18905.042753690086,4.0995414998453455e-15,2.8147628656685187e-13,0.0
surge_forecast,3,300,0.3,2477,2127,0.858700040371417,0.14129995962858297,0.06661283811061769,0.07468712151796528,320.4159192269579,304.737309707667,510.5812353005749,296.8556317298561,850.8,44.04487625074606,276.37104297621187,0.030004282155871538,0.16658351191011853,0.8034122059340099,370,18.308108108108108,0.10252162161565581,0.15364100002443593,0.04874746106973595,,,,2809,0.11819152723389106,0.7572089711641153,0.09932360270558918,0.8777621062529384,2.0796897038081807,35850.25383397401,18425.257640783533,-6.937145315692609e-15,2.879748364755875e-13,0.0
surge_forecast,4,300,0.3,2482,2116,0.8525382755842063,0.14746172441579372,0.0749395648670427,0.072522159548751,326.68181971209344,310.77406291412217,516.5883813871478,301.4389210143096,846.4,44.09093563927619,282.59088407281723,0.0316495948116846,0.16925546846039355,0.7990949367279218,367,18.861035422343324,0.109497547669909,0.17677999993793486,0.048547008547008545,,,,2809,0.11641153435386259,0.7532929868280527,0.09683161267354931,0.8596408317580341,2.1108223062381852,36325.34150020159,18960.23743624802,-1.743616803135312e-15,2.714879361018539e-13,0.0
surge_forecast,5,300,0.3,2482,2112,0.8509266720386784,0.14907332796132153,0.06124093473005641,0.08783239323126511,324.7711382669821,315.2068416723389,510.60299050937823,296.0318858239941,844.8,42.701394596497586,282.0697436704845,0.030217703932118985,0.16746864585793256,0.8023136502099484,369,17.70460704607046,0.10105609755412677,0.1673720000144385,0.04683288409703504,,,,2809,0.11641153435386259,0.7518689925240299,0.10430758276966892,0.8839962121212122,2.121803977272727,36373.8578042887,19007.281331757462,9.327555562949233e-16,2.696084096716807e-13,0.0
surge_forecast,0,300,0.5,2383,2107,0.8841796055392362,0.11582039446076374,0.04322282836760386,0.07259756609315988,295.5298738938149,279.898642237692,488.28433786736895,277.5930475373776,842.8,32.79297926369865,262.73689463011624,0.05579407231776172,0.16359784075254608,0.7806080869296923,366,15.292349726775956,0.11265218579025262,0.2777900000182855,0.046286701208981,,,,2809,0.15165539337842648,0.7500889996440014,0.12175151299394803,0.7536782154722355,1.829140958709065,30855.69984639174,13795.377646847872,1.5297577053117013e-15,2.7344303059776786e-13,0.0
surge_forecast,1,300,0.5,2314,2070,0.8945548833189283,0.10544511668107173,0.029818496110630942,0.0756266205704408,296.7260528345676,281.67736451335736,485.83766201969587,275.7641972617238,828.0,30.639485557922555,266.08656727664504,0.050548899119181666,0.1643283161237421,0.7851227847570762,363,13.071625344352617,0.11061294765144734,0.26999400010936364,0.05237599722511273,,,,2809,0.1762192951228195,0.7369170523317907,0.14382342470630116,0.8106280193236715,1.9128019323671497,32139.02319028737,15088.82817555512,1.1450207395225866e-14,2.8228198093551467e-13,0.0
surge_forecast,2,300,0.5,2332,2100,0.9005145797598628,0.09948542024013722,0.03430531732418525,0.06518010291595197,287.9203567774874,270.0185672570037,470.87851531182673,270.41208788534175,840.0,28.309639842381397,259.610716935106,0.04673463042072884,0.16288224633616655,0.7903831232431047,367,13.013623978201634,0.10527901905738092,0.20225200007189345,0.04844290657439446,,,,2809,0.16981132075471697,0.7475970096119615,0.12210751156995373,0.8257142857142857,1.855595238095238,31340.744448613503,14194.900254943805,7.891042316930994e-15,2.804459310282038e-13,0.0
surge_forecast,3,300,0.5,2345,2100,0.8955223880597015,0.1044776119402985,0.03326226012793177,0.07121535181236674,298.4205157987683,282.7467076538296,486.81996483333097,279.1843030744616,840.0,32.6056503141091,265.8148654846592,0.04018655020253021,0.16682305617792434,0.7929903936195455,375,13.434666666666667,0.10593706665046436,0.1985580001564812,0.054452054794520546,,,,2809,0.16518333926664294,0.7475970096119615,0.12744749021003915,0.82,1.885595238095238,32090.689886207012,14907.021106939148,-5.582412838867597e-15,2.759210849219363e-13,0.0
surge_forecast,4,300,0.5,2350,2084,0.8868085106382979,0.11319148936170213,0.03872340425531915,0.07446808510638298,290.91011094231857,275.81470374503397,481.2059853177085,272.0055641158274,833.6,29.052482731617598,261.8576282107009,0.04916082741129319,0.16356964118192863,0.7872695314067781,366,13.521857923497267,0.10382349726897387,0.15375000027688662,0.051831375259156875,,,,2809,0.16340334638661444,0.7419010323958705,0.12993948024207902,0.7816698656429942,1.9015115163147793,31897.91865622148,14839.067268801507,-1.0400722722822388e-14,2.7259065126689065e-13,0.0
surge_forecast,5,300,0.5,2340,2081,0.8893162393162393,0.11068376068376068,0.035897435897435895,0.07478632478632478,291.129935446444,276.5736087854593,472.77430478508904,272.128163726804,832.4,28.35621553695554,262.7737199094884,0.04567365483034597,0.1632748204856364,0.7910515246840176,364,13.184065934065934,0.10389010987142723,0.16153299993675319,0.053970436576143005,,,,2809,0.16696333214667142,0.7408330366678534,0.14346742613029548,0.8274867851994233,1.893440653531956,31798.354864360474,14787.367768362103,1.2710213041167579e-14,2.8001051741573423e-13,0.0
surge_forecast,0,300,0.8,2263,2077,0.9178082191780822,0.0821917808219178,0.023862129916040652,0.058329650905877155,259.85171779143406,242.7403018755922,436.5570132572226,247.92853202804358,830.8,23.40317504753337,236.44854274390076,0.07057165193169081,0.15351450530456526,0.7759138427637439,365,11.591780821917808,0.10210904112109222,0.15046000005895627,0.054929577464788736,,,,2809,0.19437522249911,0.7394090423638305,0.14489142043431827,0.6490129995185363,1.5553683196918633,25991.92124133338,9176.010654372807,-1.1705396187988217e-14,2.768238749019238e-13,0.0
surge_forecast,1,300,0.8,2212,2034,0.9195298372513563,0.08047016274864376,0.015822784810126583,0.06464737793851717,259.4246940132586,239.94797609001898,447.8775507297751,245.21778222929814,813.6,22.645581501627415,236.77911251163118,0.07855698637381309,0.15260510495233118,0.7688379086738557,363,10.462809917355372,0.09949504131881272,0.14813000000685858,0.046628407460545196,,,,2809,0.2125311498754005,0.7241011035955857,0.16625133499466002,0.6868239921337267,1.577802359882006,26092.599099570176,9384.152196878607,9.356876685021771e-15,2.772479067040332e-13,0.0
surge_forecast,2,300,0.8,2233,2049,0.9175996417375728,0.08240035826242723,0.02373488580385132,0.05866547245857591,268.5799028044005,249.72465221261655,452.22062055330315,255.02245486440034,819.6,25.385902936565895,243.1939998678346,0.06420995461920309,0.15482126722228182,0.7809687781585151,367,11.539509536784742,0.10305667574084758,0.20588600005794425,0.05508474576271186,,,,2809,0.2050551797792809,0.7294410822356711,0.14524741901032395,0.7052220595412396,1.6161542215714984,26672.915573256487,9901.228162131005,8.873548281933267e-15,2.7376745195962283e-13,0.0
surge_forecast,3,300,0.8,2232,2069,0.9269713261648745,0.07302867383512544,0.016129032258064516,0.056899641577060935,255.4197558031028,235.64998050510349,439.9463019968431,244.24756516967423,827.6,22.189102064160245,233.23065373894252,0.06120911059391345,0.15020792618961168,0.7885829632164748,374,10.272727272727273,0.09873957219497242,0.1425400002608512,0.05289139633286319,,,,2809,0.20541117835528658,0.736561053755785,0.15414738341046635,0.6544224262928952,1.584098598356694,26895.32101997932,9836.494010853408,-4.41427679544533e-15,2.7473990002094694e-13,0.0
surge_forecast,4,300,0.8,2249,2064,0.917741218319253,0.082258781680747,0.028012449977767896,0.0542463317029791,254.54449182862598,236.47442448711809,431.21105588536597,242.42867872385986,825.6,22.018468924891383,232.52602290373457,0.06866789944697987,0.14960287034311973,0.7817292302099005,368,10.78804347826087,0.10362173911645463,0.16172300006019208,0.04621999283410964,,,,2809,0.19935920256318976,0.7347810608757565,0.14417942328230687,0.6710271317829457,1.59375,26567.977006496472,9659.827686630972,5.207935719196107e-15,2.7561867516971933e-13,0.0
surge_forecast,5,300,0.8,2218,2042,0.9206492335437331,0.0793507664562669,0.021190261496844005,0.058160504959422904,255.3418298253358,238.65363059301853,438.10546377786824,243.29372686180741,816.8,21.329810109433893,234.01201971590189,0.06722941478717621,0.15033483278811843,0.7824357524247053,361,10.18005540166205,0.09772936288989165,0.1648599999498401,0.047959914101646385,,,,2809,0.21039515841936632,0.7269490922036311,0.17123531505873976,0.6748285994123409,1.5942703232125368,26342.075923859364,9664.783416460827,-2.307002124431667e-15,2.672903796218412e-13,0.0
surge_forecast,0,400,0.3,2711,2551,0.9409811877535964,0.05901881224640354,0.01770564367392106,0.041313168572482475,221.81275285859488,201.0776223683706,400.2405722394269,214.9033570680301,1020.4,19.740520118963843,202.07223273963103,0.17452589732637652,0.12210250331559443,0.7033715993580291,362,12.088397790055248,0.10426353590205333,0.15346299987868403,0.04697380307136405,,,,2809,0.034887860448558204,0.9081523673905304,0.03987184051263795,0.36965895727165815,1.3222265778126225,27079.34614589655,6467.650892073943,8.332112821030428e-15,2.6943010738970095e-13,0.0
surge_forecast,1,400,0.3,2700,2551,0.9448148148148148,0.055185185185185184,0.006666666666666667,0.048518518518518516,220.48627568602743,201.4831673215458,398.34538140012046,211.61758889076353,1020.4,18.81810873607141,201.668166949956,0.1589413251174629,0.12296551733811675,0.7180931575444204,363,10.754820936639119,0.11382038565364586,0.1860600001145939,0.04934601664684899,,,,2809,0.03880384478462086,0.9081523673905304,0.029903880384478464,0.3633869070952568,1.2978243825950608,27049.710732245236,6147.519012844417,1.1195800591329735e-14,2.759614045183386e-13,0.0
surge_forecast,2,400,0.3,2722,2595,0.9533431300514328,0.04665686994856723,0.009551800146950772,0.03710506980161646,218.04416408646068,197.80067171257178,391.46540007949125,211.67824284931214,1038.0,19.689099038829703,198.35506504763097,0.155552739194765,0.12196798333352013,0.7224792774717149,364,11.392857142857142,0.10874230767368008,0.14384700018126753,0.0486646884272997,,,,2809,0.03097187611249555,0.923816304734781,0.025631897472410112,0.28670520231213875,1.2301541425818883,26223.9073860804,5044.919823349413,1.0918262654502503e-16,2.7232166425522394e-13,0.0
surge_forecast,3,400,0.3,2723,2574,0.945280940139552,0.05471905986044803,0.010282776349614395,0.04443628351083364,211.16761901565073,190.72283865442205,382.3595313255485,203.83051798219947,1029.6,18.867243980360875,192.30037503528987,0.1551316551728599,0.11727945282358476,0.7275888920035554,367,10.940054495912806,0.10122043598227053,0.1600500002496116,0.04410011918951132,,,,2809,0.030615877536489856,0.9163403346386615,0.031683873264506945,0.29564879564879565,1.2283411033411034,26134.916582854195,5013.966783417542,3.084901754749046e-15,2.72975892084776e-13,0.0
surge_forecast,4,400,0.3,2721,2588,0.9511209114296214,0.04887908857037854,0.01396545387725101,0.03491363469312753,222.9427232480843,202.57209219499373,400.37707394134026,216.12229129371843,1035.2,19.21344169592612,203.72928155215817,0.15138761374529738,0.12473325905881638,0.7238791271958862,361,11.160664819944598,0.10173822714519434,0.14343999982884256,0.04369949117030829,,,,2809,0.03132787468850125,0.9213243147027412,0.025631897472410112,0.32805255023183927,1.2559891808346213,26720.42318056902,5552.3138235726965,1.9241005834809708e-15,2.733422281238825e-13,0.0
surge_forecast,5,400,0.3,2720,2586,0.950735294117647,0.04926470588235294,0.010661764705882353,0.03860294117647059,216.82335832501408,199.17646423909355,391.83309257824976,210.00866931288397,1034.4,18.2784262151834,198.5449321098307,0.15462405620797862,0.12235864947006611,0.7230172943219553,367,10.618528610354224,0.1109032697549546,0.17812400008551768,0.042362768496420046,,,,2809,0.031683873264506945,0.9206123175507298,0.03310786756852972,0.3522815158546017,1.2783255993812839,26787.946214580705,5717.972905972587,1.5003037052803836e-14,2.773316508125713e-13,0.0
surge_forecast,0,400,0.5,2651,2508,0.946058091286307,0.05394190871369295,0.017729158807996984,0.036212749905695965,216.25060127831674,196.78513969209666,401.34282756321676,210.9970451625797,1003.2,19.826766463246376,196.42383481507036,0.18624743912135544,0.11821662919343007,0.6955359316852145,361,11.894736842105264,0.10507423824232939,0.1485399999182845,0.04928068564432201,,,,2809,0.056247775008899964,0.8928444286222855,0.05055179779280883,0.31778309409888356,1.2711323763955342,25576.898737290867,5314.890855687196,1.2795010487944787e-14,2.7771865969419265e-13,0.0
surge_forecast,1,400,0.5,2664,2525,0.9478228228228228,0.052177177177177174,0.006756756756756757,0.045420420420420424,212.77755998923675,194.01817974748337,383.4845650468782,204.78599991229,1010.0,18.045016260044026,194.73254372919268,0.16883903338611303,0.1180629165678169,0.7130980500460701,365,10.331506849315069,0.10845342466170335,0.1548800001182827,0.044740024183796856,,,,2809,0.051619793520825914,0.8988964044143823,0.046279814880740476,0.3089108910891089,1.244950495049505,25633.13740291157,4914.84785120376,-1.7154154884247864e-15,2.7374863652024187e-13,0.0
surge_forecast,2,400,0.5,2682,2572,0.9589858314690529,0.041014168530947054,0.009694258016405667,0.03131991051454139,207.53569842482085,187.92224780621063,374.0261718174146,202.75089282511294,1028.8,18.37975963805741,189.15593878676344,0.16300159721476162,0.11751062615309592,0.7194877766321425,361,10.983379501385041,0.10245290858824208,0.14922000000296953,0.046686746987951805,,,,2809,0.04521181915272339,0.9156283374866501,0.036667853328586686,0.23133748055987557,1.1786547433903578,24953.31724526409,3920.8141428942677,7.055355090549478e-15,2.7861694289180176e-13,0.0
surge_forecast,3,400,0.5,2689,2546,0.9468203793231684,0.05317962067683154,0.01190033469691335,0.04127928597991819,202.56189765618038,182.3433713083632,361.1883936750064,196.56774128060735,1018.4,18.160697556442624,184.4012000997377,0.16806410860917234,0.11268377896684784,0.7192521124239799,362,10.895027624309392,0.11243397789358366,0.1621210001258077,0.04776209071793331,,,,2809,0.04271982912068352,0.906372374510502,0.044499822000711994,0.2627651217596229,1.177827965435978,24690.061291325517,3851.6583931379355,-1.315522710404231e-15,2.7095407178299564e-13,0.0
surge_forecast,4,400,0.5,2683,2564,0.9556466641818859,0.04435333581811405,0.012299664554603056,0.032053671263511,209.9907000252838,192.00722376141402,381.7630220270264,204.3955406695975,1025.6,17.755841172083905,192.23485885319985,0.16786634791498264,0.11881554099960749,0.7133181110854099,361,10.587257617728532,0.10545069251778151,0.1547999998365412,0.04731766124171188,,,,2809,0.04485582057671769,0.9127803488786045,0.03809184763260947,0.29446177847113886,1.2063182527301093,25172.759926923594,4366.540828365823,5.0748103933724e-15,2.730642891555747e-13,0.0
surge_forecast,5,400,0.5,2693,2566,0.9528406981062013,0.04715930189379874,0.01188265874489417,0.035276643148904566,208.66869888866307,190.38754781404577,376.6266234159616,202.80863393251548,1026.4,17.839975330405483,190.8287235582576,0.16020302852938276,0.11847579353084173,0.7213211779397756,360,10.533333333333333,0.10909111109893072,0.15699199997925464,0.04360902255639098,,,,2809,0.041295834816660736,0.9134923460306159,0.044499822000711994,0.2930631332813718,1.2084957131722525,25237.387875074295,4307.715012446193,9.908848661481064e-15,2.7496191865331647e-13,0.0
surge_forecast,0,400,0.8,2616,2489,0.9514525993883792,0.04854740061162079,0.016055045871559634,0.03249235474006116,204.78086058360014,183.51870460566352,376.5803353711865,200.38038796757175,995.6,18.51581027274585,186.2650503108543,0.19887860914971855,0.11294356047621618,0.6881778303740653,362,11.287292817679559,0.11036629833278468,0.1554689999238689,0.0485917672547199,,,,2809,0.06870772516909933,0.8860804556781773,0.0615877536489854,0.25873844917637606,1.1994777018883085,24041.829849755064,3888.819796540441,-7.954888477768197e-16,2.7616487731523405e-13,0.0
surge_forecast,1,400,0.8,2631,2509,0.9536297985556822,0.04637020144431775,0.005701254275940707,0.040668947168377045,205.0016020726357,187.1317563937273,365.8520887408977,197.9806433113926,1003.6,17.617432323980058,187.38416974865564,0.1761423150900755,0.11565132746967328,0.7082063574402513,363,9.997245179063361,0.10448457299116602,0.1781939997272275,0.052392489400363416,,,,2809,0.06336774652901389,0.8932004271982912,0.055535777856888575,0.26345157433240335,1.1666998804304505,23974.718042780267,3381.2231841227017,8.69451979523905e-15,2.752124731554103e-13,0.0
surge_forecast,2,400,0.8,2653,2555,0.9630606860158312,0.036939313984168866,0.008292499057670561,0.028646814926498305,202.50162156894035,184.5417466629783,356.72164275425513,198.2158552233417,1022.0,17.467986309669705,185.03363525927065,0.1667728771786656,0.11474251550254506,0.7184846073187894,362,10.430939226519337,0.10237707183402678,0.14032399977622842,0.044430919050517347,,,,2809,0.055535777856888575,0.9095763616945532,0.04093983624065504,0.19921722113502935,1.1345401174168297,23858.24088885234,2950.7606268968916,3.766502222094269e-15,2.7301492225909426e-13,0.0
surge_forecast,3,400,0.8,2644,2535,0.9587745839636914,0.041225416036308624,0.01096822995461422,0.030257186081694403,197.01546215347307,177.90527135746743,352.05904741693195,192.655446800114,1014.0,17.50847642011414,179.50698573335893,0.17148260023000927,0.11043473222839592,0.7180826675415949,361,10.401662049861496,0.10165290859605644,0.1368399999591929,0.04635559621835925,,,,2809,0.058739765040939834,0.9024563901744393,0.05197579209683161,0.2126232741617357,1.132741617357002,23528.292452858663,2794.958642635594,2.6527979900431945e-15,2.7055508830460147e-13,0.0
surge_forecast,4,400,0.8,2648,2540,0.959214501510574,0.04078549848942598,0.011706948640483383,0.0290785498489426,205.9438784082003,184.8642654670789,373.38714149851853,200.94496890087322,1016.0,17.98899751581002,187.95488089239032,0.17320982572930793,0.11644259886704104,0.710347575403651,360,10.46111111111111,0.11134777777594233,0.17856800010122253,0.04896593673965937,,,,2809,0.05731577073691705,0.9042363830544677,0.043787824848700606,0.23385826771653542,1.1543307086614174,23877.95953995629,3158.2739218497854,1.818842539397717e-15,2.6881926256298295e-13,0.0
surge_forecast,5,400,0.8,2633,2527,0.9597417394606912,0.040258260539308775,0.0072161033042157235,0.03304215723509305,201.05806088542937,183.85574256845666,358.5584838824937,195.97977999858992,1010.8,17.643687967645622,183.4143729177837,0.17455558738219176,0.11213637355859202,0.7133080390592162,361,10.063711911357341,0.1106750692466005,0.17191999986607687,0.04309290953545232,,,,2809,0.0626557493770025,0.8996084015663938,0.05233179067283731,0.26909378709932724,1.1651167392164623,24025.411668394427,3384.332976537173,2.078362105378617e-15,2.7584257702600684e-13,0.0
surge_forecast,0,500,0.3,2781,2676,0.9622437971952535,0.037756202804746494,0.009708737864077669,0.028047464940668825,187.14188734470991,164.36380846173506,356.63611066619296,183.64486633088882,1070.4,17.882422913884223,169.2594644308257,0.31477657678914817,0.08805823933034378,0.5971651838805081,362,11.027624309392266,0.113506629833402,0.15105300016330145,0.054155806545033304,,,,2809,0.009967960128159488,0.9526521893912424,0.010323958704165184,0.12481315396113603,1.0845478325859492,23828.93174434469,2057.0206884493573,4.173293499515863e-15,2.691159867613939e-13,0.0
surge_forecast,1,500,0.3,2796,2705,0.9674535050071531,0.032546494992846925,0.002861230329041488,0.029685264663805437,180.9125127719104,159.07965765654262,335.71819087046566,176.57804993564932,1082.0,17.828582732382127,163.08393003952827,0.3069921688607226,0.08586397972010369,0.6071438514191737,360,10.436111111111112,0.11052027776941031,0.15782000003582658,0.05025847214244687,,,,2809,0.004627981488074048,0.9629761480954077,0.006763972944108224,0.08539741219963032,1.055637707948244,23483.07001495359,1382.2162156377804,1.6045000612593832e-14,2.7230893654165024e-13,0.0
surge_forecast,2,500,0.3,2781,2709,0.9741100323624595,0.025889967637540454,0.005034160373966199,0.020855807263574253,176.09322962681824,152.33386047783642,340.73316341926227,173.43204611481238,1083.6,17.938056293689,158.15517333312926,0.30959710964263704,0.08439968616321389,0.6060032041941491,361,10.664819944598339,0.12076066480547429,0.21021999991717144,0.04982618771726535,,,,2809,0.009967960128159488,0.9644001423994304,0.004983980064079744,0.07124400147655961,1.0598006644518272,23769.289843085375,1569.0288876042837,9.409478241485324e-15,2.742905775362103e-13,0.0
surge_forecast,3,500,0.3,2794,2697,0.9652827487473157,0.03471725125268432,0.0082319255547602,0.026485325697924122,174.99559396028374,148.1000607980459,338.0144281752702,172.25459454514314,1078.8,17.106156514391344,157.8894374458924,0.31002670940939875,0.08384910085284206,0.6061241897377592,363,10.622589531680442,0.11918044077596197,0.1890560000174446,0.04861111111111111,,,,2809,0.00533997864008544,0.9601281594873621,0.00711997152011392,0.06340378197997776,1.049870226177234,23402.726801432505,1311.8856099992292,-2.049363850869069e-15,2.6874526993031685e-13,0.0
surge_forecast,4,500,0.3,2776,2685,0.9672190201729106,0.032780979827089336,0.009365994236311239,0.0234149855907781,183.58701394793331,163.4581038357569,349.68951008321966,180.4461144134271,1074.0,17.3524216196679,166.2345923282654,0.3106050792669717,0.08676599965215588,0.6026289210808725,360,10.575,0.11325694443939938,0.15940900027089822,0.04944735311227458,,,,2809,0.011747953008187968,0.9558561765752936,0.009611961552153792,0.11843575418994413,1.079608938547486,23915.33003973203,1990.4906287200006,5.7246158982217666e-15,2.712400136897232e-13,0.0
surge_forecast,5,500,0.3,2790,2696,0.9663082437275986,0.03369175627240143,0.008243727598566309,0.025448028673835124,176.55267511809606,153.82757761926268,338.07196259173406,173.71510066093487,1078.4,16.989595077662372,159.56308004043368,0.31190752530988153,0.08464007301986264,0.6034524016702558,363,10.438016528925619,0.11713168044056542,0.1679000001786335,0.04641717435451117,,,,2809,0.006763972944108224,0.9597721609113563,0.007831968672125312,0.08382789317507418,1.0560089020771513,23261.35593568264,1307.078984458054,8.871242019912823e-15,2.6840053424105677e-13,0.0
surge_forecast,0,500,0.5,2776,2675,0.9636167146974063,0.03638328530259366,0.008645533141210375,0.027737752161383286,184.2263546979273,160.82183641456504,349.37746104032937,180.82260829257527,1070.0,17.556675419272885,166.6696792786544,0.31664396957199537,0.087036508811368,0.5963195216166367,362,10.895027624309392,0.1170093922718283,0.19675899985031653,0.05557163531114327,,,,2809,0.011747953008187968,0.9522961908152368,0.012815948736205056,0.10728971962616822,1.0667289719626167,23260.2693945304,1525.6846455355583,1.96146318294523e-16,2.697860211451498e-13,0.0
surge_forecast,1,500,0.5,2788,2702,0.9691535150645624,0.03084648493543759,0.0032281205164992827,0.027618364418938307,180.87104406988036,159.7649820356014,338.4093015190649,176.94600932473207,1080.8,17.56677725789786,163.3042668119825,0.30852109078345014,0.08565247708141933,0.6058264321351304,362,10.320441988950277,0.11393922651745547,0.15645099986613772,0.04710982658959537,,,,2809,0.007475970096119616,0.9619081523673906,0.007475970096119616,0.09141376757957069,1.0540340488527018,23421.396695809606,1306.996896063411,1.6498522262168333e-14,2.69092914740897e-13,0.0
surge_forecast,2,500,0.5,2771,2707,0.9769036448935402,0.02309635510645976,0.003247924936845904,0.019848430169613858,175.08534194817935,151.7480228684335,339.2142376988572,172.22350318276727,1082.8,17.15587210227391,157.92946984590546,0.3094054595806623,0.08424227747441616,0.6063522629449215,360,10.272222222222222,0.11710250000760425,0.194608000151675,0.0477021524141943,,,,2809,0.013527945888216448,0.963688145247419,0.008543965824136704,0.0639083856667898,1.0531030661248615,23553.48756176444,1404.5111835688215,6.118325482585181e-15,2.6976196591559584e-13,0.0
surge_forecast,3,500,0.5,2783,2697,0.969098095580309,0.03090190441969098,0.006827164929931728,0.024074739489759252,175.60504417707702,150.17645934774464,335.7145266153746,172.96043709047913,1078.8,17.516315808384366,158.08872836869267,0.3119231932469205,0.08337338210467514,0.6047034246484043,362,10.621546961325967,0.11855110497533801,0.18856800000776247,0.051734104046242776,,,,2809,0.009255962976148096,0.9601281594873621,0.011747953008187968,0.061549870226177236,1.046347793845013,23183.501499540213,1147.7671141463488,3.0647424613771935e-15,2.732125900296261e-13,0.0
surge_forecast,4,500,0.5,2760,2679,0.9706521739130435,0.029347826086956522,0.007608695652173913,0.021739130434782608,181.70627049802098,162.35981837562213,343.93928791404255,178.8546376865636,1071.6,16.816895144929656,164.8893753530913,0.310916306308101,0.08632236264600004,0.6027613310458989,361,10.279778393351801,0.11734321328869877,0.2029799998126688,0.045707588631702316,,,,2809,0.017443930224279102,0.9537201851192595,0.014595941616233536,0.10488988428518103,1.066442702500933,23484.104468082052,1602.3198881839512,4.266422560103019e-15,2.698267970469707e-13,0.0
surge_forecast,5,500,0.5,2777,2692,0.9693914296002881,0.030608570399711918,0.005761613251710479,0.02484695714800144,173.79477917247328,148.9595798472783,333.4392197128333,170.7535997263534,1076.8,17.330626385355476,156.4641527871178,0.3123692593247889,0.0835219006594919,0.6041088400157192,360,10.366666666666667,0.11438166666392943,0.17142400024113175,0.04538842013383765,,,,2809,0.011391954432182272,0.9583481666073336,0.013171947312210752,0.06946508172362556,1.0441121842496286,23051.561747414435,1052.3556408607649,7.515863447536721e-15,2.7130617382866666e-13,0.0
surge_forecast,0,500,0.8,2758,2667,0.9670050761421319,0.03299492385786802,0.007614213197969543,0.025380710659898477,186.41051215026351,161.969321511202,357.410822579929,183.00317848057827,1066.8,18.14902489924421,168.2614872510193,0.3168001473485269,0.08761784903260145,0.5955820036188717,362,10.812154696132596,0.11832071823188238,0.16475300006732138,0.056088346410927054,,,,2809,0.018155927376290494,0.9494482022071912,0.017087931648273408,0.09561304836895389,1.0573678290213724,22964.646508999187,1270.2210330203452,8.07411463855441e-15,2.6939438889457707e-13,0.0
surge_forecast,1,500,0.8,2762,2690,0.9739319333816076,0.02606806661839247,0.002896451846488052,0.023171614771904415,178.03848505410582,157.50336948778613,331.6290790271517,174.6083406219748,1076.0,17.708257236044954,160.33022781806085,0.3116648129115269,0.08404540809005548,0.6042897789984176,361,10.204986149584487,0.11925263158377863,0.18497999999453865,0.05186902347145755,,,,2809,0.01673193307226771,0.9576361694553222,0.013883944464222144,0.08066914498141264,1.0424721189591077,23044.784297488273,1037.1103995972603,2.0888619211049628e-14,2.7233159965030387e-13,0.0
surge_forecast,2,500,0.8,2762,2704,0.9790007241129616,0.020999275887038378,0.0018102824040550326,0.019188993482983346,176.2445875456184,152.1430406355896,339.7781584291369,173.3916446055724,1081.6,17.563683496638195,158.6809040489802,0.3134096385225837,0.0841794061311186,0.6024109553462977,363,10.239669421487603,0.12074738293128924,0.19950999998400207,0.0491564863292612,,,,2809,0.01673193307226771,0.9626201495194019,0.011391954432182272,0.0643491124260355,1.0396634615384615,23058.908176022618,996.737244209379,1.478485315766723e-14,2.7245776312265163e-13,0.0
surge_forecast,3,500,0.8,2761,2683,0.971749366171677,0.02825063382832307,0.005795001810938066,0.022455632017385006,173.18607805917864,147.84450534209282,334.8560915068874,170.96510354105402,1073.2,17.068309422677647,156.117768636501,0.31443770440340124,0.08237477821519965,0.6031875173813992,363,10.358126721763085,0.11767933886005251,0.16183200002160447,0.04591985960807254,,,,2809,0.017087931648273408,0.9551441794232823,0.018867924528301886,0.061871039880730526,1.0431420052180396,22971.026744349707,1058.2284264736977,-3.67346026045746e-15,2.7550389186635017e-13,0.0
surge_forecast,4,500,0.8,2742,2665,0.9719183078045223,0.028081692195477754,0.007658643326039387,0.020423048869438368,179.6641537976783,159.50811604137652,336.1517255210347,177.11475199172423,1066.0,16.880224513265894,162.7839292844124,0.31532114896961033,0.08490305756384228,0.5997757934665474,362,10.220994475138122,0.11439944752025304,0.1975870000160284,0.050146627565982406,,,,2809,0.02385190459238163,0.9487362050551797,0.018867924528301886,0.08067542213883677,1.0494371482176361,22946.933220496103,1171.6530840671137,3.951894054858972e-15,2.6901499581218024e-13,0.0
surge_forecast,5,500,0.8,2762,2685,0.9721216509775525,0.027878349022447502,0.005068790731354091,0.02280955829109341,171.77301099493513,147.25912995231602,326.2671493665206,169.16053209702756,1074.0,17.25074263379536,154.52226836113974,0.31438144835915693,0.08259627204077442,0.6030222796000686,362,10.209944751381215,0.11404116022648704,0.1995149999402199,0.04500292226767972,,,,2809,0.01673193307226771,0.9558561765752936,0.016375934496262016,0.060335195530726256,1.0345437616387336,22691.61184229955,805.1676511668787,7.522556961787913e-15,2.733264059942497e-13,0.0
