arm,seed,drivers.num_drivers,requests,completed,completion_rate,cancel_rate,cancel_no_match_rate,cancel_eta_rate,cancel_late_rate,wait_mean_s,wait_p50_s,wait_p90_s,wait_all_mean_s,completed_per_hour,time_to_match_mean_s,pickup_mean_s,driver_idle_frac,driver_enroute_frac,driver_ontrip_frac,batches,batch_riders_mean,solve_ms_mean,solve_ms_p99,decline_rate,shadow_gap_s_per_batch,shadow_gap_frac,shadow_worse_batches_frac,app_opens,priced_out_rate,served_rate,retried_rate,surged_trip_frac,mean_multiplier_paid,revenue_per_hour,surge_revenue_per_hour,eta_error_mean_s,eta_abs_error_mean_s,eta_late_2min_frac,moves_per_driver_hour,chase_moves_per_hour,reposition_km_per_hour,moves_dispatched_frac,move_planned_mean_s,driver_reposition_frac,drivers_online_mean,earnings_per_online_hour,reserve_logons,reserve_logoffs
no_surge,0,300,2473,2183,0.8827335220380105,0.1172664779619894,0.0424585523655479,0.0748079255964415,0.0,279.4018636677473,261.0471640425603,476.9539220652979,261.031237941723,873.2,29.466788822721025,249.93507484502624,0.0914141123114017,0.1615893694608576,0.7469965182277406,365,14.315068493150685,0.13155917816856,0.2269360009813681,0.0533915379449294,,,,2473,0.0,0.8827335220380105,0.0,0.0,1.0,17927.614822779105,0.0,5.841715872677232e-15,2.6626392850115974e-13,0.0,0.0,0.0,0.0,,,0.0,300.0,59.75871607593036,0.0,0.0
no_surge,1,300,2473,2185,0.8835422563687828,0.1164577436312171,0.0485240598463404,0.0679336837848766,0.0,297.9494585224083,282.4486630816609,492.954459516166,278.0765338401982,874.0,33.44439359267734,264.50506492973096,0.0743074621248889,0.1688586961612709,0.7568338417138402,360,14.988888888888887,0.1279636112384549,0.2280300029815408,0.0508931580721267,,,,2473,0.0,0.8835422563687828,0.0,0.0,1.0,17987.449136866515,0.0,6.81682018232087e-16,2.740333259064441e-13,0.0,0.0,0.0,0.0,,,0.0,300.0,59.95816378955505,0.0,0.0
no_surge,2,300,2473,2195,0.8875859280226446,0.1124140719773554,0.0481196926809543,0.0642943792964011,0.0,288.2990162820437,275.1922091240868,489.23120979311614,270.87199935773623,878.0,32.08519362186788,256.2138226601758,0.0797475925704593,0.1655777777120967,0.7546746297174439,365,14.956164383561644,0.1275019177390352,0.1832919995649718,0.0503548496113551,,,,2473,0.0,0.8875859280226446,0.0,0.0,1.0,18001.106907069166,0.0,3.724482124888293e-15,2.713595483472377e-13,0.0,0.0,0.0,0.0,,,0.0,300.0,60.00368969023055,0.0,0.0
no_surge,3,300,2473,2181,0.8819247877072381,0.1180752122927618,0.0509502628386575,0.0671249494541043,0.0,292.51343951331097,279.1121029045589,485.5693267510187,273.41782283346794,872.4,32.38560293443375,260.1278365788772,0.0829447262179904,0.1676553689825083,0.7493999047995012,360,14.944444444444445,0.1324277777206993,0.2130179987580052,0.046472184531886,,,,2473,0.0,0.8819247877072381,0.0,0.0,1.0,17836.83210762242,0.0,7.489042245889639e-15,2.727729907045844e-13,0.0,0.0,0.0,0.0,,,0.0,300.0,59.45610702540807,0.0,0.0
no_surge,4,300,2473,2169,0.8770723817226042,0.1229276182773958,0.0497371613424989,0.0731904569348968,0.0,283.8301527208838,266.6544011701389,472.7037019902295,265.184604952135,867.6,34.23005993545413,249.60009278542967,0.0940856571192444,0.1589487064548387,0.746965636425917,362,15.57182320441989,0.1266817681069128,0.2563559992267983,0.0478290366350067,,,,2473,0.0,0.8770723817226042,0.0,0.0,1.0,17809.574445357564,0.0,1.058934713390744e-15,2.754532425113144e-13,0.0,0.0,0.0,0.0,,,0.0,300.0,59.36524815119188,0.0,0.0
no_surge,5,300,2473,2186,0.883946623534169,0.1160533764658309,0.0465022240194096,0.0695511524464213,0.0,289.2866046687452,271.4783563850799,483.8691611497825,270.8797223969176,874.4,32.55580969807868,256.73079497066647,0.0868753272659885,0.1644460567340502,0.7486786159999612,362,15.096685082872929,0.1298986188890489,0.226485001767287,0.0485666104553119,,,,2473,0.0,0.883946623534169,0.0,0.0,1.0,17838.19682107507,0.0,-5.017842398580305e-16,2.73157119572724e-13,0.0,0.0,0.0,0.0,,,0.0,300.0,59.460656070250245,0.0,0.0
no_surge,0,400,2473,2336,0.9446016983420946,0.0553983016579053,0.0157703194500606,0.0396279822078447,0.0,191.6963128641871,162.952045140235,367.83693743536514,187.324637756939,934.4,20.52611301369863,171.17019985048847,0.2932057737688202,0.0974849581168371,0.6093092681143426,360,10.933333333333334,0.1280391669044749,0.219923001714051,0.0480105228543242,,,,2473,0.0,0.9446016983420946,0.0,0.0,1.0,19286.14997132717,0.0,7.348573804261204e-15,2.704398729311617e-13,0.0,0.0,0.0,0.0,,,0.0,400.00000000000006,48.21537492831792,0.0,0.0
no_surge,1,400,2473,2373,0.959563283461383,0.040436716538617,0.0133441164577436,0.0270926000808734,0.0,196.0505852973938,166.94561929543488,366.6611371697522,192.5355869593362,949.2,20.270122208175305,175.7804630892185,0.2793240362911281,0.1013334651046004,0.6193424986042715,362,10.353591160220995,0.1321709941952355,0.2606680001190398,0.0556097560975609,,,,2473,0.0,0.959563283461383,0.0,0.0,1.0,19532.97776121045,0.0,8.431706426377821e-15,2.7254857077965693e-13,0.0,0.0,0.0,0.0,,,0.0,400.0,48.83244440302614,0.0,0.0
no_surge,2,400,2473,2374,0.9599676506267693,0.0400323493732308,0.0194096239385361,0.0206227254346947,0.0,186.75113342304465,158.98487958193982,348.4616750884091,185.81914701798664,949.6,19.70471777590565,167.046415647139,0.2849492772956897,0.0977420720978685,0.6173086506064417,360,10.875,0.1373697221424663,0.2267900010338057,0.0506412364353831,,,,2473,0.0,0.9599676506267693,0.0,0.0,1.0,19553.131380546984,0.0,7.165661867108887e-15,2.685651008893078e-13,0.0,0.0,0.0,0.0,,,0.0,400.0,48.88282845136746,0.0,0.0
no_surge,3,400,2473,2360,0.9543065103113628,0.0456934896886372,0.0125353821269712,0.0331581075616659,0.0,194.56520374538263,170.88964694953847,364.0500896817162,189.8236200557105,944.0,19.04194915254237,175.5232545928403,0.2807378632785539,0.0994887061425382,0.6197734305789079,361,9.952908587257618,0.131287257534702,0.2079600017168555,0.0459317585301837,,,,2473,0.0,0.9543065103113628,0.0,0.0,1.0,19558.272470985678,0.0,6.727669269137442e-15,2.6258232876188485e-13,0.0,0.0,0.0,0.0,,,0.0,400.0,48.89568117746418,0.0,0.0
no_surge,4,400,2473,2369,0.9579458147998382,0.0420541852001617,0.0113222806308127,0.0307319045693489,0.0,196.03349784254132,172.08091903479908,370.3709270754604,191.79848807588425,947.6,19.12579147319544,176.9077063693459,0.2828226347841931,0.1010681050475244,0.6161092601682824,360,10.05,0.136348055619035,0.2339180008129917,0.0490035935968637,,,,2473,0.0,0.9579458147998382,0.0,0.0,1.0,19513.809566710843,0.0,9.929021162314623e-15,2.707241119523336e-13,0.0,0.0,0.0,0.0,,,0.0,400.0,48.784523916777104,0.0,0.0
no_surge,5,400,2473,2366,0.9567327133036796,0.0432672866963202,0.0145572179539021,0.0287100687424181,0.0,192.94868716948903,165.08938803353522,371.0718927408852,189.25775183071045,946.4,19.2240067624683,173.72468040702077,0.2842248707004935,0.1006545656268592,0.6151205636726471,361,10.193905817174516,0.1358440442894678,0.2279999986058098,0.0522363695723147,,,,2473,0.0,0.9567327133036796,0.0,0.0,1.0,19467.193124777696,0.0,7.78676456459835e-15,2.706305171509519e-13,0.0,0.0,0.0,0.0,,,0.0,400.0,48.66798281194424,0.0,0.0
no_surge,0,500,2473,2390,0.9664375252729478,0.0335624747270521,0.0105135463000404,0.0230489284270117,0.0,159.15420385916832,127.9346369095506,317.9339482613088,157.67890047008294,956.0,18.74602510460251,140.40817875456582,0.4346069986894987,0.0670746866801937,0.4983183146303075,360,10.033333333333331,0.1423169443821987,0.21404499966593,0.0487087283425956,,,,2473,0.0,0.9664375252729478,0.0,0.0,1.0,19706.033960594134,0.0,1.022148428194642e-15,2.729485628683259e-13,0.0,0.0,0.0,0.0,,,0.0,500.0,39.41206792118827,0.0,0.0
no_surge,1,500,2473,2409,0.9741205014152852,0.0258794985847149,0.0052567731500202,0.0206227254346947,0.0,160.97611973746865,133.79616153001825,307.1206641611549,158.7275217976945,963.6,17.99584889995849,142.98027083751015,0.4279532197238504,0.0685097451688556,0.5035370351072939,361,9.329639889196676,0.1426127422333326,0.2354999960516576,0.0506164828033744,,,,2473,0.0,0.9741205014152852,0.0,0.0,1.0,19853.74887130527,0.0,3.840201068904765e-15,2.6628475726262464e-13,0.0,0.0,0.0,0.0,,,0.0,500.0,39.70749774261054,0.0,0.0
no_surge,2,500,2473,2401,0.9708855640921956,0.0291144359078042,0.0109179134654266,0.0181965224423776,0.0,162.89174629740958,129.0565422380314,324.82751625959827,162.2990243197334,960.4,18.92128279883382,143.97046349857575,0.429099601844758,0.0688278303964657,0.5020725677587763,360,10.091666666666669,0.1449291667692402,0.2386169998499102,0.0471358428805237,,,,2473,0.0,0.9708855640921956,0.0,0.0,1.0,19812.69642681016,0.0,1.464699064057745e-15,2.7125194588968783e-13,0.0,0.0,0.0,0.0,,,0.0,500.0,39.62539285362032,0.0,0.0
no_surge,3,500,2473,2420,0.978568540234533,0.021431459765467,0.0044480388192478,0.0169834209462191,0.0,160.71765048782305,135.4617001967781,309.1940225752624,158.70708803857934,968.0,17.224793388429752,143.4928570993933,0.4232560810103699,0.0688730674606711,0.5078708515289589,360,9.075,0.1407458334546795,0.2156100016873097,0.0446982055464926,,,,2473,0.0,0.978568540234533,0.0,0.0,1.0,20022.05504406484,0.0,1.3630052091575785e-15,2.67033502747943e-13,0.0,0.0,0.0,0.0,,,0.0,500.0,40.04411008812968,0.0,0.0
no_surge,4,500,2473,2414,0.976142337242216,0.023857662757784,0.0044480388192478,0.0194096239385361,0.0,159.9128304865306,129.5643509154163,314.96123875540354,157.97004570684885,965.6,17.424192212096106,142.4886382744345,0.4251068553898174,0.0690095081321093,0.5058836364780732,360,9.247222222222222,0.1555855555125163,0.2700679969711929,0.0527337431252022,,,,2473,0.0,0.976142337242216,0.0,0.0,1.0,19956.503958841666,0.0,8.133970345286047e-16,2.691943142666868e-13,0.0,0.0,0.0,0.0,,,0.0,500.0,39.91300791768333,0.0,0.0
no_surge,5,500,2473,2403,0.971694298422968,0.0283057015770319,0.0088960776384957,0.0194096239385361,0.0,159.75168404286498,127.56132751419864,320.28643432540133,158.21211136797854,961.2,18.454431960049934,141.29725208281505,0.4279368706956748,0.0683060047136008,0.5037571245907244,361,9.670360110803324,0.1598313018730248,0.2483200005372054,0.0470434498529892,,,,2473,0.0,0.971694298422968,0.0,0.0,1.0,19870.552100159657,0.0,6.750322315267712e-15,2.610814879589237e-13,0.0,0.0,0.0,0.0,,,0.0,500.0,39.74110420031932,0.0,0.0
reposition,0,300,2473,2212,0.8944601698342095,0.1055398301657905,0.0380105135463,0.0675293166194904,0.0,265.2837720151353,249.1440803341036,449.5717182627696,250.1169378575657,884.8,27.13245931283906,238.15131270229625,0.0745156495126474,0.1582683933080773,0.7570443537568879,362,13.701657458563536,0.1189066301550502,0.2557630050432632,0.0575898801597869,,,,2473,0.0,0.8944601698342095,0.0,0.0,1.0,18183.316292311785,0.0,-2.260598780701494e-15,2.7300725473749934e-13,0.0,0.1866666666666666,0.0,42.91697027689087,0.7928571428571428,410.8500647608153,0.0101716034223872,300.0,60.61105430770595,0.0,0.0
reposition,1,300,2473,2189,0.8851597250303276,0.1148402749696724,0.040436716538617,0.0744035584310554,0.0,285.368823629187,269.82849713806263,488.147190244876,265.8108704019125,875.6,33.03654636820466,252.33227726098232,0.0713101898490062,0.1617770751598961,0.7591337883369492,362,14.519337016574584,0.1130395026466531,0.2770679947570896,0.0499329758713136,,,,2473,0.0,0.8851597250303276,0.0,0.0,1.0,18030.82517806257,0.0,-2.9063599910059374e-15,2.723672766944731e-13,0.0,0.132,0.0,31.841206176136296,0.8585858585858586,404.1449540845648,0.0077789466541484,300.0,60.1027505935419,0.0,0.0
reposition,2,300,2473,2217,0.8964820056611403,0.1035179943388596,0.0448847553578649,0.0586332389809947,0.0,281.2763827578085,265.86298808176844,478.94933798600255,267.2962093326228,886.8,30.75462336490753,250.52175939290092,0.0699148057439031,0.1648651737950543,0.7565718557329577,366,14.628415300546449,0.111658470093653,0.2356799985136606,0.0469436001350895,,,,2473,0.0,0.8964820056611403,0.0,0.0,1.0,18070.433041851844,0.0,2.2018171378763597e-15,2.742303953206009e-13,0.0,0.1533333333333333,0.0,36.42462050343021,0.8347826086956521,410.6479454037488,0.0086481647280847,300.0,60.23477680617282,0.0,0.0
reposition,3,300,2473,2200,0.8896077638495754,0.1103922361504245,0.0416498180347755,0.068742418115649,0.0,279.72290276558743,263.29036463975376,470.79947488584327,261.57793988093994,880.0,28.89409090909091,250.8288118564965,0.0689492463230408,0.1628630980401831,0.7603366231921523,370,13.316216216216215,0.1087656754739204,0.1992499990592478,0.0448113207547169,,,,2473,0.0,0.8896077638495754,0.0,0.0,1.0,18081.35795255706,0.0,3.5183976944029957e-15,2.723062179783979e-13,0.0,0.1453333333333333,0.0,32.5618324623481,0.9174311926605504,408.807496479398,0.0078510324446236,300.0,60.271193175190206,0.0,0.0
reposition,4,300,2473,2208,0.8928427011726647,0.1071572988273352,0.0388192478770723,0.0683380509502628,0.0,276.62595670358513,258.6260934099589,466.3520054410861,259.9820469180694,883.2,31.69338768115942,244.9325690224257,0.073538294388412,0.1600307646816647,0.7569865888524618,364,14.425824175824175,0.1125695054105273,0.2292870002565906,0.049009734810339,,,,2473,0.0,0.8928427011726647,0.0,0.0,1.0,18158.764378349868,0.0,2.5692008906814767e-15,2.726711771026576e-13,0.0,0.164,0.0,39.81855947348895,0.8130081300813008,409.24076275337177,0.0094443520774613,300.0,60.52921459449956,0.0,0.0
reposition,5,300,2473,2203,0.8908208653457339,0.109179134654266,0.0384148807116862,0.0707642539425798,0.0,277.766592862424,262.9224646977,471.9659482405088,259.5898077432491,881.2,30.05447117566954,247.71212168675444,0.0726032654740364,0.163354315786768,0.7540479347826541,362,14.06353591160221,0.1120093924458748,0.221712999336887,0.0542971352431712,,,,2473,0.0,0.8908208653457339,0.0,0.0,1.0,18060.56890346859,0.0,8.264937632252641e-16,2.6455783143458143e-13,0.0,0.1773333333333333,0.0,42.627998799642725,0.8421052631578947,412.05244563274607,0.0099944839565413,300.0,60.2018963448953,0.0,0.0
reposition,0,400,2473,2399,0.9700768297614234,0.0299231702385766,0.0117266477961989,0.0181965224423776,0.0,144.3812032108847,119.27495852532776,269.0691412893483,144.4239951370759,959.6,17.553563984993747,126.82763922589096,0.2508863957070594,0.0782079502300578,0.6274475107473692,360,9.927777777777775,0.1206830555020133,0.2472229971317582,0.0462750246143747,,,,2473,0.0,0.9700768297614234,0.0,0.0,1.0,19830.305216259825,0.0,-1.3489279167058801e-15,2.722988802157631e-13,0.0,0.575,0.0,248.61575686893332,0.542608695652174,383.48479948592376,0.0434581433155135,400.0,49.57576304064957,0.0,0.0
reposition,1,400,2473,2421,0.9789729073999192,0.0210270926000808,0.0076829761423372,0.0133441164577436,0.0,147.7747007117257,122.39784912852885,273.92270363638454,147.1127515416947,968.4,18.313506815365557,129.46119389636013,0.2420659611218932,0.0804705790749627,0.633285527061761,360,9.647222222222222,0.1219311108393918,0.2236969977820991,0.051673708157296,,,,2473,0.0,0.9789729073999192,0.0,0.0,1.0,19969.52207058145,0.0,-5.663559024669809e-15,2.658248122517307e-13,0.0,0.57,0.0,255.04253092075933,0.5421052631578948,391.2636986791432,0.0441779327413829,400.0,49.92380517645362,0.0,0.0
reposition,2,400,2473,2418,0.9777598059037608,0.0222401940962393,0.0088960776384957,0.0133441164577436,0.0,146.15681497023863,119.20494459587098,276.5623878168197,146.1096601181111,967.2,17.559966914805624,128.596848055433,0.2441355442953479,0.0801497381725007,0.6314723155332296,361,9.587257617728532,0.1159911360375588,0.1762799991411151,0.0430072225869993,,,,2473,0.0,0.9777598059037608,0.0,0.0,1.0,19925.236520990824,0.0,-1.3069960516860984e-14,2.733066048084434e-13,0.0,0.57,0.0,251.67901669729963,0.5543859649122806,390.4128622449268,0.0442424019989217,400.0,49.813091302477055,0.0,0.0
reposition,3,400,2473,2423,0.9797816417306916,0.0202183582693085,0.0056611403154063,0.0145572179539021,0.0,143.40434685536428,123.8980798616244,261.02456084860546,142.41146091857297,969.2,17.063970284770946,126.34037657059334,0.2409030511492768,0.0787121952910155,0.6340609466201086,361,9.141274238227147,0.1186581714963346,0.2708799991523841,0.0549273021001615,,,,2473,0.0,0.9797816417306916,0.0,0.0,1.0,19962.488252039744,0.0,-1.2268812095486252e-14,2.62367465305664e-13,0.0,0.583,0.0,264.5140036795138,0.5231560891938251,389.6000517331264,0.046323806939599,400.0,49.90622063009936,0.0,0.0
reposition,4,400,2473,2427,0.9813991103922362,0.0186008896077638,0.0052567731500202,0.0133441164577436,0.0,149.26567144978148,124.14298855428297,280.9864750999037,148.53953154607527,970.8,17.773794808405437,131.49187664137602,0.2433649089878233,0.0815686845659678,0.6322623837719952,360,9.391666666666667,0.1192186111438786,0.2125849984440722,0.0496914582656706,,,,2473,0.0,0.9813991103922362,0.0,0.0,1.0,19941.02332211869,0.0,1.363739959214057e-15,2.719818601898892e-13,0.0,0.548,0.0,245.7386718237948,0.531021897810219,382.986101950971,0.0428040226742136,400.0,49.852558305296725,0.0,0.0
reposition,5,400,2473,2416,0.9769510715729884,0.0230489284270117,0.0093004448038819,0.0137484836231298,0.0,148.80874960193594,124.29236760389132,270.8633496393611,148.2777781472918,966.4,18.41390728476821,130.39484231716773,0.244103376133356,0.0811990273632372,0.6300276935316903,361,9.703601108033242,0.1230501382204722,0.2099400022416375,0.053861129136924,,,,2473,0.0,0.9769510715729884,0.0,0.0,1.0,19895.173632046237,0.0,-9.221652139473424e-15,2.714162595924638e-13,0.0,0.565,0.0,253.4304334245368,0.5185840707964602,389.0270875502328,0.0446699029717164,400.0,49.73793408011559,0.0,0.0
reposition,0,500,2473,2434,0.9842296805499392,0.0157703194500606,0.0056611403154063,0.0101091791346542,0.0,114.79013427000908,91.04334390765008,206.59693100035756,115.25789545033848,973.6,17.380443714050944,97.40969055595816,0.3871363027010636,0.0502598121380899,0.5120809742667927,360,9.45,0.1251108331820837,0.2504569998563988,0.0457217504898758,,,,2473,0.0,0.9842296805499392,0.0,0.0,1.0,20140.7227600476,0.0,-1.7070249167449408e-15,2.678522062233945e-13,0.0,0.5816,0.0,362.38042302417614,0.3548830811554332,382.43460054277983,0.0505229108940537,500.0,40.28144552009519,0.0,0.0
reposition,1,500,2473,2448,0.9898908208653456,0.0101091791346542,0.0032349373230893,0.0068742418115649,0.0,113.5754248958362,91.50092803849476,203.5773337255357,113.59295734645733,979.2,17.194444444444443,96.38098045139174,0.3844321228013784,0.0502389349874693,0.5146253731846651,360,9.083333333333334,0.141240555664505,0.6638999987626533,0.0526826115061409,,,,2473,0.0,0.9898908208653456,0.0,0.0,1.0,20196.1603553283,0.0,-5.595696382652194e-15,2.6432745788833e-13,0.0,0.5976,0.0,362.9230356805216,0.3654618473895582,377.8885020851189,0.0507035690264872,500.0,40.39232071065659,0.0,0.0
reposition,2,500,2473,2439,0.9862515163768704,0.0137484836231298,0.0040436716538617,0.009704811969268,0.0,115.27475114879569,91.20485872656629,216.2301163384964,115.147887007213,975.6,16.48831488314883,98.78643626564684,0.382818009921693,0.0512533185213164,0.5149495812178002,360,8.980555555555556,0.1357786112243452,0.2815969994844658,0.038423645320197,,,,2473,0.0,0.9862515163768704,0.0,0.0,1.0,20207.2729472498,0.0,-4.253897584963925e-15,2.651248998484239e-13,0.0,0.5952,0.0,364.3733615639086,0.336021505376344,373.3799344417736,0.0509790903391902,500.0,40.41454589449959,0.0,0.0
reposition,3,500,2473,2458,0.9939344925192074,0.0060655074807925,0.0008087343307723,0.0052567731500202,0.0,111.88550195531502,93.15230765253456,207.44102412215932,111.71008758740643,983.2,16.419446704637917,95.4660552506771,0.3780472666490188,0.0501064618588408,0.5190040137006904,360,8.75,0.13017972234795,0.1930760051618571,0.050743374272786,,,,2473,0.0,0.9939344925192074,0.0,0.0,1.0,20368.95886372933,0.0,3.622091325904823e-15,2.6485097453031013e-13,0.0,0.6104,0.0,378.5763232457408,0.382699868938401,384.5777148642636,0.0528422577914501,500.0,40.73791772745867,0.0,0.0
reposition,4,500,2473,2454,0.9923170238576628,0.0076829761423372,0.0020218358269308,0.0056611403154063,0.0,113.70525440833414,92.079299689236,204.78110213094777,113.63984455686396,981.6,16.860228198859005,96.84502620947514,0.3814432322876732,0.0504582776592272,0.5181470143161057,360,8.947222222222223,0.1862288888029676,0.2590020016941708,0.0538535956143179,,,,2473,0.0,0.9923170238576628,0.0,0.0,1.0,20326.977129420266,0.0,8.659649109352127e-16,2.647765643430538e-13,0.0,0.5752,0.0,357.22710068728645,0.3435326842837274,379.1674823262439,0.0499514757369939,500.0,40.65395425884053,0.0,0.0
reposition,5,500,2473,2447,0.9894864536999596,0.0105135463000404,0.0028305701577031,0.0076829761423372,0.0,113.0238304664746,89.63074170115033,208.06541947932897,112.86433278087716,978.8,16.68859828361259,96.335232182862,0.3844565179955393,0.0500738468651576,0.514437503842786,360,8.944444444444445,0.1321286110194503,0.3077840017067527,0.0505181347150259,,,,2473,0.0,0.9894864536999596,0.0,0.0,1.0,20221.645949390604,0.0,-6.95275467767196e-15,2.656719234562077e-13,0.0,0.5896,0.0,365.7053443024548,0.355495251017639,379.9326046078587,0.051032131296517,500.0,40.4432918987812,0.0,0.0
surge_fixed,0,300,2278,2097,0.9205443371378402,0.0794556628621597,0.0276558384547849,0.0517998244073748,0.0,241.55012877939376,220.50149517497448,420.3642841462829,230.78102261560443,838.8,22.64107432266688,218.9090544567269,0.1335180485458293,0.1432218304658309,0.7232601209883397,364,10.9010989010989,0.1110181316047661,0.2409319997241255,0.050587816173851,,,,2473,0.0788515972503032,0.8479579458147999,0.0667205822887181,0.435383881735813,1.376967095851216,23849.299264333364,6615.02015280475,7.2468921130515695e-16,2.653323965457332e-13,0.0,0.0,0.0,0.0,,,0.0,300.0,79.49766421444454,0.0,0.0
surge_fixed,1,300,2257,2095,0.9282233052724856,0.0717766947275144,0.0208241027913159,0.0509525919361984,0.0,247.69676797838267,231.1300265916634,426.4397911966053,236.70487232977732,838.0,22.38479474891149,225.3119732294712,0.1205280695779665,0.1481048710892736,0.7313670593327598,363,10.176308539944904,0.114311019255178,0.2773259961395524,0.0494485948061188,,,,2473,0.0873433077234128,0.8471492114840274,0.0828952689041649,0.4854415274463007,1.417541766109785,24371.826842585877,7181.817877852617,3.053722748019094e-15,2.72555460036407e-13,0.0,0.0,0.0,0.0,,,0.0,300.0,81.23942280861958,0.0,0.0
surge_fixed,2,300,2251,2115,0.9395824078187472,0.0604175921812527,0.0226565970679697,0.0377609951132829,0.0,246.46796165577487,226.5265681538067,434.621971802157,239.12982099961897,846.0,22.14667782025356,224.32128383552129,0.1198741757825616,0.1495816973711133,0.7305441268463251,361,10.689750692520777,0.1516404430973059,0.9477200001128852,0.0473627556512378,,,,2473,0.0897695107157298,0.8552365547917509,0.0638900121310149,0.4851063829787234,1.4204491725768322,24853.707019547182,7431.438735551972,2.91083154427963e-15,2.7194868369300964e-13,0.0,0.0,0.0,0.0,,,0.0,300.0,82.84569006515727,0.0,0.0
surge_fixed,3,300,2268,2098,0.9250440917107584,0.0749559082892416,0.019400352733686,0.0555555555555555,0.0,243.01611080227005,223.1531654571222,427.2671864150906,231.86704079032992,839.2,20.87792141768546,222.1381893845846,0.1273070138059709,0.1450725371189795,0.7276204490750496,361,10.166204986149584,0.1070670359418082,0.2182599986554121,0.0444998220007119,,,,2473,0.0828952689041649,0.848362312980186,0.0699555196118075,0.4494756911344137,1.4009771210676836,24136.135135381475,6954.152987770363,1.2127572540109385e-14,2.783668857330982e-13,0.0,0.0,0.0,0.0,,,0.0,300.0,80.45378378460492,0.0,0.0
surge_fixed,4,300,2223,2069,0.9307242465137202,0.0692757534862798,0.0179937022042285,0.0512820512820512,0.0,247.60101198332995,229.0434551962826,431.11627138365566,237.05542613845063,827.6,21.511025165107565,226.08998681822231,0.1333428413839589,0.1455002554231632,0.7211569031928778,361,10.13573407202216,0.1894806095418633,0.2173000015318374,0.0541801219949766,,,,2473,0.1010917913465426,0.836635665183987,0.0772341285887586,0.4746254229096182,1.4427259545674238,24582.317841577,7520.793531095148,1.3928818358632172e-14,2.742943083343115e-13,0.0,0.0,0.0,0.0,,,0.0,300.0,81.94105947192334,0.0,0.0
surge_fixed,5,300,2237,2078,0.9289226642825212,0.0710773357174787,0.0187751452838623,0.0523021904336164,0.0,243.681506672036,224.0364598673409,420.0982689746793,232.5757773949245,831.2,20.563729030779648,223.1177776412563,0.1365558056813425,0.1459636361842899,0.7174805581343675,362,9.966850828729282,0.15812348062269,0.1623650033434385,0.0487455197132616,,,,2473,0.0954306510311362,0.8402749696724626,0.073594824100283,0.4446583253128007,1.393286814244466,23864.163743592064,6786.814497589524,1.3559894304613317e-14,2.708281679339215e-13,0.0,0.0,0.0,0.0,,,0.0,300.0,79.5472124786402,0.0,0.0
surge_fixed,0,400,2418,2307,0.9540942928039702,0.0459057071960297,0.0115798180314309,0.0343258891645988,0.0,179.6310453592311,150.55841007335766,344.1749605299538,176.1285910392386,922.8,18.7868849474874,160.8441604117437,0.3110576737752053,0.0917280581228458,0.5972142681019488,372,9.67741935483871,0.1155018817371456,0.2491920005559242,0.051,,,,2473,0.0222401940962393,0.9328750505458956,0.0181965224423776,0.1053315994798439,1.0796488946684004,20723.53566412071,1769.2532272224494,1.4072257302504975e-14,2.6823373267756833e-13,0.0,0.0,0.0,0.0,,,0.0,400.0,51.80883916030178,0.0,0.0
surge_fixed,1,400,2415,2332,0.965631469979296,0.0343685300207039,0.0082815734989648,0.0260869565217391,0.0,189.1683977227666,162.02943738702174,354.4636943605719,185.14587999111515,932.8,18.549666375196416,170.6187313475702,0.2932665027010327,0.0977618606248534,0.6089716366741138,359,9.454038997214484,0.1436824514360354,0.3085460014699505,0.0567469482019135,,,,2473,0.0234532955923978,0.94298422968055,0.0194096239385361,0.1042024013722126,1.0823327615780447,21095.835448398426,1903.6615287717675,9.073359559397978e-15,2.6731694807018346e-13,0.0,0.0,0.0,0.0,,,0.0,400.0,52.73958862099606,0.0,0.0
surge_fixed,2,400,2433,2351,0.9662967529798604,0.0337032470201397,0.0143855322646937,0.0193177147554459,0.0,181.28366404147488,153.86629928048296,341.4135109879935,180.13469171551935,940.4,19.20477265279278,162.07889138868208,0.2949184166029248,0.0944937792727308,0.6105878041243444,361,10.304709141274238,0.1308094183904689,0.5385000025853464,0.0520557029177718,,,,2473,0.0161746866154468,0.9506672058228872,0.0125353821269712,0.08762228838792,1.0708209272649936,21145.23296268679,1783.5999742823406,6.03109414576679e-15,2.694492863624481e-13,0.0,0.0,0.0,0.0,,,0.0,400.0,52.86308240671698,0.0,0.0
surge_fixed,3,400,2430,2349,0.9666666666666668,0.0333333333333333,0.0049382716049382,0.028395061728395,0.0,187.1447881040801,163.820576732684,351.5573697533477,182.9739842048917,939.6,18.284559661688924,168.8602284423912,0.2879209822826414,0.0961801549445964,0.6158988627727622,363,9.181818181818182,0.1214650139004471,0.3067740022379438,0.049455984174085,,,,2473,0.0173877881116053,0.9498584714921148,0.0153659522846744,0.1145168156662409,1.07960834397616,21305.508010068093,1879.4659645278596,9.663052251367103e-15,2.692907625285241e-13,0.0,0.0,0.0,0.0,,,0.0,400.0,53.26377002517023,0.0,0.0
surge_fixed,4,400,2410,2327,0.9655601659751036,0.0344398340248962,0.008713692946058,0.0257261410788381,0.0,189.9559170182751,164.0334179147967,355.95741726081854,186.6107146976221,930.8,18.66041571358435,171.29550130469073,0.2976490952562314,0.097015388917367,0.6053355158264017,361,9.556786703601109,0.1182196676905893,0.3510400012601164,0.0508643617021276,,,,2473,0.0254751314193287,0.9409623938536192,0.0177921552769915,0.1383755908895573,1.0961538461538465,21231.523210987645,2081.9066425258547,8.012785392939258e-15,2.6910651523136574e-13,0.0,0.0,0.0,0.0,,,0.0,400.0,53.07880802746912,0.0,0.0
surge_fixed,5,400,2415,2325,0.9627329192546584,0.0372670807453416,0.0091097308488612,0.0281573498964803,0.0,188.41938209272692,163.44918241667847,356.438436483988,184.5557448371779,930.0,18.287585114018334,170.13179697870862,0.2978742575620794,0.0976035108166577,0.6045222316212628,360,9.48611111111111,0.130452777759476,0.1968990021850922,0.0498504486540378,,,,2473,0.0234532955923978,0.9401536595228468,0.0161746866154468,0.1161290322580645,1.0876344086021503,21098.193228593795,1958.746873153642,3.0454014459567304e-15,2.735474929009328e-13,0.0,0.0,0.0,0.0,,,0.0,400.0,52.745483071484486,0.0,0.0
surge_fixed,0,500,2446,2377,0.9717906786590352,0.0282093213409648,0.0077677841373671,0.0204415372035977,0.0,156.59382682714042,126.56762133368376,309.4082281109346,155.25392321704243,950.8,17.849672086929296,138.74415474021114,0.4406042217461085,0.0663039791050894,0.493091799148802,360,9.594444444444443,0.1176705554624075,0.2697840036125859,0.0449438202247191,,,,2473,0.0109179134654266,0.9611807521229276,0.007278608976951,0.0382835506941522,1.0373369793857805,20498.42673606284,997.7417790561394,1.2068502603569412e-14,2.700292193838787e-13,0.0,0.0,0.0,0.0,,,0.0,500.0,40.99685347212567,0.0,0.0
surge_fixed,1,500,2456,2406,0.9796416938110748,0.020358306188925,0.0044788273615635,0.0158794788273615,0.0,158.2080287683997,132.6872479566846,299.8909529646462,156.41864816691006,962.4,17.23862987536404,140.96939889303567,0.4298002646015836,0.0678738563100683,0.502325879088348,361,9.024930747922438,0.1381246536595094,0.3961800015531435,0.0483818241255312,,,,2473,0.0068742418115649,0.9729073999191266,0.0080873433077234,0.0332502078137988,1.0277431421446384,20509.972141085243,723.3694103534808,4.151015912270567e-15,2.669619397622953e-13,0.0,0.0,0.0,0.0,,,0.0,500.0,41.019944282170485,0.0,0.0
surge_fixed,2,500,2452,2384,0.9722675367047308,0.0277324632952691,0.0085644371941272,0.0191680261011419,0.0,158.03521288671865,128.63908599937713,308.1432103992721,156.76588306481145,953.6,17.71180453637292,140.3234083503457,0.4357858308604407,0.0671152262201093,0.4970989429194499,360,9.530555555555557,0.1242988889215565,0.4068949999782504,0.0467412771560237,,,,2473,0.0084917104731095,0.9640113222806308,0.0068742418115649,0.0377516778523489,1.0360738255033557,20585.5608984456,966.659758703235,-5.932055741474515e-16,2.6982042625543813e-13,0.0,0.0,0.0,0.0,,,0.0,500.0,41.17112179689121,0.0,0.0
surge_fixed,3,500,2452,2408,0.9820554649265906,0.0179445350734094,0.0008156606851549,0.0171288743882544,0.0,155.86521260544205,131.22143469406183,298.075331644159,153.7288535959159,963.2,16.481857144306026,139.38335546113603,0.4277391407702901,0.067404732767569,0.5048561264621407,360,8.683333333333334,0.1197602778120199,0.2494230002048425,0.0436208592981305,,,,2473,0.0084917104731095,0.9737161342498988,0.0052567731500202,0.0361295681063122,1.0285506644518272,20723.24051627586,849.9712050457376,3.088430212937738e-15,2.6720477067595297e-13,0.0,0.0,0.0,0.0,,,0.0,500.0,41.44648103255172,0.0,0.0
surge_fixed,4,500,2454,2407,0.9808475957620212,0.0191524042379788,0.0020374898125509,0.0171149144254278,0.0,158.07102256345826,127.51032108934578,307.83212239504434,156.21238523719785,962.8,17.425348304467576,140.64567425899065,0.427037514072522,0.0682404495387555,0.5047220363887225,360,9.052777777777775,0.1142672223068075,0.1630020025913837,0.054185593770279,,,,2473,0.0076829761423372,0.9733117670845128,0.0032349373230893,0.0324054840049854,1.0280432073120067,20672.097349730768,757.4928788479216,3.583432770383399e-15,2.655778011761143e-13,0.0,0.0,0.0,0.0,,,0.0,500.0,41.34419469946154,0.0,0.0
surge_fixed,5,500,2450,2391,0.9759183673469388,0.0240816326530612,0.0073469387755102,0.016734693877551,0.0,157.31108442349205,127.09354425303172,310.8515294155186,155.77524184569722,956.4,17.666817224211663,139.6442671992804,0.4346635720406334,0.067075477511364,0.4982609504480025,361,9.260387811634349,0.1171426591608503,0.2011000004131342,0.0457688508396443,,,,2473,0.0093004448038819,0.966841892438334,0.0084917104731095,0.0447511501463822,1.035445420326223,20670.537402649592,971.1101685372984,4.4989338710134425e-15,2.665403564017168e-13,0.0,0.0,0.0,0.0,,,0.0,500.0,41.34107480529919,0.0,0.0
surge_logon,0,300,2366,2241,0.9471682163989856,0.0528317836010143,0.0126796280642434,0.0401521555367709,0.0,210.1795503617132,190.72747292020995,374.3187806224905,203.7680827775052,896.4,18.536311914966845,191.64323844674635,0.1770621125591753,0.1245563313190651,0.6983815561217596,361,9.833795013850416,0.1244736840641139,0.3759199986234298,0.0513780197346036,,,,2473,0.0432672866963202,0.9061868176304084,0.0396279822078447,0.2547969656403391,1.188308790718429,22097.441005093064,3623.315462979305,5.7361027524854575e-15,2.7177189548342265e-13,0.0,0.0,0.0,0.0,,,0.0,334.7799508959353,66.0058672747758,46.0,6.0
surge_logon,1,300,2351,2226,0.9468311356869418,0.0531688643130582,0.0140365801786473,0.0391322841344108,0.0,213.48162429695105,189.15839626666911,381.4551822494304,206.64838884629077,890.4,19.259965082492588,194.22165921445844,0.1757723525586557,0.1242953809512315,0.6999322664901128,359,9.688022284122562,0.1258080780256765,0.764011999999642,0.0492307692307692,,,,2473,0.0493327941771128,0.9001213101496158,0.0452891225232511,0.2987421383647798,1.2092318059299192,22409.79020533397,4016.391563857679,-1.1262828545411181e-14,2.729985549790183e-13,0.0,0.0,0.0,0.0,,,0.0,333.6526055511495,67.16503882328743,45.0,7.0
surge_logon,2,300,2358,2249,0.953774385072095,0.046225614927905,0.0156912637828668,0.0305343511450381,0.0,217.66815081178004,197.7727455795812,386.2677293862198,212.57233436901072,899.6,20.213583266586788,197.45456754519327,0.1709382920622889,0.1297780964178323,0.6992836115198787,361,10.221606648199446,0.1557778393420187,0.538159998541232,0.0554421768707483,,,,2473,0.0465022240194096,0.9094217549534978,0.0359886777193691,0.3081369497554468,1.2223210315695865,22695.52263934208,4268.057433080426,1.0836843008350951e-14,2.745274982095303e-13,0.0,0.0,0.0,0.0,,,0.0,333.3926830860411,68.07444731318499,48.0,6.0
surge_logon,3,300,2367,2231,0.9425433037600338,0.0574566962399662,0.0139416983523447,0.0435149978876214,0.0,214.74073704608543,190.36039731729213,390.0760175798796,207.73196790490448,892.4,19.53886272732095,195.2018743187645,0.1814659041279649,0.1251419930765919,0.6933921027954433,362,9.900552486187843,0.1172033147296279,0.3108159983094068,0.0457337883959044,,,,2473,0.042862919530934,0.9021431459765468,0.0396279822078447,0.2608695652173913,1.2048408785298073,22304.46254591664,3990.011702670547,1.1934076417458832e-14,2.738117516972709e-13,0.0,0.0,0.0,0.0,,,0.0,334.33887312897025,66.71214249535608,47.0,6.0
surge_logon,4,300,2311,2213,0.9575941151016876,0.0424058848983124,0.0138468195586326,0.0285590653396797,0.0,217.40859702170692,195.01060509134004,381.86017781763786,212.81386887333187,885.2,20.039461046184,197.3691359755229,0.1810880646428365,0.1252795098071526,0.6936324255500108,361,9.778393351800554,0.1194066483692854,0.3492400021059426,0.0509708737864077,,,,2473,0.0655074807925596,0.8948645369995957,0.0493327941771128,0.3285133303208314,1.2566651604157253,23164.913756371883,4836.7931187166805,-3.1264843603542594e-16,2.7151249065487266e-13,0.0,0.0,0.0,0.0,,,0.0,334.7823236344251,69.19395715069909,47.0,7.0
surge_logon,5,300,2351,2234,0.9502339430029776,0.0497660569970225,0.0106337728626116,0.0391322841344108,0.0,215.8660404828225,193.8559017813916,384.67567500230473,208.87834057367235,893.6,19.04228712536189,196.82375335746065,0.1784215199060283,0.1283397414438692,0.6932387386501024,361,9.659279778393351,0.1249653741727335,0.6079400031012442,0.0504430811179277,,,,2473,0.0493327941771128,0.9033562474727052,0.0420541852001617,0.270367054610564,1.2097135183527306,22306.059920609296,4025.563766644045,1.0112869459580231e-14,2.7547943037433575e-13,0.0,0.0,0.0,0.0,,,0.0,332.1189791334932,67.16285825882751,42.0,6.0
surge_logon,0,400,2439,2359,0.96719967199672,0.03280032800328,0.009020090200902,0.023780237802378,0.0,173.08767841886504,146.75071937824214,330.819045368196,170.53701378099422,943.6,18.25854364117553,154.8291347776895,0.3299581158625882,0.0871240641714226,0.5829178199659892,360,9.636111111111113,0.1128300002164905,0.2147739981592172,0.053030303030303,,,,2473,0.0137484836231298,0.9539021431459764,0.0080873433077234,0.0644340822382365,1.051398897838067,20639.257414077925,1246.4391493256237,2.4426224313889494e-14,2.683074430523027e-13,0.0,0.0,0.0,0.0,,,0.0,421.121655840945,49.01020198750653,37.0,10.0
surge_logon,1,400,2432,2358,0.9695723684210528,0.0304276315789473,0.0074013157894736,0.0230263157894736,0.0,178.2955666367512,152.5848722962446,329.9361959839719,175.30629162847038,943.2,18.49273766560104,159.80282897115018,0.3163692818029533,0.0895882977978147,0.5940424203992319,360,9.480555555555556,0.1328966669057586,0.2941049959918036,0.0551543007222587,,,,2473,0.0165790537808329,0.9534977759805904,0.0165790537808329,0.0814249363867684,1.0689143341815095,21081.725685924503,1659.146633281141,9.999540541556011e-15,2.7339378522818205e-13,0.0,0.0,0.0,0.0,,,0.0,415.0067578411997,50.79851180156282,30.0,9.0
surge_logon,2,400,2440,2363,0.9684426229508196,0.0315573770491803,0.0122950819672131,0.0192622950819672,0.0,177.3160862524571,149.27072557806605,340.0349485171882,175.71395966424492,945.2,18.829476423523392,158.4866098289337,0.3086056389577855,0.090698165823777,0.6006961952184375,360,10.041666666666666,0.1407141667489971,0.3922319971025006,0.0527704485488126,,,,2473,0.0133441164577436,0.9555196118075212,0.009704811969268,0.0749047820567075,1.0554380025391452,20942.16856314101,1442.8789476836473,3.539840165946193e-15,2.651309369069399e-13,0.0,0.0,0.0,0.0,,,0.0,410.10153872769024,51.06581318400448,18.0,6.0
surge_logon,3,400,2439,2369,0.97129971299713,0.02870028700287,0.003690036900369,0.025010250102501,0.0,173.71326740561648,149.84104358578315,331.7729147386437,170.0941534455671,947.6,18.0963238821138,155.61694352350264,0.3151544878910601,0.0879048034887515,0.5969407086201884,360,9.108333333333333,0.1270277779541276,0.2263719978509475,0.0514416775884665,,,,2473,0.0137484836231298,0.9579458147998382,0.0109179134654266,0.0726044744617982,1.0530814689742507,20872.20571532453,1337.762749793207,1.5749982810378846e-14,2.729773632408088e-13,0.0,0.0,0.0,0.0,,,0.0,415.3485053458816,50.25227115706891,29.0,8.0
surge_logon,4,400,2429,2362,0.9724166323589954,0.0275833676410045,0.0053519967064635,0.0222313709345409,0.0,179.90321118869502,153.84721388350545,347.3105045970463,177.141070479313,944.8,17.519979087975823,162.38323210071923,0.3164139794134544,0.0906034651256121,0.5929825554609334,360,9.21111111111111,0.1240880557816126,0.3884329961874823,0.0463269358041032,,,,2473,0.0177921552769915,0.955115244642135,0.0133441164577436,0.1092294665537679,1.0731371718882303,21267.93064737925,1803.3214345620615,1.1311019859942715e-14,2.749366262926921e-13,0.0,0.0,0.0,0.0,,,0.0,415.9755838088988,51.12783412102821,27.0,10.0
surge_logon,5,400,2428,2353,0.9691103789126854,0.0308896210873146,0.007825370675453,0.0230642504118616,0.0,178.430881568287,153.27826920744155,342.7681445449344,175.3253708749272,941.2,17.651027350417184,160.77985421786985,0.3185193028460344,0.0907680826890444,0.5907126144649211,361,9.22437673130194,0.2332592795680695,2.766760002123078,0.053653719552337,,,,2473,0.0181965224423776,0.9514759401536595,0.0133441164577436,0.0888227794305142,1.0716107097322567,21005.299862766296,1636.511902544434,9.747314633198612e-15,2.6564537036538053e-13,0.0,0.0,0.0,0.0,,,0.0,414.715936041186,50.64984978218978,24.0,4.0
surge_logon,0,500,2452,2402,0.9796084828711256,0.0203915171288743,0.0024469820554649,0.0179445350734094,0.0,152.69342217162406,123.5976312442624,299.3517687090807,150.89940226312075,960.8,16.90427482045982,135.78914735116425,0.4488571816980485,0.0641426799548686,0.4870001383470827,360,9.030555555555557,0.1347766666488799,0.4198839990567662,0.0424481737413622,,,,2473,0.0084917104731095,0.971289931257582,0.0060655074807925,0.0291423813488759,1.0275811823480432,20461.41826806442,674.481409280168,4.712300491531389e-15,2.704617915509824e-13,0.0,0.0,0.0,0.0,,,0.0,514.9380594795205,39.73568838307666,19.0,5.0
surge_logon,1,500,2459,2414,0.9816998779991868,0.0183001220008133,0.0024400162667751,0.0158601057340382,0.0,153.59635973499206,129.57200245231024,293.72583843146265,151.73218207391142,965.6,17.028508223690654,136.56785151130143,0.4374149102636271,0.0653957679760959,0.4971893217602769,360,8.916666666666666,0.1242008336299073,0.2194760003476404,0.046078431372549,,,,2473,0.0056611403154063,0.976142337242216,0.0056611403154063,0.0298260149130074,1.02516570008285,20579.39648323963,680.4496061658804,-2.5027388796210343e-15,2.7186951944052255e-13,0.0,0.0,0.0,0.0,,,0.0,508.76111315567647,40.45001858650803,16.0,7.0
surge_logon,2,500,2456,2402,0.9780130293159608,0.021986970684039,0.0044788273615635,0.0175081433224755,0.0,155.05800026533325,123.87035038004136,303.02765433039,153.72008258017837,960.8,17.653210891948646,137.40478937338457,0.4406902957713011,0.0656106366178864,0.4936990676108125,360,9.330555555555556,0.1258766665665057,0.2307400028803407,0.0477748691099476,,,,2473,0.0068742418115649,0.971289931257582,0.0044480388192478,0.0387177352206494,1.0335137385512074,20609.66565162378,850.4510840246755,-4.558385309516328e-15,2.7223472805300454e-13,0.0,0.0,0.0,0.0,,,0.0,507.4023025327176,40.61799788599671,12.0,4.0
surge_logon,3,500,2451,2408,0.9824561403508772,0.0175438596491228,0.0004079967360261,0.0171358629130966,0.0,155.23464896425696,130.90899740200075,297.3339189172232,153.08158954199754,963.2,16.433269104438917,138.80137985981804,0.4308246955274243,0.0666579291712701,0.5025173753013055,360,8.65,0.1290058330697421,0.2799660002347095,0.0429931079750574,,,,2473,0.0088960776384957,0.9737161342498988,0.0052567731500202,0.0344684385382059,1.026266611295681,20683.28643951456,792.0013132909507,1.0737995948305605e-15,2.689567837546804e-13,0.0,0.0,0.0,0.0,,,0.0,502.9440869952215,41.12442510873196,7.0,3.0
surge_logon,4,500,2458,2419,0.98413344182262,0.0158665581773799,0.000813669650122,0.0150528885272579,0.0,154.67710238206166,126.6498943004699,300.5323323737716,152.98103094360286,967.6,16.661025218299184,138.0160771637625,0.4330931845245694,0.0665108356300568,0.5003959798453738,361,8.795013850415513,0.139906925477063,0.2203999974881298,0.0494469746258946,,,,2473,0.0060655074807925,0.9781641730691468,0.0032349373230893,0.0276973956180239,1.0250103348491113,20697.83339516496,666.5059104996651,-4.981271010941164e-15,2.6505562707233465e-13,0.0,0.0,0.0,0.0,,,0.0,507.8021785872084,40.7596388277613,13.0,5.0
surge_logon,5,500,2452,2401,0.9792006525285482,0.0207993474714518,0.0024469820554649,0.0183523654159869,0.0,151.3207646267823,123.776821783159,301.1690986994072,149.50580895903423,960.4,16.688478744027755,134.63228588275453,0.443377900196852,0.0642903965076977,0.4923317032954502,360,8.9,0.1293827775548884,0.2544860004127269,0.0452459016393442,,,,2473,0.0084917104731095,0.9708855640921956,0.0068742418115649,0.0366513952519783,1.029466888796335,20542.301885030363,753.8586114064431,2.7926201311625037e-15,2.68622645530411e-13,0.0,0.0,0.0,0.0,,,0.0,509.001747478159,40.35801838953769,15.0,7.0
surge_chase,0,300,2283,2108,0.9233464739378012,0.0766535260621988,0.023215067893123,0.0534384581690757,0.0,234.38495730794128,213.2989246038096,405.9193020240206,224.20221199112888,843.2,21.11709656366938,213.2678607442719,0.1273444867315946,0.1420447499836102,0.725390912046047,362,10.607734806629834,0.110679557673197,0.2234159997169625,0.0506553312079348,,,,2473,0.0768297614233724,0.8524059846340477,0.0642943792964011,0.4240986717267552,1.3530597722960152,23483.95318180385,6194.165562360124,8.998494549115547e-15,2.7180071391972175e-13,0.0,0.1293333333333333,38.8,22.460953114757203,0.9484536082474226,485.90619687054186,0.0052198512387482,300.0,78.27984393934616,0.0,0.0
surge_chase,1,300,2273,2123,0.934007919049714,0.0659920809502859,0.0206775186977562,0.0453145622525296,0.0,248.02192860522325,229.63157393193612,427.98159822802006,238.44232313515727,849.2,22.87208425836801,225.1498443468552,0.1092597350292568,0.1492038235325078,0.7358156274881923,366,10.308743169398907,0.1231778686084654,0.3338299964525528,0.0532064834390415,,,,2473,0.0808734330772341,0.8584714921148403,0.0804690659118479,0.4898728214790391,1.4028497409326426,24545.532465788117,7137.10465786022,1.1332119102410406e-14,2.727946094274162e-13,0.0,0.1386666666666666,41.6,24.784540363431457,0.9326923076923076,478.0811936901047,0.0057208139500431,300.0,81.81844155262705,0.0,0.0
surge_chase,2,300,2274,2127,0.9353562005277044,0.0646437994722955,0.0241864555848724,0.040457343887423,0.0,238.24623028744276,217.2767744775101,421.1332000555884,230.67211246788736,850.8,20.827432510475926,217.41879777696684,0.1144174937198479,0.1467950153142926,0.733474012520412,365,10.465753424657532,0.1183186301703194,0.2311759980511854,0.0470252939080869,,,,2473,0.0804690659118479,0.860088960776385,0.0586332389809947,0.4489891866478608,1.3641278796426892,23882.939915435836,6462.644310467444,3.2117650752813885e-15,2.684134062169781e-13,0.0,0.116,34.8,22.863809420467877,0.9195402298850576,455.2416799043975,0.0053134784454474,300.0,79.60979971811945,0.0,0.0
surge_chase,3,300,2277,2117,0.9297321036451472,0.0702678963548528,0.0184453227931488,0.051822573561704,0.0,231.9718593585012,212.44893683313512,405.75216487592735,222.7326156008488,846.8,20.105314654468344,211.8665447040329,0.1197762721174532,0.1412116010448686,0.731826832337464,362,10.013812154696131,0.1155267953898407,0.3679209955589608,0.0523725834797891,,,,2473,0.0792559644156894,0.8560452891225232,0.0707642539425798,0.4298535663675011,1.3719886632026452,23799.954001806724,6478.872779254618,1.6303549073947504e-15,2.741035236921878e-13,0.0,0.1573333333333333,47.2,30.91817861572857,0.8898305084745762,473.0330307256708,0.007185294500214,300.0,79.33318000602242,0.0,0.0
surge_chase,4,300,2247,2089,0.9296840231419672,0.0703159768580329,0.0186915887850467,0.0516243880729862,0.0,235.10228118831196,212.9869795947284,410.4641416505732,225.4918521583482,835.6,20.921792256181813,214.1804889321301,0.1271261888041984,0.140614379226541,0.7264747347396252,361,10.160664819944598,0.1108113573035328,0.2582400018582073,0.0510896748838871,,,,2473,0.0913869793772745,0.8447230084917104,0.0651031136271734,0.4547630445189086,1.3794877932024892,23631.72096077572,6401.910087797745,1.3632837213247803e-14,2.77016216465241e-13,0.0,0.136,40.8,24.89146693672776,0.9215686274509804,465.83073607993,0.0057846972296352,300.0,78.77240320258574,0.0,0.0
surge_chase,5,300,2264,2116,0.9346289752650176,0.0653710247349823,0.021643109540636,0.0437279151943462,0.0,240.03164925646675,219.12413925639703,410.0528572871963,230.9977400187985,846.4,20.95150637491072,219.08014288155604,0.1225665195426766,0.1459645854883623,0.7252411040375253,362,10.26243093922652,0.1133817679136837,0.2905340020515717,0.0487371042333689,,,,2473,0.0845127375657096,0.855640921957137,0.0727860897695107,0.443289224952741,1.370510396975425,23881.45983757308,6568.677909576989,5.487104154787281e-15,2.7577834995675217e-13,0.0,0.1413333333333333,42.4,26.62279176686558,0.9433962264150944,478.6843887242246,0.0062277909314356,300.0,79.6048661252436,0.0,0.0
surge_chase,0,400,2419,2316,0.9574204216618436,0.0425795783381562,0.0119884249689954,0.0305911533691608,0.0,181.24147440491765,153.8712643681056,340.6640659903114,178.02230355506717,926.4,19.07067809529548,162.17079630962218,0.3035957373279807,0.0934860701111225,0.6002330470009771,360,9.991666666666667,0.154393055264437,0.5565010022110084,0.0554080955540809,,,,2473,0.0218358269308532,0.9365143550343712,0.0173877881116053,0.0924006908462867,1.0736183074265977,20749.32596021076,1727.9895087055895,4.645679350711277e-15,2.678663278522549e-13,0.0,0.059,23.6,15.405509066583155,0.9152542372881356,494.5817824577099,0.0026851455599196,400.0,51.87331490052689,0.0,0.0
surge_chase,1,400,2421,2339,0.966129698471706,0.033870301528294,0.0074349442379182,0.0264353572903758,0.0,185.2631940417725,160.49937881586357,347.43811200556195,181.44876834014855,935.6,18.563574863896605,166.69961917787592,0.2919483290104571,0.0958383195639721,0.6090748554078564,359,9.467966573816156,0.1216044568291004,0.3273519955109821,0.0538131396500495,,,,2473,0.0210270926000808,0.9458147998382532,0.0186008896077638,0.102607952116289,1.0752458315519453,20948.99111905295,1735.8814535038769,5.957896282640002e-15,2.742660025269296e-13,0.0,0.058,23.2,18.006479539278153,0.9310344827586208,489.0905807940337,0.0031384960177143,400.0,52.37247779763238,0.0,0.0
surge_chase,2,400,2434,2358,0.9687756778964668,0.0312243221035332,0.0135579293344289,0.0176663927691043,0.0,179.94124646719698,152.35804747823886,340.7536305052471,178.85854866536715,943.2,18.5662654819767,161.37498098522025,0.29138348287164,0.0946324533573146,0.6115626415808492,363,10.03305785123967,0.1454033056290412,0.2848480016109532,0.0469530469530469,,,,2473,0.0157703194500606,0.9534977759805904,0.0113222806308127,0.0801526717557251,1.0638252756573368,20964.38429541433,1574.3425042997033,-4.983479466430241e-15,2.712038491246466e-13,0.0,0.04,16.0,13.892443640993312,0.8,482.2826407939696,0.0024214221901962,400.0,52.41096073853582,0.0,0.0
surge_chase,3,400,2433,2361,0.9704069050554872,0.0295930949445129,0.0036991368680641,0.0258939580764488,0.0,183.3341940275193,161.496194812863,343.58187534143326,179.53654902615017,944.4,18.29600958112495,165.03818444639435,0.2829453893245805,0.0954410493093241,0.6190297895162087,363,9.110192837465563,0.134607989164794,0.8746680007607207,0.0477916941331575,,,,2473,0.0161746866154468,0.9547108774767488,0.0141528507885159,0.0969927996611605,1.0705209656925032,21163.809070610725,1655.7840754436425,1.7098751235080422e-14,2.70419763573529e-13,0.0,0.053,21.2,14.82389215819683,0.9245283018867924,482.5608695338602,0.0025837718498866,400.0,52.90952267652682,0.0,0.0
surge_chase,4,400,2413,2331,0.966017405719022,0.033982594280978,0.0099461251554082,0.0240364691255698,0.0,184.15199570176804,160.06790611081306,347.9791480209642,181.53785363745163,932.4,18.75690752155411,165.39508818021395,0.2929124954247455,0.093859388089577,0.6099232383735403,360,9.655555555555557,0.115843888811974,0.2326410026580563,0.0508643617021276,,,,2473,0.0242620299231702,0.9425798625151638,0.0169834209462191,0.12998712998713,1.089017589017589,21310.407579363145,2048.1291841268658,-6.953777846215052e-18,2.743942639242613e-13,0.0,0.055,22.0,18.96112381701824,0.8727272727272727,499.2921587517565,0.0033048781121371,400.0,53.27601894840785,0.0,0.0
surge_chase,5,400,2427,2337,0.9629171817058096,0.0370828182941903,0.0082406262875978,0.0288421920065925,0.0,183.50367673628077,157.60682604275553,348.96251754470984,179.8751064834885,934.8,18.20246340948483,165.3012133267959,0.2939785466864287,0.0956658966592739,0.6076788789266718,361,9.49584487534626,0.1460714681905054,0.3655599997728102,0.0530652603823335,,,,2473,0.0186008896077638,0.9450060655074808,0.0137484836231298,0.1035515618314077,1.0750962772785622,20956.30577392848,1747.1251926148252,1.1953923801471067e-14,2.7313652694607386e-13,0.0,0.058,23.2,15.356884626833208,0.913793103448276,475.2766814064861,0.0026766777276255,400.0,52.39076443482121,0.0,0.0
surge_chase,0,500,2446,2384,0.9746524938675388,0.0253475061324611,0.0089942763695829,0.0163532297628781,0.0,156.87847172589545,126.72767940814585,308.38842486186064,156.18868405005875,953.6,18.39961013029821,138.4788615955972,0.4386753684689915,0.0663957747963527,0.4940502709682447,360,9.73611111111111,0.1524736112615856,0.7175250021828207,0.0456198347107438,,,,2473,0.0109179134654266,0.9640113222806308,0.0076829761423372,0.0356543624161073,1.036493288590604,20501.56917912897,985.2988387775172,7.277362903193121e-15,2.7083126941703684e-13,0.0,0.0192,9.6,6.300861016771492,0.875,495.2456878977555,0.000878585766411,500.0,41.00313835825794,0.0,0.0
surge_chase,1,500,2459,2407,0.9788531923546157,0.0211468076453843,0.0044733631557543,0.0166734444896299,0.0,157.25002092352904,131.3112154002074,299.7385887020846,155.24343481251907,962.8,17.24310073956206,140.00692018396694,0.4287124733459981,0.0677275067780995,0.5018514538347953,360,9.033333333333331,0.1200177779537625,0.2066070027649408,0.0514322916666666,,,,2473,0.0056611403154063,0.9733117670845128,0.0076829761423372,0.0274200249272953,1.0234732031574574,20404.25273893659,620.8510388403794,5.9348731441013245e-15,2.661923675068208e-13,0.0,0.024,12.0,12.253180700941018,0.6666666666666666,500.0920329997235,0.0017085660411069,500.0,40.808505477873176,0.0,0.0
surge_chase,2,500,2451,2385,0.9730722154222766,0.0269277845777233,0.0097919216646266,0.0171358629130966,0.0,154.52848538670213,123.80384845188746,304.1233058553096,153.55847979259488,954.0,17.722751433336366,136.80573395336577,0.4381142946920308,0.065737272540306,0.495403227240369,360,9.561111111111112,0.1259641665860221,0.2603789968998174,0.0471324983520105,,,,2473,0.0088960776384957,0.964415689446017,0.0056611403154063,0.0356394129979035,1.031027253668763,20390.18507683954,810.4852060881125,3.298549414043546e-16,2.6742521544530073e-13,0.0,0.0136,6.8,5.344318036780583,0.9411764705882352,481.890600802567,0.0007452055272941,500.0,40.78037015367908,0.0,0.0
surge_chase,3,500,2454,2411,0.982477587612062,0.017522412387938,0.0012224938875305,0.0162999185004074,0.0,156.08089743375734,131.14234829360066,300.8734403317062,154.04210204676212,964.4,16.64948415341814,139.43141328033917,0.4264983052886691,0.0673014162836943,0.5050075605052764,360,8.73611111111111,0.1192199997603893,0.2719890014122949,0.0445463478545692,,,,2473,0.0076829761423372,0.9749292357460574,0.0056611403154063,0.037328909166321,1.028722521775197,20711.682162660763,824.7209011519157,-2.5329293941323666e-15,2.678400383642667e-13,0.0,0.0232,11.6,8.553697462974345,0.8620689655172413,475.7679582255473,0.0011927179223601,500.0,41.42336432532153,0.0,0.0
surge_chase,4,500,2455,2411,0.9820773930753564,0.0179226069246435,0.0020366598778004,0.0158859470468431,0.0,157.4777245668522,127.6247598710438,309.93829533060307,155.80145860054978,964.4,17.415425687357477,140.0622988794947,0.425656509291036,0.0681510811916331,0.5051438537780787,360,9.055555555555555,0.1207758336426599,0.2865640012169037,0.053554040895813,,,,2473,0.007278608976951,0.9749292357460574,0.0036393044884755,0.0323517212774782,1.0288262131895478,20692.581357999275,754.4716733452044,4.4815066446524046e-15,2.6526023186357814e-13,0.0,0.024,12.0,7.519831087607022,0.8666666666666667,488.9035590257278,0.001048555739252,500.0,41.38516271599855,0.0,0.0
surge_chase,5,500,2451,2399,0.9787841697266422,0.0212158302733578,0.0057119543043655,0.0155038759689922,0.0,156.71053206595133,127.16879600363882,306.078802024297,155.28325501614356,959.6,17.79796412439762,138.91256794155373,0.4322454621555962,0.0672068041337084,0.499151939558031,360,9.258333333333333,0.1244730556006996,0.1895649964717451,0.0453798092732653,,,,2473,0.0088960776384957,0.9700768297614234,0.0076829761423372,0.042934556065027,1.0333472280116716,20628.24330011916,899.6618627119226,-5.2369761530901205e-15,2.695420654772504e-13,0.0,0.0192,9.6,10.010086161049411,0.75,480.621514970229,0.0013957941526642,500.0,41.25648660023832,0.0,0.0
surge_both,0,300,2361,2245,0.950868276154172,0.049131723845828,0.0127064803049555,0.0364252435408725,0.0,206.15697309457929,182.9061951177,369.4422665097614,200.9157504342776,898.0,18.52024188438725,187.63673121019204,0.1758938320661335,0.122688463121278,0.6961701645680792,361,9.878116343490303,0.1167864267644343,0.2632199975778341,0.0543662928984029,,,,2473,0.0452891225232511,0.9078042862919532,0.0396279822078447,0.267260579064588,1.2021158129175946,22395.840274505685,3919.715778635793,2.864325950391495e-16,2.715800363610283e-13,0.0,0.1109378087476608,37.2,25.23875884068406,0.9032258064516128,471.1859641984117,0.0052475402445091,335.32301043204404,66.78885605151271,44.0,3.0
surge_both,1,300,2365,2257,0.9543340380549684,0.0456659619450317,0.0122621564482029,0.0334038054968287,0.0,213.09877918229355,189.9943738487036,373.7638754222658,207.22689391355027,902.8,19.61555341687844,193.4832257654151,0.1672564874376452,0.1248371143153177,0.7020325831250368,360,9.730555555555556,0.1246436109189138,0.4955489982239761,0.0498981670061099,,,,2473,0.0436716538617064,0.9126566922765872,0.0408410837040032,0.2999556933983163,1.2017058041648203,22635.23726580254,4020.429991277261,-2.065792031110238e-15,2.7597143789412133e-13,0.0,0.1129910825015228,38.0,28.333977832181965,0.8526315789473684,474.4620194793756,0.0058738151220002,336.3097260307057,67.30473582478521,48.0,5.0
surge_both,2,300,2366,2259,0.9547759932375316,0.0452240067624683,0.0164835164835164,0.0287404902789518,0.0,211.01435879095683,187.62805924605985,379.0654078542073,206.8090233018536,903.6,20.23370788377828,190.78065090717857,0.163844589692857,0.1259704538492154,0.706093377443147,361,10.321329639889196,0.1403606647147972,0.4528000019490718,0.0511247443762781,,,,2473,0.0432672866963202,0.9134654266073596,0.0335624747270521,0.2793271359008411,1.1977644975652944,22616.990241699776,4033.57028436405,3.8342257409985046e-15,2.756467033378501e-13,0.0,0.0961942316589362,32.0,19.52270157490076,0.95,479.8525230106365,0.0040915790147804,332.6602796044816,67.9882499605615,46.0,6.0
surge_both,3,300,2380,2246,0.9436974789915966,0.0563025210084033,0.0134453781512605,0.0428571428571428,0.0,212.4840076356314,188.0871004920377,380.7103532472029,205.20321097631907,898.4,19.649551705195208,192.83445593043615,0.1680415088355359,0.1255006692572685,0.7010508258823648,360,9.877777777777778,0.1154825000210419,0.3425210023851854,0.0490693739424703,,,,2473,0.0376061463809138,0.9082086534573393,0.0343712090578245,0.2546749777382012,1.185106856634016,22136.571816883858,3658.776923065493,3.6849913641921714e-15,2.711963433083784e-13,0.0,0.1269099335820321,42.4,25.91040372386968,0.9245283018867924,474.4732577348266,0.0054069960248307,334.0952028203013,66.2582749767598,48.0,9.0
surge_both,4,300,2320,2212,0.9534482758620688,0.046551724137931,0.0112068965517241,0.0353448275862069,0.0,215.97023093914203,193.8559017813916,382.1664485622954,210.1401701672208,884.8,19.684926602797887,196.28530433634413,0.1752907028647538,0.1257982694899065,0.6938258762490108,361,9.725761772853186,0.1136119114217307,0.3549999979441052,0.0516884906960716,,,,2473,0.0618681763040841,0.8944601698342095,0.0465022240194096,0.3060578661844484,1.2492088607594938,22936.797979047347,4704.233458352423,2.670156641503541e-15,2.797753991509105e-13,0.0,0.116562495337277,38.8,24.27872718627451,0.9278350515463918,476.39802095476296,0.0050851513963288,332.8686460231572,68.90645380115394,44.0,5.0
surge_both,5,300,2362,2238,0.947502116850127,0.0524978831498729,0.0139712108382726,0.0385266723116003,0.0,211.37412237363603,188.44928713616676,380.3175369870046,204.99562454104563,895.2,19.08864106174257,192.28548131189345,0.1753440366062846,0.1247141637589346,0.6950789107769199,360,9.911111111111111,0.1086827779444219,0.2185029998508982,0.051360544217687,,,,2473,0.0448847553578649,0.90497371613425,0.0384148807116862,0.2636282394995531,1.1859919571045576,22082.21805969093,3648.773607079043,3.607282281440701e-15,2.7669396909713866e-13,0.0,0.1074901663119405,36.0,23.18491286124397,0.9222222222222224,485.616644228899,0.0048628888578608,334.9143576122734,65.93392477146432,43.0,4.0
surge_both,0,400,2437,2358,0.9675830939679936,0.0324169060320065,0.0057447681575707,0.0266721378744357,0.0,172.291174859912,142.52452498708385,331.337075361354,169.34503944876872,943.2,18.34527304761113,153.94590181230086,0.3288910218631796,0.0864174667398467,0.5824738328990919,372,9.24731182795699,0.117162096934388,0.3166339975723556,0.0532369372329937,,,,2473,0.0145572179539021,0.9534977759805904,0.0093004448038819,0.0551314673452078,1.0502544529262086,20748.086567400507,1322.1897910683729,9.528237213460261e-15,2.718088688814928e-13,0.0,0.0417685256569239,17.6,13.40320332868168,0.8409090909090909,506.3412647718218,0.0022176784978816,421.3699124685872,49.23960148423568,35.0,9.0
surge_both,1,400,2436,2358,0.9679802955665024,0.0320197044334975,0.0061576354679802,0.0258620689655172,0.0,177.135353213155,153.1693154569898,329.65169675584167,173.43036672753018,943.2,18.291782294534723,158.8435709186203,0.3112532294778565,0.0897326263699815,0.5958755975617573,359,9.356545961002784,0.1185885795726425,0.281052000937052,0.056282722513089,,,,2473,0.0149615851192883,0.9534977759805904,0.0137484836231298,0.0678541136556403,1.0534351145038168,20740.836532398487,1338.060417136449,1.2025061937627862e-14,2.7079987484342173e-13,0.0,0.0522898833785308,21.6,18.595692819555715,0.8888888888888888,502.8545309388607,0.0031385465904046,413.0818162977301,50.20999645612447,23.0,9.0
surge_both,2,400,2439,2370,0.971709717097171,0.028290282902829,0.010660106601066,0.017630176301763,0.0,178.57756170925992,149.95166046337908,341.27270963833365,177.37852730952858,948.0,18.639813060887224,159.9377486483727,0.3045678703667183,0.0919166350855431,0.602246274748263,360,9.98611111111111,0.1211638887374041,0.2781370007869558,0.0505284015852047,,,,2473,0.0137484836231298,0.9583501819652244,0.009704811969268,0.0713080168776371,1.055168776371308,21037.11700219182,1473.817755880748,8.81076739930793e-15,2.650086432530107e-13,0.0,0.0272943369734233,11.2,7.470159473162939,0.8928571428571429,452.4347460096512,0.0012692197994755,410.3415302194554,51.26733575063905,17.0,3.0
surge_both,3,400,2442,2385,0.9766584766584766,0.0233415233415233,0.004095004095004,0.0192465192465192,0.0,175.67770394336773,150.78170440502754,333.48332233933576,172.9489903478234,954.0,18.12183552311806,157.55586842024968,0.307733603593846,0.0894095818468367,0.6008739077927776,360,9.13888888888889,0.1154038887964108,0.2089559989690315,0.0460981231478432,,,,2473,0.0125353821269712,0.964415689446017,0.0101091791346542,0.0750524109014675,1.0561844863731655,21154.992963858407,1414.7953012195237,1.4194189732274716e-14,2.692963485563209e-13,0.0,0.036516212939207,15.2,11.83878305181233,0.868421052631579,492.147213481368,0.0019829067665397,416.25346049179007,50.82238340761051,33.0,12.0
surge_both,4,400,2434,2365,0.9716516023007395,0.0283483976992604,0.0057518488085456,0.0225965488907148,0.0,179.51469977500486,153.9301211446682,344.7189567393016,176.70685186863287,946.0,17.80821293710569,161.7064868378992,0.3124830900663147,0.0908204503687809,0.594640036056888,361,9.277008310249307,0.1187958451306545,0.2708199972403234,0.0490939044481054,,,,2473,0.0157703194500606,0.9563283461382937,0.0129397492923574,0.0871035940803382,1.0657505285412263,21203.728329511738,1708.869817257614,7.95764675671496e-15,2.741743876800206e-13,0.0,0.0414630763512166,17.2,12.235641222293449,0.9302325581395348,495.7773518410606,0.0020564235080162,414.8269138137717,51.11463992191869,25.0,8.0
surge_both,5,400,2438,2368,0.9712879409351928,0.0287120590648072,0.0049220672682526,0.0237899917965545,0.0,177.51708396071945,152.9829866179548,334.0610306005683,174.50634025475856,947.2,17.652583890277942,159.86450007044152,0.3095085844365854,0.0915404260978236,0.5968590988984844,361,9.218836565096954,0.124208587188747,0.4313600016757801,0.0530451866404715,,,,2473,0.0141528507885159,0.957541447634452,0.009704811969268,0.0802364864864864,1.0580658783783785,20879.652126823563,1372.2975996013515,9.349128078313056e-15,2.73939279668642e-13,0.0,0.0444783167780878,18.4,12.412367154245722,0.9565217391304348,460.986056365829,0.0020918905671065,413.684719496056,50.47237943006166,23.0,6.0
surge_both,0,500,2454,2411,0.982477587612062,0.017522412387938,0.0024449877750611,0.0150774246128769,0.0,153.08141375106928,125.25643019672862,300.1761163545234,151.88013581169133,964.4,17.112069979090684,135.9693437719786,0.444927539280757,0.0641371344833257,0.4901978569113485,360,9.127777777777778,0.1292055555596663,0.4165369988913887,0.0443058746307843,,,,2473,0.0076829761423372,0.9749292357460574,0.004852405984634,0.0294483616756532,1.0272708419742844,20607.492000808197,683.5183226396683,4.478099075020623e-15,2.69527337910858e-13,0.0,0.0132220369465584,6.8,5.440034247120987,0.7058823529411765,460.1867271574541,0.0007374693245688,514.2929207870615,40.06956185449916,18.0,6.0
surge_both,1,500,2462,2421,0.9833468724614136,0.0166531275385865,0.0024370430544272,0.0142160844841592,0.0,154.22775180531437,129.0158868917879,300.01591198984806,152.51305696816246,968.4,16.797391575475174,137.4303602298392,0.4328295192072198,0.0659215543851288,0.4997512812196785,361,8.836565096952908,0.1197313019608204,0.2336199977435164,0.0460333006856023,,,,2473,0.0044480388192478,0.9789729073999192,0.004852405984634,0.0285006195786864,1.0223048327137547,20535.373368668865,592.1879339292261,3.898391545782097e-15,2.705358998917881e-13,0.0,0.0236810260884256,12.0,10.885205264674584,0.7666666666666667,504.70053049671066,0.0014976451879727,506.73479920978286,40.524892706584055,13.0,6.0
surge_both,2,500,2454,2398,0.9771801140994296,0.0228198859005704,0.0052974735126324,0.017522412387938,0.0,154.25534225864027,123.4906428562847,299.14885467887115,152.9060606605331,959.2,17.894003043944885,136.3613392146954,0.4400830744939267,0.0653699509913175,0.4940208687894676,361,9.382271468144044,0.1178559553678859,0.2692199996090494,0.0487884741322855,,,,2473,0.0076829761423372,0.9696724625960372,0.0036393044884755,0.0362802335279399,1.0307547956630525,20562.40019804818,804.5083849539994,-3.9118925872676375e-15,2.677612556662328e-13,0.0,0.012626537406914,6.4,3.824874734469663,1.0,523.6896849037345,0.000526105725288,506.86896919938425,40.5674867619676,12.0,7.0
surge_both,3,500,2455,2415,0.9837067209775968,0.0162932790224032,0.00040733197556,0.0158859470468431,0.0,155.54120877948094,130.87134338854776,299.6776606730264,153.59245595166317,966.0,16.673164493530827,138.8680442859501,0.428676719741829,0.0666090449571435,0.5033769497391055,360,8.725,0.1164372223178765,0.2036400033102842,0.0466862553052562,,,,2473,0.007278608976951,0.976546704407602,0.004852405984634,0.0372670807453416,1.025879917184265,20767.29912658365,788.8422910151614,-2.168957445209726e-16,2.7267693509163614e-13,0.0,0.0246384985678572,12.4,9.653359440663202,0.8709677419354839,479.3772810801208,0.001337285561922,503.2774203285547,41.26411853133831,7.0,2.0
surge_both,4,500,2458,2423,0.985760781122864,0.0142392188771358,0.000813669650122,0.0134255492270138,0.0,151.83389804620307,124.81613241458672,292.92471966568525,150.3006502697798,969.2,16.603805201430344,135.23009284477274,0.4332964777845488,0.0655078760592155,0.5001780246500869,360,8.783333333333333,0.1214533334253549,0.2128820004145394,0.052836304700162,,,,2473,0.0060655074807925,0.9797816417306916,0.0032349373230893,0.0309533635988444,1.0243499793644242,20712.551474531378,653.3410952738083,-1.993177943507813e-16,2.6753405745633184e-13,0.0,0.0228060848140398,11.6,7.424043663448593,0.896551724137931,519.3226350539096,0.0010176215061489,508.6361861137537,40.72174186580412,15.0,4.0
surge_both,5,500,2454,2410,0.9820700896495518,0.0179299103504482,0.0020374898125509,0.0158924205378973,0.0,152.5915220104731,125.62297450810138,301.85638210359105,150.97095962381974,964.0,16.72124336397798,135.87027864649514,0.4390814895476879,0.0651069692231245,0.4944795180095915,360,8.877777777777778,0.1354475000981539,0.3530300012789692,0.0492498369210697,,,,2473,0.0076829761423372,0.9745248685806712,0.0068742418115649,0.0352697095435684,1.0278008298755186,20635.25188723985,752.5347978657404,9.699018904754377e-16,2.6420147766182906e-13,0.0,0.0188633693145715,9.6,9.723240106759793,0.75,490.145408191609,0.001332023219596,508.9228673789579,40.54691429668905,14.0,5.0
surge_strong,0,300,2371,2258,0.9523407844791228,0.0476592155208772,0.0109658371994938,0.0366933783213833,0.0,203.93970779368175,181.8701276523252,369.0429037720785,198.4249222266428,903.2,17.765655046320667,186.1740527473611,0.1724118857672557,0.1223496147038669,0.696097155264472,362,9.5939226519337,0.1385091162879709,0.3740489999472614,0.0508819538670284,,,,2473,0.0412454508693894,0.9130610594419734,0.0335624747270521,0.233392382639504,1.1651904340124004,21900.9169919587,3291.387069765049,3.744273860551591e-15,2.73110143889039e-13,0.0,0.1965647724306927,66.4,44.291571974171184,0.9216867469879518,473.98175825615215,0.0091413442644053,337.802136053713,64.83356573114237,50.0,8.0
surge_strong,1,300,2372,2265,0.9548903878583472,0.0451096121416526,0.0096964586846543,0.0354131534569983,0.0,206.8875095742414,187.1845164023698,362.9479102548782,200.97490402371776,906.0,19.40409761596513,187.48341195827624,0.1642580278469088,0.1218740318415089,0.7041584552123534,361,9.578947368421051,0.1202321329094092,0.3276999981608241,0.0464564259070871,,,,2473,0.0408410837040032,0.9158916295996764,0.0412454508693894,0.262251655629139,1.1838852097130244,22503.490488883188,3795.4831070651335,8.044092740451851e-15,2.7579969213508734e-13,0.0,0.1958945585817637,66.0,46.8730204185226,0.896969696969697,461.6251125263393,0.0097094850992288,336.9159433412874,66.79259599801044,50.0,10.0
surge_strong,2,300,2384,2282,0.9572147651006712,0.0427852348993288,0.0146812080536912,0.0281040268456375,0.0,209.98807932014108,185.2379683678696,376.3694906397003,205.86288098377943,912.8,20.448663816845947,189.53941550329515,0.1640005450989341,0.1251630429342823,0.7025307853177679,361,10.357340720221607,0.1286927977779369,0.5392999970354064,0.0510652688535678,,,,2473,0.0359886777193691,0.9227658714112414,0.0242620299231702,0.2164767747589833,1.167068361086766,22204.381795697314,3480.075050988061,1.5332948660861716e-15,2.8135231022945524e-13,0.0,0.170352751863866,57.2,40.00067569397423,0.8811188811188811,468.4472802482823,0.0083056266490155,335.7738538072471,66.12897801281414,46.0,2.0
surge_strong,3,300,2378,2259,0.9499579478553406,0.0500420521446593,0.0109335576114381,0.0391084945332212,0.0,203.92474532115085,178.8060111539762,369.0783185959617,197.72618559390168,903.6,18.80242200878351,185.1223233123673,0.1692472758671498,0.1211861826955349,0.7015317996082427,360,9.583333333333334,0.1088766663694211,0.1710059999459194,0.0441576086956521,,,,2473,0.0384148807116862,0.9134654266073596,0.0339668418924383,0.2257636122177954,1.163235945108455,22142.48658077565,3466.705881031004,-3.8664659492390575e-15,2.691522672437346e-13,0.0,0.1791918795839699,60.4,38.84528505456668,0.9536423841059604,466.7477873407182,0.0080347418290723,337.0688456431775,65.69128789854338,51.0,8.0
surge_strong,4,300,2335,2225,0.9528907922912204,0.0471092077087794,0.0111349036402569,0.0359743040685224,0.0,215.1375278928558,193.1733957286142,383.3250733424492,209.2554420451434,890.0,19.79035634763287,195.3471715452229,0.1707939397992665,0.1252870781199933,0.6953212666171965,361,9.78393351800554,0.1151518002911883,0.3326600039144968,0.0520726276121959,,,,2473,0.0558026688232915,0.8997169429842297,0.0400323493732308,0.2970786516853932,1.2175280898876404,22738.543096206715,4295.641497868402,6.78428599191617e-15,2.7757890867239816e-13,0.0,0.1942744374168188,65.2,41.147916567203694,0.901840490797546,471.4325158547339,0.0085977154635436,335.6077148745636,67.75333846155905,48.0,8.0
surge_strong,5,300,2368,2258,0.9535472972972971,0.0464527027027027,0.0143581081081081,0.0320945945945945,0.0,208.5457290002485,188.83751724773947,372.0651198851253,203.1891813367599,903.2,18.633606220168318,189.9121227800802,0.1709724638498067,0.1248056353023349,0.6965986089846713,360,9.780555555555557,0.1083924999572142,0.2384330008499091,0.0490129339686861,,,,2473,0.0424585523655479,0.9130610594419734,0.0367974120501415,0.2409211691762622,1.1692869796279894,22010.32270401495,3454.6737406246057,2.6836126077963267e-15,2.720250950977446e-13,0.0,0.1762327136949727,59.2,36.55515136431657,0.9391891891891893,477.6620448260905,0.0076232918631869,335.9194712422382,65.52261654443623,45.0,6.0
surge_strong,0,400,2444,2365,0.9676759410801964,0.0323240589198036,0.0085924713584288,0.0237315875613747,0.0,170.02476261913532,143.78020915781508,323.8772424035297,167.41535987258368,946.0,18.19251267535235,151.83224994378295,0.329523354519268,0.0848695336902276,0.5825753990892543,360,9.583333333333334,0.119710555514353,0.2048689999355702,0.0525796910943148,,,,2473,0.0117266477961989,0.9563283461382937,0.0084917104731095,0.0570824524312896,1.0449260042283297,20518.94966533813,1069.659230774768,1.4450362447617972e-14,2.67140878363592e-13,0.0,0.0643293637852478,27.2,18.386330450231338,0.8823529411764706,481.802246942814,0.00303171270125,422.8240168953386,48.52834476149724,38.0,11.0
surge_strong,1,400,2438,2364,0.9696472518457752,0.0303527481542247,0.0057424118129614,0.0246103363412633,0.0,173.10526155816288,147.95227652766653,326.6759892187521,169.82296831935446,945.6,17.49645465736283,155.60880690080006,0.3151056437755597,0.0875970491651611,0.5926010817921169,360,9.169444444444444,0.114975833356665,0.228543999255635,0.0531321744834371,,,,2473,0.0141528507885159,0.9559239789729074,0.0117266477961989,0.0723350253807106,1.0518189509306262,20685.935986521174,1266.4425890984062,-1.5189015677845522e-15,2.68917713816217e-13,0.0,0.0807136883283674,33.6,28.04066135589905,0.8571428571428571,480.7610844240386,0.0046962252671623,416.2862668758879,49.69161279751874,32.0,14.0
surge_strong,2,400,2447,2374,0.970167552104618,0.0298324478953821,0.0138945647731916,0.0159378831221904,0.0,174.4842043591,148.4065407998537,328.09879108291267,173.47691213175997,949.6,18.606125468692102,155.87807889040786,0.3097777547598092,0.0894644257922229,0.5976702208070034,360,10.069444444444445,0.116800555568059,0.2766569994855686,0.0480132450331125,,,,2473,0.0105135463000404,0.9599676506267693,0.007278608976951,0.0669755686604886,1.0508635214827295,20875.08870671556,1338.7526671901564,1.5573239599506136e-14,2.6910590202901993e-13,0.0,0.0513470071594263,21.2,18.28474569842515,0.8679245283018868,469.149086239505,0.0030875986409644,412.877033595678,50.56006270176341,22.0,5.0
surge_strong,3,400,2441,2386,0.9774682507169192,0.0225317492830807,0.0024580090126997,0.0200737402703809,0.0,174.809373534203,148.99743140299597,333.69640793547524,171.91917612256194,954.4,17.447840745093494,157.36153278910953,0.3107630528320582,0.0885498563890456,0.5982974161303768,360,8.933333333333334,0.1282991667822999,0.7201059987710385,0.0476190476190476,,,,2473,0.0129397492923574,0.9648200566114032,0.0088960776384957,0.064962279966471,1.0533319362950544,21142.992157097808,1386.902073489788,9.920442971338332e-15,2.673795803373675e-13,0.0,0.0544298878865851,22.8,14.35762267317502,0.8771929824561403,502.0703857994865,0.0023896746485193,418.8875062081344,50.47415318849925,35.0,16.0
surge_strong,4,400,2440,2375,0.9733606557377048,0.026639344262295,0.0032786885245901,0.0233606557377049,0.0,176.62268097927182,152.02028832510268,339.51056626787147,173.58207256864864,950.0,17.601151689379233,159.02152928989258,0.3151641088928562,0.0890319547172515,0.5918169494729357,360,9.155555555555557,0.1251002777684738,0.3600550002011018,0.0554106910039113,,,,2473,0.0133441164577436,0.9603720177921552,0.0105135463000404,0.0669473684210526,1.050421052631579,20869.82358350281,1311.5208356215012,-8.673389492000033e-15,2.745345471423303e-13,0.0,0.0669355333750648,28.0,23.92181211220037,0.8,471.662888750465,0.0039869869169566,418.3129436364619,49.890456178759536,33.0,16.0
surge_strong,5,400,2444,2360,0.9656301145662848,0.0343698854337152,0.0065466448445171,0.027823240589198,0.0,174.25246542923745,148.99743140299597,330.2853481656184,170.74569845764938,944.0,17.487785284810496,156.76468014442696,0.3152268609442902,0.0887281455969648,0.5924844758890017,361,9.238227146814404,0.118411080056377,0.3272200032370154,0.0505249343832021,,,,2473,0.0117266477961989,0.9543065103113628,0.0105135463000404,0.0707627118644067,1.0522245762711864,20826.065768729743,1330.1793983457142,3.2480609539075976e-15,2.7486393575505816e-13,0.0,0.0633584153435037,26.4,21.27943486179728,0.8939393939393939,478.18200576360096,0.0035605175697433,416.67708791120873,49.98130776311762,26.0,11.0
surge_strong,0,500,2454,2407,0.9808475957620212,0.0191524042379788,0.0024449877750611,0.0167074164629176,0.0,151.5900852749038,125.2614385125371,295.5984054038867,150.22549166078585,962.8,17.36404093024168,134.2260443446621,0.4462840455761082,0.0633745525143468,0.4889753962459993,360,9.177777777777775,0.1213322220994289,0.3031150028982666,0.0486610058785107,,,,2473,0.0076829761423372,0.9733117670845128,0.0044480388192478,0.0265891150810137,1.027212297465725,20568.972569374426,701.7090263514535,1.0738582621567531e-14,2.690534865021469e-13,0.0,0.027994479624613,14.4,10.07834750327285,0.8333333333333334,501.31717575748894,0.0013660056635455,514.3871289302117,39.98733913142892,19.0,7.0
surge_strong,1,500,2464,2420,0.9821428571428572,0.0178571428571428,0.002840909090909,0.0150162337662337,0.0,152.26303808937672,127.96589877336125,292.9840928560927,150.62141548318328,968.0,16.87897150760887,135.38406658176785,0.4337457353499515,0.065243445415234,0.4985923399278091,362,8.883977900552486,0.1277878453349823,0.3166369997779831,0.0472620599739243,,,,2473,0.0036393044884755,0.978568540234533,0.0040436716538617,0.0256198347107438,1.0183884297520662,20489.19279669624,515.097200966847,8.225101041030819e-15,2.668503618258644e-13,0.0,0.0314776394403652,16.0,17.632275342785118,0.575,498.1829925801852,0.0024184793070053,508.2973273873404,40.30946395490834,16.0,8.0
surge_strong,2,500,2454,2400,0.9779951100244498,0.0220048899755501,0.0040749796251018,0.0179299103504482,0.0,155.33551440385955,125.37844063151488,304.1664861150605,153.83797410750333,960.0,17.370483454679814,137.96503094917972,0.4382804981703936,0.066162179422732,0.4949001888728437,360,9.22222222222222,0.1205038886635318,0.2856109972344713,0.0459317585301837,,,,2473,0.0076829761423372,0.9704811969268096,0.0044480388192478,0.0329166666666666,1.0314583333333334,20649.9143932738,881.5867948783758,-6.0304539140076935e-15,2.705370187131943e-13,0.0,0.0142242709566765,7.2,4.770936368956883,0.7777777777777778,486.7811486626416,0.0006571335340305,506.1770843602011,40.79583021695841,11.0,6.0
surge_strong,3,500,2457,2412,0.9816849816849816,0.0183150183150183,0.0008140008140008,0.0175010175010175,0.0,152.82979638607614,128.59516009306435,295.0834208416808,150.8137367414655,964.8,16.61904873426708,136.2107476518091,0.4328801748379075,0.0649495130435638,0.4993954752616324,360,8.758333333333333,0.1154461114007669,0.1958300007390795,0.0479139504563233,,,,2473,0.0064698746461787,0.9753336029114436,0.0044480388192478,0.0290215588723051,1.0258084577114428,20649.165133735623,723.6171204019054,1.913431639040952e-15,2.685361606932959e-13,0.0,0.0402984660302204,20.4,20.14775391878083,0.7647058823529411,499.2620695573183,0.0027748368568962,506.22274268955374,40.79067057324791,13.0,5.0
surge_strong,4,500,2460,2422,0.9845528455284552,0.0154471544715447,0.0016260162601626,0.0138211382113821,0.0,151.02300580728618,125.51900169125838,294.747216114727,149.52855366274792,968.8,16.470608327354856,134.55239747993136,0.4337746607505875,0.0646310063404859,0.4994337842734521,360,8.797222222222222,0.1191341667031843,0.2327370007697028,0.0482084690553745,,,,2473,0.0052567731500202,0.9793772745653052,0.0028305701577031,0.0284888521882741,1.0217795210569778,20624.620485368738,574.2146245618736,6.984503809336709e-15,2.635556696271824e-13,0.0,0.0345600438499309,17.6,15.781564833472776,0.7727272727272727,505.0439764639425,0.0021605486354742,509.2586131089403,40.49930615696181,15.0,6.0
surge_strong,5,500,2456,2414,0.9828990228013028,0.017100977198697,0.0028501628664495,0.0142508143322475,0.0,153.23777526623866,125.98153393930625,301.64574366517587,151.72916264300736,965.6,16.85183090926805,136.3859443569706,0.4359912039982157,0.0653192861978434,0.4965794237344585,360,8.916666666666666,0.1266705559020111,0.352120002498852,0.0476968311009474,,,,2473,0.0068742418115649,0.976142337242216,0.0060655074807925,0.0343827671913836,1.0248550124275062,20677.22072360837,715.5279148156487,-3.0890322979276415e-15,2.652617148304959e-13,0.0,0.0314299170206063,16.0,15.407227200091343,0.675,465.0011672321942,0.0021100860694822,509.0691136572184,40.61770822248583,15.0,9.0
surge_forecast_both,0,300,2360,2241,0.9495762711864408,0.0504237288135593,0.0144067796610169,0.0360169491525423,0.0,209.3167378021672,189.80145577336043,363.98231293508434,204.06478943612592,896.4,19.39641922312853,189.9203185790387,0.1724049515755533,0.1238184923609923,0.699118840102472,372,9.827956989247312,0.1139174734318305,0.2881770007661546,0.0547619047619047,,,,2473,0.0456934896886372,0.9061868176304084,0.0363930448847553,0.2695225345827755,1.182619366354306,22029.214537797125,3537.557791127724,3.88008332390193e-16,2.7537771755501197e-13,0.0,0.099324733653041,33.2,22.330662313517,0.9036144578313252,457.3335188229792,0.0046577159609822,334.25712588340286,65.90499598049394,44.0,2.0
surge_forecast_both,1,300,2366,2270,0.959425190194421,0.040574809805579,0.0118343195266272,0.0287404902789518,0.0,211.28070935967327,189.28868774909688,373.4064322835719,206.830452886524,908.0,19.348135064040623,191.93257429563263,0.1682227226015474,0.1251172915122259,0.7020549534050826,360,9.72222222222222,0.1121072219070305,0.1908059979177782,0.0511517615176151,,,,2473,0.0432672866963202,0.9179134654266072,0.0424585523655479,0.2960352422907489,1.1915198237885465,22427.20173465964,3769.039096552608,3.843817090367414e-15,2.6935047437676e-13,0.0,0.1020390561417006,34.4,21.932873571448585,0.9186046511627908,476.1979103116811,0.0046050324811439,337.12581535671075,66.52472374721454,47.0,5.0
surge_forecast_both,2,300,2365,2252,0.9522198731501056,0.0477801268498942,0.0202959830866807,0.0274841437632135,0.0,210.35243949440053,187.65935538500528,380.6620060381951,206.43696071821,900.8,19.63735471337636,190.71508478102416,0.1657717105409268,0.1266055995092744,0.7031299987480717,360,10.386111111111113,0.1316747221911403,0.339467003068424,0.0525956284153005,,,,2473,0.0436716538617064,0.9106348564496562,0.0283057015770319,0.2517761989342806,1.1745115452930728,22023.028262951462,3514.119972605091,3.3454589010241173e-15,2.7431638961534465e-13,0.0,0.0950121011521526,31.6,21.43201238674596,0.8354430379746836,460.26504095118185,0.004492691201727,332.5892135507632,66.21690471507152,48.0,7.0
surge_forecast_both,3,300,2383,2252,0.9450272765421738,0.0549727234578262,0.0134284515316827,0.0415442719261435,0.0,207.85602600503256,185.6243937675604,378.9369196460205,201.47207955702328,900.8,18.733148818140933,189.12287718689169,0.1720491378364201,0.1223717310510235,0.700613717309678,361,9.759002770083102,0.1148955677290914,0.3465000030701037,0.050303848750844,,,,2473,0.0363930448847553,0.9106348564496562,0.0319450060655074,0.2313499111900533,1.1599689165186502,21800.19056465103,3243.054684876145,6.678691544938686e-15,2.733751650156047e-13,0.0,0.1122809517040839,37.6,23.849848683362623,0.9148936170212766,468.6187198140546,0.0049654138028783,334.874254531567,65.0996314874843,50.0,8.0
surge_forecast_both,4,300,2325,2235,0.9612903225806452,0.0387096774193548,0.0124731182795698,0.0262365591397849,0.0,216.25999818317456,195.4180684423245,386.7905847747175,211.91499011774573,894.0,19.512183360798407,196.74781482237617,0.1738520045090381,0.1261499306473059,0.6946020403090536,361,9.6398891966759,0.1110819945283752,0.2355399963562373,0.0513439007580978,,,,2473,0.0598463404771532,0.9037606146380914,0.0456934896886372,0.3140939597315436,1.2407158836689038,23059.32940826816,4633.940205377356,2.5401505408157496e-15,2.770655690955732e-13,0.0,0.1312589658849323,44.0,25.94456103004089,0.9727272727272728,477.2801100469064,0.0053960245346022,335.2151961837976,68.78963027566563,46.0,7.0
surge_forecast_both,5,300,2361,2240,0.9487505294366794,0.0512494705633206,0.0156713257094451,0.0355781448538754,0.0,209.38433498768288,187.5064107542762,374.72754003385546,203.77145788389947,896.0,18.85173570580967,190.5325992818732,0.1703763889134486,0.1252166679335926,0.698961423686944,361,9.889196675900276,0.1105686979698226,0.2062800020212297,0.0501535312180143,,,,2473,0.0452891225232511,0.9057824504650224,0.0400323493732308,0.2669642857142857,1.1746651785714286,21843.849593919156,3445.5757315910464,1.3132352348423279e-15,2.781834286734255e-13,0.0,0.1143967520900831,38.0,25.89745197209395,0.9052631578947368,486.73786884478,0.0054455194660146,332.17726295302884,65.7596170181219,44.0,7.0
surge_forecast_both,0,400,2436,2361,0.9692118226600984,0.0307881773399014,0.007799671592775,0.0229885057471264,0.0,173.0106638115546,147.8868407550608,330.64599275419823,170.3078923917821,944.4,18.19534880556408,154.81531500599053,0.3222365682959975,0.0876187631223373,0.5877081884867753,361,9.473684210526317,0.1979570637624439,0.2060999991954299,0.0552086756490305,,,,2473,0.0149615851192883,0.9547108774767488,0.0101091791346542,0.0597204574332909,1.045108005082592,20556.50598363257,1117.6484910275922,3.1296909625985563e-15,2.705676992632991e-13,0.0,0.0401213351380201,16.8,14.633372778934667,0.7857142857142857,507.0275975283824,0.0024364800948898,418.7298339451274,49.0925277283357,35.0,12.0
surge_forecast_both,1,400,2439,2367,0.970479704797048,0.029520295202952,0.008610086100861,0.020910209102091,0.0,176.17844918709056,153.27079148726443,323.86167600377485,173.61028106851242,946.8,18.21650065151214,157.9619485355784,0.3096194292910458,0.0896636961279248,0.5981037234716221,372,9.166666666666666,0.11404032267565,0.2254779967915971,0.0516787360105332,,,,2473,0.0137484836231298,0.957137080469066,0.0125353821269712,0.066751161808196,1.0483734685255597,20694.89580827552,1226.416900113892,3.228886903895048e-15,2.7182049504268264e-13,0.0,0.0436527183636417,18.0,15.45512231204388,0.8222222222222222,469.13918869664855,0.0026131511094072,412.345454641656,50.18824768242001,23.0,8.0
surge_forecast_both,2,400,2439,2367,0.970479704797048,0.029520295202952,0.011070110701107,0.018450184501845,0.0,177.16273084870218,149.84764914628886,341.30767003628307,175.7466544056186,946.8,18.55201682787648,158.6107140208257,0.3034348905108335,0.0916420885430608,0.6034830410225733,361,9.9196675900277,0.1165681444887275,0.1994200036278922,0.0521108179419525,,,,2473,0.0137484836231298,0.957137080469066,0.0101091791346542,0.0739332488381918,1.0569286016054076,20954.624847859708,1480.452143196252,1.1726244066260568e-14,2.7044282412256056e-13,0.0,0.0313742337117577,12.8,8.426381414872633,0.90625,470.4564679263027,0.0014399799235322,407.9780917550533,51.362132603043534,14.0,2.0
surge_forecast_both,3,400,2442,2381,0.9750204750204752,0.0249795249795249,0.0036855036855036,0.0212940212940212,0.0,177.0351318234165,151.98965873237285,336.0271209155735,173.98006334489568,952.4,18.20875415650476,158.82637766691172,0.3058006344682734,0.0901532319319326,0.602271693479352,360,9.15277777777778,0.1194927777356093,0.2618969976174413,0.0517015706806282,,,,2473,0.0125353821269712,0.9627982207844724,0.0093004448038819,0.0760184796304073,1.0519739605207896,21044.98584880908,1349.241180383146,1.494954237400552e-14,2.664571629279259e-13,0.0,0.0395724471409292,16.4,10.547738538060765,0.8780487804878049,477.6342897308048,0.0017744401204419,414.4297657810928,50.78058476119524,29.0,13.0
surge_forecast_both,4,400,2433,2361,0.9704069050554872,0.0295930949445129,0.0053431976983148,0.0242498972461981,0.0,178.9290791202623,154.49293414685053,339.4832048958451,175.96893383839827,944.4,17.48143145266548,161.44764766759678,0.3094073495710129,0.0907543010490378,0.5962573426205087,360,9.23611111111111,0.1197541664320548,0.2366979994258149,0.0500329163923633,,,,2473,0.0161746866154468,0.9547108774767488,0.0088960776384957,0.0927573062261753,1.057708598051673,20873.62803477501,1405.1940118556247,1.2431394329862522e-14,2.694270050603615e-13,0.0,0.0551556841257992,22.8,21.2323666152885,0.7894736842105263,490.12268543574027,0.0035810067594405,413.3753458301362,50.49558045813498,25.0,8.0
surge_forecast_both,5,400,2439,2362,0.968429684296843,0.031570315703157,0.007380073800738,0.024190241902419,0.0,176.6716460791478,151.95616084491076,331.13331415542444,173.7120047190336,944.8,17.974724350868904,158.69692172827888,0.3102052360863708,0.0904902717526175,0.5970387772032683,361,9.39612188365651,0.118698891705525,0.2543000009609372,0.0562275253350768,,,,2473,0.0137484836231298,0.955115244642135,0.0088960776384957,0.0766299745977984,1.055143945808637,20783.3151343495,1326.3088541228697,7.78359407221962e-15,2.735516207192964e-13,0.0,0.0377496465044572,15.6,13.429639013801712,0.8461538461538461,483.92834911570304,0.0022657149577433,413.2489028250384,50.29248714823268,22.0,5.0
surge_forecast_both,0,500,2451,2406,0.981640146878825,0.018359853121175,0.0024479804161566,0.0159118727050183,0.0,152.11067559615626,125.50953549265432,296.86728363492875,150.74040950341177,962.4,17.0281920459289,135.08248355022738,0.4460004149135333,0.0641524177729767,0.4890804372087851,361,9.083102493074792,0.16482132965882,0.2399400007561778,0.044991789819376,,,,2473,0.0088960776384957,0.9729073999191266,0.004852405984634,0.028262676641729,1.0270157938487114,20558.47540415265,747.7175571564928,1.1460676316712424e-14,2.69680647998574e-13,0.0,0.0140490452134603,7.2,5.636040887051514,0.7777777777777778,492.1374586712389,0.0007667301047048,512.4903429808664,40.11485423232686,21.0,9.0
surge_forecast_both,1,500,2463,2417,0.9813235891189608,0.0186764108810393,0.0036540803897685,0.0150223304912708,0.0,153.79915368579785,128.5123680174147,295.1760299050172,152.05068009037058,966.8,17.0056147410307,136.79353894476714,0.4353537699852099,0.0655442552790821,0.4980773485003038,361,8.933518005540167,0.1380778396040345,0.2119400014635171,0.0473083197389885,,,,2473,0.0040436716538617,0.9773554387383744,0.0044480388192478,0.0264791063301613,1.0207902358295406,20449.991073728197,545.314398083802,3.164204521072757e-15,2.665811303602821e-13,0.0,0.0173430658657837,8.8,7.457072235913449,0.7272727272727273,489.02716042091976,0.0010246262354041,507.4074023648611,40.30290251663146,14.0,5.0
surge_forecast_both,2,500,2451,2398,0.978376172990616,0.0216238270093839,0.0053039575683394,0.0163198694410444,0.0,154.99866215533925,124.3270693899899,300.69984611837424,153.86311615270495,959.2,17.864725794123718,137.13393636121555,0.4376383660905266,0.0657017749096991,0.4961985310728092,360,9.408333333333331,0.1319850002093719,0.2046119992883178,0.0482125286979337,,,,2473,0.0088960776384957,0.9696724625960372,0.0040436716538617,0.037114261884904,1.0295037531276063,20580.57072048705,777.4485642865833,-1.2488388601434102e-15,2.69496870376289e-13,0.0,0.0118627181219577,6.0,3.346746044185106,1.0,507.772782738308,0.000461327926965,505.786274133418,40.69025154102588,11.0,7.0
surge_forecast_both,3,500,2455,2408,0.9808553971486762,0.0191446028513238,0.0008146639511201,0.0183299389002036,0.0,155.6502695764532,131.90994476683363,295.61127816482536,153.26010843314896,963.2,16.48380283758303,139.1664667388702,0.4291181398927541,0.0665585881991562,0.5036003351580809,360,8.675,0.1277686109460774,0.2467800004524183,0.045766590389016,,,,2473,0.007278608976951,0.9737161342498988,0.0044480388192478,0.0261627906976744,1.0242940199335548,20681.6830946529,748.0022512830785,-3.179719315460903e-15,2.694598881419192e-13,0.0,0.0167286443221031,8.4,5.20673590570997,0.7619047619047619,454.17834674912456,0.0007229367500086,502.1327394056253,41.18768100867873,4.0,2.0
surge_forecast_both,4,500,2459,2421,0.9845465636437576,0.0154534363562423,0.0016266775111834,0.0138267588450589,0.0,152.63915802854814,126.2162260468449,295.3023835137756,151.11170577473328,968.4,16.757638004843994,135.88152002370416,0.4330187424041129,0.065643327444375,0.5002088814076064,361,8.833795013850416,0.1226337954095291,0.2244999996037217,0.0568291895382628,,,,2473,0.0056611403154063,0.9789729073999192,0.002426202992317,0.0247831474597273,1.0194134655101197,20542.006975638466,520.150911062274,9.072645338202818e-15,2.6354493418926617e-13,0.0,0.0189156635988039,9.6,8.218811232384487,0.8333333333333334,513.8320447969794,0.0011290487439055,507.5158981261967,40.47559308286059,13.0,5.0
surge_forecast_both,5,500,2458,2412,0.9812855980471928,0.0187144019528071,0.0032546786004882,0.0154597233523189,0.0,153.43657371421224,125.95347541792673,298.7257568289476,151.67790676443212,964.8,17.124888874540407,136.31168483967184,0.4386826605293106,0.0654058999523601,0.4948678123592513,360,8.972222222222221,0.127460833148992,0.191145002027043,0.0498533724340175,,,,2473,0.0060655074807925,0.9753336029114436,0.0044480388192478,0.0319237147595356,1.0228026533996684,20513.69108147204,625.2819616072617,6.655354358646409e-15,2.667861325259556e-13,0.0,0.014151847532427,7.2,7.615713355853032,0.7777777777777778,478.39032545888,0.001043627159078,508.7674936789821,40.32036507115291,16.0,6.0
