arm,seed,drivers.num_drivers,pricing.elasticity,requests,completed,completion_rate,cancel_rate,cancel_no_match_rate,cancel_eta_rate,cancel_late_rate,wait_mean_s,wait_p50_s,wait_p90_s,wait_all_mean_s,completed_per_hour,time_to_match_mean_s,pickup_mean_s,driver_idle_frac,driver_enroute_frac,driver_ontrip_frac,batches,batch_riders_mean,solve_ms_mean,solve_ms_p99,decline_rate,shadow_gap_s_per_batch,shadow_gap_frac,shadow_worse_batches_frac,app_opens,priced_out_rate,served_rate,retried_rate,surged_trip_frac,mean_multiplier_paid,revenue_per_hour,surge_revenue_per_hour,eta_error_mean_s,eta_abs_error_mean_s,eta_late_2min_frac,moves_per_driver_hour,reposition_km_per_hour,moves_dispatched_frac,move_planned_mean_s,driver_reposition_frac
no_surge,0,300,0.3,2950,2122,0.7193220338983051,0.28067796610169493,0.22745762711864406,0.05322033898305085,0.0,360.35361786173405,342.1418458529706,559.2282288865395,324.2550796572969,848.8,89.7525918944392,270.60102596729485,0.020104379384566762,0.14613210615391523,0.833763514461518,371,42.14016172506739,0.1431757411969152,0.2373399996940862,0.05096602265156562,,,,2950,0.0,0.7193220338983051,0.0,0.0,1.0,19575.341858186635,0.0,6.613204067512714e-16,2.725560901698056e-13,0.0,0.0,0.0,,,0.0
no_surge,1,300,0.3,2950,2097,0.7108474576271187,0.28915254237288135,0.21864406779661016,0.07050847457627119,0.0,357.42298603056844,338.5201961933476,552.1604879527309,317.3818530544044,838.8,81.08583690987125,276.33714912069723,0.01465421075329982,0.15053435738884713,0.834811431857853,370,39.64594594594595,0.1370978378036926,0.20698400036963,0.04349269588313413,,,,2950,0.0,0.7108474576271187,0.0,0.0,1.0,19325.267650390753,0.0,-1.706048008846974e-15,2.744365430080385e-13,0.0,0.0,0.0,,,0.0
no_surge,2,300,0.3,2950,2073,0.7027118644067797,0.2972881355932203,0.23966101694915254,0.0576271186440678,0.0,371.5832503202164,357.15447118493375,567.9096504452974,330.9959653663051,829.2,94.90303907380608,276.68021124641035,0.014846760624952332,0.1465941922903899,0.8385590470846579,375,42.89333333333333,0.13560373335591672,0.21201999983531994,0.04948177866934136,,,,2950,0.0,0.7027118644067797,0.0,0.0,1.0,19380.615865156004,0.0,5.218530222840099e-16,2.7954098273983013e-13,0.0,0.0,0.0,,,0.0
no_surge,3,300,0.3,2950,2089,0.708135593220339,0.291864406779661,0.23254237288135593,0.059322033898305086,0.0,364.8290147370097,346.4182468749186,558.9360832754088,324.5888998654432,835.6,88.35806606031593,276.4709486766937,0.015869349386573268,0.14982065550397686,0.8343099951094499,372,41.73118279569893,0.13234892474683482,0.22893699989253977,0.051839464882943144,,,,2950,0.0,0.708135593220339,0.0,0.0,1.0,19418.661535687694,0.0,4.852030696801259e-15,2.733106544657693e-13,0.0,0.0,0.0,,,0.0
no_surge,4,300,0.3,2950,2072,0.7023728813559322,0.2976271186440678,0.24813559322033898,0.04949152542372881,0.0,369.561174228724,352.57496009729743,567.6015948064426,331.17715884585283,828.8,94.77702702702703,274.78414720169695,0.020782676821431176,0.14462875388576657,0.8345885692928022,371,43.889487870619945,0.14605229112793547,0.2025199997660821,0.045531770302412504,,,,2950,0.0,0.7023728813559322,0.0,0.0,1.0,19278.703470120665,0.0,-4.560916209270913e-16,2.722386880491654e-13,0.0,0.0,0.0,,,0.0
no_surge,5,300,0.3,2950,2108,0.7145762711864406,0.2854237288135593,0.22101694915254239,0.06440677966101695,0.0,364.81463233271836,347.39071246946787,562.1351843637358,325.39332647249097,843.2,92.22533206831119,272.5893002644072,0.021767652741686634,0.1481754217335807,0.8300569255247325,366,42.53005464480874,0.1459024590220424,0.2535599996463139,0.04902928594932544,,,,2950,0.0,0.7145762711864406,0.0,0.0,1.0,19412.61186006341,0.0,9.552552718900019e-15,2.7564541414731365e-13,0.0,0.0,0.0,,,0.0
no_surge,0,300,0.5,2950,2122,0.7193220338983051,0.28067796610169493,0.22745762711864406,0.05322033898305085,0.0,360.35361786173405,342.1418458529706,559.2282288865395,324.2550796572969,848.8,89.7525918944392,270.60102596729485,0.020104379384566762,0.14613210615391523,0.833763514461518,371,42.14016172506739,0.13677142855932972,0.20781000002898517,0.05096602265156562,,,,2950,0.0,0.7193220338983051,0.0,0.0,1.0,19575.341858186635,0.0,6.613204067512714e-16,2.725560901698056e-13,0.0,0.0,0.0,,,0.0
no_surge,1,300,0.5,2950,2097,0.7108474576271187,0.28915254237288135,0.21864406779661016,0.07050847457627119,0.0,357.42298603056844,338.5201961933476,552.1604879527309,317.3818530544044,838.8,81.08583690987125,276.33714912069723,0.01465421075329982,0.15053435738884713,0.834811431857853,370,39.64594594594595,0.13595000002071075,0.19041499950617438,0.04349269588313413,,,,2950,0.0,0.7108474576271187,0.0,0.0,1.0,19325.267650390753,0.0,-1.706048008846974e-15,2.744365430080385e-13,0.0,0.0,0.0,,,0.0
no_surge,2,300,0.5,2950,2073,0.7027118644067797,0.2972881355932203,0.23966101694915254,0.0576271186440678,0.0,371.5832503202164,357.15447118493375,567.9096504452974,330.9959653663051,829.2,94.90303907380608,276.68021124641035,0.014846760624952332,0.1465941922903899,0.8385590470846579,375,42.89333333333333,0.14361386664192347,0.2455420000842423,0.04948177866934136,,,,2950,0.0,0.7027118644067797,0.0,0.0,1.0,19380.615865156004,0.0,5.218530222840099e-16,2.7954098273983013e-13,0.0,0.0,0.0,,,0.0
no_surge,3,300,0.5,2950,2089,0.708135593220339,0.291864406779661,0.23254237288135593,0.059322033898305086,0.0,364.8290147370097,346.4182468749186,558.9360832754088,324.5888998654432,835.6,88.35806606031593,276.4709486766937,0.015869349386573268,0.14982065550397686,0.8343099951094499,372,41.73118279569893,0.1431389784791522,0.20349000031274048,0.051839464882943144,,,,2950,0.0,0.708135593220339,0.0,0.0,1.0,19418.661535687694,0.0,4.852030696801259e-15,2.733106544657693e-13,0.0,0.0,0.0,,,0.0
no_surge,4,300,0.5,2950,2072,0.7023728813559322,0.2976271186440678,0.24813559322033898,0.04949152542372881,0.0,369.561174228724,352.57496009729743,567.6015948064426,331.17715884585283,828.8,94.77702702702703,274.78414720169695,0.020782676821431176,0.14462875388576657,0.8345885692928022,371,43.889487870619945,0.1423444743897925,0.2299200003108127,0.045531770302412504,,,,2950,0.0,0.7023728813559322,0.0,0.0,1.0,19278.703470120665,0.0,-4.560916209270913e-16,2.722386880491654e-13,0.0,0.0,0.0,,,0.0
no_surge,5,300,0.5,2950,2108,0.7145762711864406,0.2854237288135593,0.22101694915254239,0.06440677966101695,0.0,364.81463233271836,347.39071246946787,562.1351843637358,325.39332647249097,843.2,92.22533206831119,272.5893002644072,0.021767652741686634,0.1481754217335807,0.8300569255247325,366,42.53005464480874,0.1424330600775399,0.2092099994570165,0.04902928594932544,,,,2950,0.0,0.7145762711864406,0.0,0.0,1.0,19412.61186006341,0.0,9.552552718900019e-15,2.7564541414731365e-13,0.0,0.0,0.0,,,0.0
no_surge,0,300,0.8,2950,2122,0.7193220338983051,0.28067796610169493,0.22745762711864406,0.05322033898305085,0.0,360.35361786173405,342.1418458529706,559.2282288865395,324.2550796572969,848.8,89.7525918944392,270.60102596729485,0.020104379384566762,0.14613210615391523,0.833763514461518,371,42.14016172506739,0.1295167116006509,0.22393000035663144,0.05096602265156562,,,,2950,0.0,0.7193220338983051,0.0,0.0,1.0,19575.341858186635,0.0,6.613204067512714e-16,2.725560901698056e-13,0.0,0.0,0.0,,,0.0
no_surge,1,300,0.8,2950,2097,0.7108474576271187,0.28915254237288135,0.21864406779661016,0.07050847457627119,0.0,357.42298603056844,338.5201961933476,552.1604879527309,317.3818530544044,838.8,81.08583690987125,276.33714912069723,0.01465421075329982,0.15053435738884713,0.834811431857853,370,39.64594594594595,0.12374540542254722,0.19246000011662545,0.04349269588313413,,,,2950,0.0,0.7108474576271187,0.0,0.0,1.0,19325.267650390753,0.0,-1.706048008846974e-15,2.744365430080385e-13,0.0,0.0,0.0,,,0.0
no_surge,2,300,0.8,2950,2073,0.7027118644067797,0.2972881355932203,0.23966101694915254,0.0576271186440678,0.0,371.5832503202164,357.15447118493375,567.9096504452974,330.9959653663051,829.2,94.90303907380608,276.68021124641035,0.014846760624952332,0.1465941922903899,0.8385590470846579,375,42.89333333333333,0.13351466671398762,0.23131200006901048,0.04948177866934136,,,,2950,0.0,0.7027118644067797,0.0,0.0,1.0,19380.615865156004,0.0,5.218530222840099e-16,2.7954098273983013e-13,0.0,0.0,0.0,,,0.0
no_surge,3,300,0.8,2950,2089,0.708135593220339,0.291864406779661,0.23254237288135593,0.059322033898305086,0.0,364.8290147370097,346.4182468749186,558.9360832754088,324.5888998654432,835.6,88.35806606031593,276.4709486766937,0.015869349386573268,0.14982065550397686,0.8343099951094499,372,41.73118279569893,0.13982231182067592,0.2176409998992313,0.051839464882943144,,,,2950,0.0,0.708135593220339,0.0,0.0,1.0,19418.661535687694,0.0,4.852030696801259e-15,2.733106544657693e-13,0.0,0.0,0.0,,,0.0
no_surge,4,300,0.8,2950,2072,0.7023728813559322,0.2976271186440678,0.24813559322033898,0.04949152542372881,0.0,369.561174228724,352.57496009729743,567.6015948064426,331.17715884585283,828.8,94.77702702702703,274.78414720169695,0.020782676821431176,0.14462875388576657,0.8345885692928022,371,43.889487870619945,0.13128301886435065,0.22476999993159558,0.045531770302412504,,,,2950,0.0,0.7023728813559322,0.0,0.0,1.0,19278.703470120665,0.0,-4.560916209270913e-16,2.722386880491654e-13,0.0,0.0,0.0,,,0.0
no_surge,5,300,0.8,2950,2108,0.7145762711864406,0.2854237288135593,0.22101694915254239,0.06440677966101695,0.0,364.81463233271836,347.39071246946787,562.1351843637358,325.39332647249097,843.2,92.22533206831119,272.5893002644072,0.021767652741686634,0.1481754217335807,0.8300569255247325,366,42.53005464480874,0.14033360656733257,0.2216899998074953,0.04902928594932544,,,,2950,0.0,0.7145762711864406,0.0,0.0,1.0,19412.61186006341,0.0,9.552552718900019e-15,2.7564541414731365e-13,0.0,0.0,0.0,,,0.0
no_surge,0,400,0.3,2950,2587,0.8769491525423729,0.12305084745762712,0.056610169491525426,0.06644067796610169,0.0,296.7453993332199,287.4178795534781,504.50186326819596,278.5110872990048,1034.8,42.87475840742172,253.8706409257982,0.09355274670554566,0.1413652488775794,0.765082004416875,365,21.813698630136987,0.13373452053600302,0.22656400007690541,0.050682261208576995,,,,2950,0.0,0.8769491525423729,0.0,0.0,1.0,23992.811411341616,0.0,-9.14142274740644e-16,2.8097933720729307e-13,0.0,0.0,0.0,,,0.0
no_surge,1,400,0.3,2950,2578,0.8738983050847458,0.12610169491525425,0.06033898305084746,0.06576271186440678,0.0,284.5939176151609,271.3117448136395,495.16070839056357,267.5614649056887,1031.2,41.32040341349884,243.27351420166204,0.10448390771481401,0.13547902411855223,0.7600370681666337,371,21.059299191374663,0.13637978433122788,0.210389999938343,0.04899216125419933,,,,2950,0.0,0.8738983050847458,0.0,0.0,1.0,23961.63410608343,0.0,-3.794783640841541e-15,2.7538126076519537e-13,0.0,0.0,0.0,,,0.0
no_surge,2,400,0.3,2950,2596,0.88,0.12,0.059661016949152545,0.06033898305084746,0.0,292.7812790769065,274.55643964068213,500.56481303330224,275.19982917967275,1038.4,40.68798151001541,252.0932975668911,0.08563244986951767,0.1410176805325112,0.7733498695979711,368,20.453804347826086,0.13359701087082335,0.2233440000691188,0.047685443390964866,,,,2950,0.0,0.88,0.0,0.0,1.0,24140.943814322014,0.0,-1.5604706364608132e-15,2.832806750687861e-13,0.0,0.0,0.0,,,0.0
no_surge,3,400,0.3,2950,2551,0.8647457627118644,0.1352542372881356,0.06847457627118644,0.06677966101694915,0.0,289.33661272991736,275.4796734632573,500.7516494802803,270.7572950973123,1020.4,40.96354370834967,248.37306902156772,0.10933344600770668,0.13746222919079934,0.753204324801494,368,21.755434782608695,0.13159673910995875,0.19563400040169623,0.04184457728437233,,,,2950,0.0,0.8647457627118644,0.0,0.0,1.0,23634.82973859631,0.0,2.4575054304785854e-15,2.766550001413669e-13,0.0,0.0,0.0,,,0.0
no_surge,4,400,0.3,2950,2545,0.8627118644067797,0.13728813559322034,0.06135593220338983,0.0759322033898305,0.0,293.262918598575,281.6298036744447,506.7008874084033,272.35751619047045,1018.0,42.20432220039293,251.05859639818206,0.09653746477317328,0.137805974098869,0.7656565611279578,366,21.297814207650273,0.1401901639256408,0.22675500008517718,0.05328892589508743,,,,2950,0.0,0.8627118644067797,0.0,0.0,1.0,23905.33220094507,0.0,1.1598231652537931e-15,2.815101131902065e-13,0.0,0.0,0.0,,,0.0
no_surge,5,400,0.3,2950,2559,0.867457627118644,0.13254237288135592,0.062033898305084746,0.07050847457627119,0.0,285.2986001617266,272.85301202986284,489.61994075195344,266.63820099296674,1023.6,39.107854630715124,246.19074553101146,0.10996528447277401,0.13652805613313596,0.75350665939409,366,21.016393442622952,0.13772868852938103,0.22810500004197848,0.049845981517782134,,,,2950,0.0,0.867457627118644,0.0,0.0,1.0,23725.88441171578,0.0,2.9120034940539473e-15,2.7847846906319526e-13,0.0,0.0,0.0,,,0.0
no_surge,0,400,0.5,2950,2587,0.8769491525423729,0.12305084745762712,0.056610169491525426,0.06644067796610169,0.0,296.7453993332199,287.4178795534781,504.50186326819596,278.5110872990048,1034.8,42.87475840742172,253.8706409257982,0.09355274670554566,0.1413652488775794,0.765082004416875,365,21.813698630136987,0.13814109589811654,0.22364399974321728,0.050682261208576995,,,,2950,0.0,0.8769491525423729,0.0,0.0,1.0,23992.811411341616,0.0,-9.14142274740644e-16,2.8097933720729307e-13,0.0,0.0,0.0,,,0.0
no_surge,1,400,0.5,2950,2578,0.8738983050847458,0.12610169491525425,0.06033898305084746,0.06576271186440678,0.0,284.5939176151609,271.3117448136395,495.16070839056357,267.5614649056887,1031.2,41.32040341349884,243.27351420166204,0.10448390771481401,0.13547902411855223,0.7600370681666337,371,21.059299191374663,0.12918328838170687,0.20570999949995902,0.04899216125419933,,,,2950,0.0,0.8738983050847458,0.0,0.0,1.0,23961.63410608343,0.0,-3.794783640841541e-15,2.7538126076519537e-13,0.0,0.0,0.0,,,0.0
no_surge,2,400,0.5,2950,2596,0.88,0.12,0.059661016949152545,0.06033898305084746,0.0,292.7812790769065,274.55643964068213,500.56481303330224,275.19982917967275,1038.4,40.68798151001541,252.0932975668911,0.08563244986951767,0.1410176805325112,0.7733498695979711,368,20.453804347826086,0.13592934780727656,0.2108000000316674,0.047685443390964866,,,,2950,0.0,0.88,0.0,0.0,1.0,24140.943814322014,0.0,-1.5604706364608132e-15,2.832806750687861e-13,0.0,0.0,0.0,,,0.0
no_surge,3,400,0.5,2950,2551,0.8647457627118644,0.1352542372881356,0.06847457627118644,0.06677966101694915,0.0,289.33661272991736,275.4796734632573,500.7516494802803,270.7572950973123,1020.4,40.96354370834967,248.37306902156772,0.10933344600770668,0.13746222919079934,0.753204324801494,368,21.755434782608695,0.13019293473719343,0.20548399953440813,0.04184457728437233,,,,2950,0.0,0.8647457627118644,0.0,0.0,1.0,23634.82973859631,0.0,2.4575054304785854e-15,2.766550001413669e-13,0.0,0.0,0.0,,,0.0
no_surge,4,400,0.5,2950,2545,0.8627118644067797,0.13728813559322034,0.06135593220338983,0.0759322033898305,0.0,293.262918598575,281.6298036744447,506.7008874084033,272.35751619047045,1018.0,42.20432220039293,251.05859639818206,0.09653746477317328,0.137805974098869,0.7656565611279578,366,21.297814207650273,0.13767540984021442,0.20955499971933034,0.05328892589508743,,,,2950,0.0,0.8627118644067797,0.0,0.0,1.0,23905.33220094507,0.0,1.1598231652537931e-15,2.815101131902065e-13,0.0,0.0,0.0,,,0.0
no_surge,5,400,0.5,2950,2559,0.867457627118644,0.13254237288135592,0.062033898305084746,0.07050847457627119,0.0,285.2986001617266,272.85301202986284,489.61994075195344,266.63820099296674,1023.6,39.107854630715124,246.19074553101146,0.10996528447277401,0.13652805613313596,0.75350665939409,366,21.016393442622952,0.12828087429858742,0.21557000040957064,0.049845981517782134,,,,2950,0.0,0.867457627118644,0.0,0.0,1.0,23725.88441171578,0.0,2.9120034940539473e-15,2.7847846906319526e-13,0.0,0.0,0.0,,,0.0
no_surge,0,400,0.8,2950,2587,0.8769491525423729,0.12305084745762712,0.056610169491525426,0.06644067796610169,0.0,296.7453993332199,287.4178795534781,504.50186326819596,278.5110872990048,1034.8,42.87475840742172,253.8706409257982,0.09355274670554566,0.1413652488775794,0.765082004416875,365,21.813698630136987,0.13851643834143082,0.21533599992835664,0.050682261208576995,,,,2950,0.0,0.8769491525423729,0.0,0.0,1.0,23992.811411341616,0.0,-9.14142274740644e-16,2.8097933720729307e-13,0.0,0.0,0.0,,,0.0
no_surge,1,400,0.8,2950,2578,0.8738983050847458,0.12610169491525425,0.06033898305084746,0.06576271186440678,0.0,284.5939176151609,271.3117448136395,495.16070839056357,267.5614649056887,1031.2,41.32040341349884,243.27351420166204,0.10448390771481401,0.13547902411855223,0.7600370681666337,371,21.059299191374663,0.13447061992778958,0.1994199999899138,0.04899216125419933,,,,2950,0.0,0.8738983050847458,0.0,0.0,1.0,23961.63410608343,0.0,-3.794783640841541e-15,2.7538126076519537e-13,0.0,0.0,0.0,,,0.0
no_surge,2,400,0.8,2950,2596,0.88,0.12,0.059661016949152545,0.06033898305084746,0.0,292.7812790769065,274.55643964068213,500.56481303330224,275.19982917967275,1038.4,40.68798151001541,252.0932975668911,0.08563244986951767,0.1410176805325112,0.7733498695979711,368,20.453804347826086,0.13240407610203914,0.21551100045144256,0.047685443390964866,,,,2950,0.0,0.88,0.0,0.0,1.0,24140.943814322014,0.0,-1.5604706364608132e-15,2.832806750687861e-13,0.0,0.0,0.0,,,0.0
no_surge,3,400,0.8,2950,2551,0.8647457627118644,0.1352542372881356,0.06847457627118644,0.06677966101694915,0.0,289.33661272991736,275.4796734632573,500.7516494802803,270.7572950973123,1020.4,40.96354370834967,248.37306902156772,0.10933344600770668,0.13746222919079934,0.753204324801494,368,21.755434782608695,0.13651548914100678,0.20932699962031617,0.04184457728437233,,,,2950,0.0,0.8647457627118644,0.0,0.0,1.0,23634.82973859631,0.0,2.4575054304785854e-15,2.766550001413669e-13,0.0,0.0,0.0,,,0.0
no_surge,4,400,0.8,2950,2545,0.8627118644067797,0.13728813559322034,0.06135593220338983,0.0759322033898305,0.0,293.262918598575,281.6298036744447,506.7008874084033,272.35751619047045,1018.0,42.20432220039293,251.05859639818206,0.09653746477317328,0.137805974098869,0.7656565611279578,366,21.297814207650273,0.13476502732135218,0.19816999983959255,0.05328892589508743,,,,2950,0.0,0.8627118644067797,0.0,0.0,1.0,23905.33220094507,0.0,1.1598231652537931e-15,2.815101131902065e-13,0.0,0.0,0.0,,,0.0
no_surge,5,400,0.8,2950,2559,0.867457627118644,0.13254237288135592,0.062033898305084746,0.07050847457627119,0.0,285.2986001617266,272.85301202986284,489.61994075195344,266.63820099296674,1023.6,39.107854630715124,246.19074553101146,0.10996528447277401,0.13652805613313596,0.75350665939409,366,21.016393442622952,0.13166693989645506,0.22668000042358483,0.049845981517782134,,,,2950,0.0,0.867457627118644,0.0,0.0,1.0,23725.88441171578,0.0,2.9120034940539473e-15,2.7847846906319526e-13,0.0,0.0,0.0,,,0.0
no_surge,0,500,0.3,2950,2788,0.9450847457627118,0.05491525423728814,0.017966101694915255,0.03694915254237288,0.0,211.53340091168084,186.79566925859717,404.7049894240449,206.81807322700263,1115.2,21.800215208034434,189.73318570364643,0.2379911438147552,0.09958525491288199,0.6624236012723628,363,13.804407713498623,0.1477953168177017,0.22680999993099243,0.05123390557939914,,,,2950,0.0,0.9450847457627118,0.0,0.0,1.0,25934.10951142212,0.0,5.204230160159149e-15,2.8004846170408183e-13,0.0,0.0,0.0,,,0.0
no_surge,1,500,0.3,2950,2792,0.9464406779661017,0.05355932203389831,0.012203389830508475,0.04135593220338983,0.0,202.9527907313788,173.31387552375327,395.49003654239243,196.63149395650183,1116.8,20.09025787965616,182.8625328517226,0.23789647406588163,0.09780647658289178,0.6642970493512267,363,12.834710743801653,0.1425192837436063,0.22243799996431332,0.042352306447261935,,,,2950,0.0,0.9464406779661017,0.0,0.0,1.0,26018.681083651067,0.0,1.0085970581482758e-14,2.7889084706072287e-13,0.0,0.0,0.0,,,0.0
no_surge,2,500,0.3,2950,2817,0.9549152542372882,0.04508474576271186,0.01423728813559322,0.030847457627118643,0.0,204.1025526246598,174.29530071135923,392.5996691210836,199.79879605262644,1126.8,20.524671636492723,183.5778809881671,0.22702316136243764,0.09888922047455795,0.6740876181630044,362,12.831491712707182,0.14492928175466216,0.24118200012708252,0.04461166353130879,,,,2950,0.0,0.9549152542372882,0.0,0.0,1.0,26259.75987208759,0.0,-7.509671502563027e-15,2.720360520289257e-13,0.0,0.0,0.0,,,0.0
no_surge,3,500,0.3,2950,2754,0.9335593220338984,0.06644067796610169,0.02440677966101695,0.04203389830508475,0.0,210.23496264764998,177.87840228851792,422.5872154911876,204.491610352917,1101.6,23.77777777777778,186.4571848698722,0.24983407303507796,0.09634410447864757,0.6538218224862744,365,14.758904109589041,0.1424736986224809,0.2206479998858414,0.05338366136424912,,,,2950,0.0,0.9335593220338984,0.0,0.0,1.0,25613.48129800682,0.0,6.6766974423181935e-15,2.75084441629107e-13,0.0,0.0,0.0,,,0.0
no_surge,4,500,0.3,2950,2797,0.948135593220339,0.05186440677966102,0.011864406779661017,0.04,0.0,217.33079307339662,189.00003866814222,427.3567204082657,210.28209216902988,1118.8,23.47836968180193,193.85242339159467,0.23033247030443438,0.10153603353112879,0.6681314961644369,365,13.323287671232876,0.13462876711058278,0.22877199986396599,0.05338645418326693,,,,2950,0.0,0.948135593220339,0.0,0.0,1.0,26168.960080492765,0.0,-4.608993439554882e-15,2.760434791804152e-13,0.0,0.0,0.0,,,0.0
no_surge,5,500,0.3,2950,2779,0.9420338983050848,0.057966101694915256,0.01830508474576271,0.03966101694915254,0.0,203.51624351415697,173.8983003955509,401.0412306703766,197.07817617469973,1111.6,21.811802806765023,181.70444070739194,0.24663168484017,0.09646107338864394,0.6569072417711861,361,13.745152354570637,0.14388587256296767,0.21286000046529785,0.05634178905206943,,,,2950,0.0,0.9420338983050848,0.0,0.0,1.0,25827.51414395049,0.0,-2.1770598598029247e-15,2.758449979569189e-13,0.0,0.0,0.0,,,0.0
no_surge,0,500,0.5,2950,2788,0.9450847457627118,0.05491525423728814,0.017966101694915255,0.03694915254237288,0.0,211.53340091168084,186.79566925859717,404.7049894240449,206.81807322700263,1115.2,21.800215208034434,189.73318570364643,0.2379911438147552,0.09958525491288199,0.6624236012723628,363,13.804407713498623,0.14258126722814785,0.22357999994710545,0.05123390557939914,,,,2950,0.0,0.9450847457627118,0.0,0.0,1.0,25934.10951142212,0.0,5.204230160159149e-15,2.8004846170408183e-13,0.0,0.0,0.0,,,0.0
no_surge,1,500,0.5,2950,2792,0.9464406779661017,0.05355932203389831,0.012203389830508475,0.04135593220338983,0.0,202.9527907313788,173.31387552375327,395.49003654239243,196.63149395650183,1116.8,20.09025787965616,182.8625328517226,0.23789647406588163,0.09780647658289178,0.6642970493512267,363,12.834710743801653,0.14332809918334394,0.2352160000191361,0.042352306447261935,,,,2950,0.0,0.9464406779661017,0.0,0.0,1.0,26018.681083651067,0.0,1.0085970581482758e-14,2.7889084706072287e-13,0.0,0.0,0.0,,,0.0
no_surge,2,500,0.5,2950,2817,0.9549152542372882,0.04508474576271186,0.01423728813559322,0.030847457627118643,0.0,204.1025526246598,174.29530071135923,392.5996691210836,199.79879605262644,1126.8,20.524671636492723,183.5778809881671,0.22702316136243764,0.09888922047455795,0.6740876181630044,362,12.831491712707182,0.13785359115794543,0.23512400004619846,0.04461166353130879,,,,2950,0.0,0.9549152542372882,0.0,0.0,1.0,26259.75987208759,0.0,-7.509671502563027e-15,2.720360520289257e-13,0.0,0.0,0.0,,,0.0
no_surge,3,500,0.5,2950,2754,0.9335593220338984,0.06644067796610169,0.02440677966101695,0.04203389830508475,0.0,210.23496264764998,177.87840228851792,422.5872154911876,204.491610352917,1101.6,23.77777777777778,186.4571848698722,0.24983407303507796,0.09634410447864757,0.6538218224862744,365,14.758904109589041,0.1380923287398804,0.21457200014992853,0.05338366136424912,,,,2950,0.0,0.9335593220338984,0.0,0.0,1.0,25613.48129800682,0.0,6.6766974423181935e-15,2.75084441629107e-13,0.0,0.0,0.0,,,0.0
no_surge,4,500,0.5,2950,2797,0.948135593220339,0.05186440677966102,0.011864406779661017,0.04,0.0,217.33079307339662,189.00003866814222,427.3567204082657,210.28209216902988,1118.8,23.47836968180193,193.85242339159467,0.23033247030443438,0.10153603353112879,0.6681314961644369,365,13.323287671232876,0.149618904073926,0.21658799993019798,0.05338645418326693,,,,2950,0.0,0.948135593220339,0.0,0.0,1.0,26168.960080492765,0.0,-4.608993439554882e-15,2.760434791804152e-13,0.0,0.0,0.0,,,0.0
no_surge,5,500,0.5,2950,2779,0.9420338983050848,0.057966101694915256,0.01830508474576271,0.03966101694915254,0.0,203.51624351415697,173.8983003955509,401.0412306703766,197.07817617469973,1111.6,21.811802806765023,181.70444070739194,0.24663168484017,0.09646107338864394,0.6569072417711861,361,13.745152354570637,0.1407675900179867,0.2255199999126488,0.05634178905206943,,,,2950,0.0,0.9420338983050848,0.0,0.0,1.0,25827.51414395049,0.0,-2.1770598598029247e-15,2.758449979569189e-13,0.0,0.0,0.0,,,0.0
no_surge,0,500,0.8,2950,2788,0.9450847457627118,0.05491525423728814,0.017966101694915255,0.03694915254237288,0.0,211.53340091168084,186.79566925859717,404.7049894240449,206.81807322700263,1115.2,21.800215208034434,189.73318570364643,0.2379911438147552,0.09958525491288199,0.6624236012723628,363,13.804407713498623,0.14704793387157353,0.24855199995727154,0.05123390557939914,,,,2950,0.0,0.9450847457627118,0.0,0.0,1.0,25934.10951142212,0.0,5.204230160159149e-15,2.8004846170408183e-13,0.0,0.0,0.0,,,0.0
no_surge,1,500,0.8,2950,2792,0.9464406779661017,0.05355932203389831,0.012203389830508475,0.04135593220338983,0.0,202.9527907313788,173.31387552375327,395.49003654239243,196.63149395650183,1116.8,20.09025787965616,182.8625328517226,0.23789647406588163,0.09780647658289178,0.6642970493512267,363,12.834710743801653,0.14428292012953609,0.2379539996400126,0.042352306447261935,,,,2950,0.0,0.9464406779661017,0.0,0.0,1.0,26018.681083651067,0.0,1.0085970581482758e-14,2.7889084706072287e-13,0.0,0.0,0.0,,,0.0
no_surge,2,500,0.8,2950,2817,0.9549152542372882,0.04508474576271186,0.01423728813559322,0.030847457627118643,0.0,204.1025526246598,174.29530071135923,392.5996691210836,199.79879605262644,1126.8,20.524671636492723,183.5778809881671,0.22702316136243764,0.09888922047455795,0.6740876181630044,362,12.831491712707182,0.1432947513808735,0.23853099992265908,0.04461166353130879,,,,2950,0.0,0.9549152542372882,0.0,0.0,1.0,26259.75987208759,0.0,-7.509671502563027e-15,2.720360520289257e-13,0.0,0.0,0.0,,,0.0
no_surge,3,500,0.8,2950,2754,0.9335593220338984,0.06644067796610169,0.02440677966101695,0.04203389830508475,0.0,210.23496264764998,177.87840228851792,422.5872154911876,204.491610352917,1101.6,23.77777777777778,186.4571848698722,0.24983407303507796,0.09634410447864757,0.6538218224862744,365,14.758904109589041,0.145036164397188,0.2221560004181811,0.05338366136424912,,,,2950,0.0,0.9335593220338984,0.0,0.0,1.0,25613.48129800682,0.0,6.6766974423181935e-15,2.75084441629107e-13,0.0,0.0,0.0,,,0.0
no_surge,4,500,0.8,2950,2797,0.948135593220339,0.05186440677966102,0.011864406779661017,0.04,0.0,217.33079307339662,189.00003866814222,427.3567204082657,210.28209216902988,1118.8,23.47836968180193,193.85242339159467,0.23033247030443438,0.10153603353112879,0.6681314961644369,365,13.323287671232876,0.1418673972606584,0.22021999986463933,0.05338645418326693,,,,2950,0.0,0.948135593220339,0.0,0.0,1.0,26168.960080492765,0.0,-4.608993439554882e-15,2.760434791804152e-13,0.0,0.0,0.0,,,0.0
no_surge,5,500,0.8,2950,2779,0.9420338983050848,0.057966101694915256,0.01830508474576271,0.03966101694915254,0.0,203.51624351415697,173.8983003955509,401.0412306703766,197.07817617469973,1111.6,21.811802806765023,181.70444070739194,0.24663168484017,0.09646107338864394,0.6569072417711861,361,13.745152354570637,0.1434844875059594,0.23129999990487696,0.05634178905206943,,,,2950,0.0,0.9420338983050848,0.0,0.0,1.0,25827.51414395049,0.0,-2.1770598598029247e-15,2.758449979569189e-13,0.0,0.0,0.0,,,0.0
surge_reactive,0,300,0.3,2608,2052,0.7868098159509203,0.21319018404907975,0.13765337423312884,0.07553680981595091,0.0,350.09603097864954,335.3674926027661,544.3301990415633,316.21686238203034,820.8,63.74904907852834,286.3469819001212,0.026021793821446558,0.16004165122299815,0.8139365549555554,371,28.40431266846361,0.1387773584873148,0.20350000013422692,0.05439892545332438,,,,2950,0.11593220338983051,0.6955932203389831,0.09220338983050848,0.8669590643274854,2.1481481481481484,40327.287539915706,21440.05947631129,5.845010418923241e-15,2.7291835674660727e-13,0.0,0.0,0.0,,,0.0
surge_reactive,1,300,0.3,2603,2049,0.787168651555897,0.21283134844410295,0.1425278524779101,0.07030349596619286,0.0,338.24369772374683,326.2675923157676,531.9087305196739,308.21182657947054,819.6,62.47733276136299,275.7663649623839,0.027723724872655408,0.15517853103636567,0.8170977440909789,370,27.986486486486488,0.1332567567678288,0.21493599992936652,0.05045716220792414,,,,2950,0.1176271186440678,0.6945762711864407,0.10135593220338983,0.8530990727183992,2.1168862859931674,40254.1556110915,21090.836435424793,7.939422125538064e-15,2.7002184448054583e-13,0.0,0.0,0.0,,,0.0
surge_reactive,2,300,0.3,2576,1996,0.7748447204968945,0.2251552795031056,0.14673913043478262,0.07841614906832298,0.0,356.6563249667234,341.81795051104746,558.9996211061512,319.8560011629347,798.4,67.00951394386954,289.64681102285385,0.021941012892108144,0.15959656228115732,0.8184624248267345,383,27.509138381201044,0.1316527415467762,0.22781399973609953,0.05102040816326531,,,,2950,0.12677966101694915,0.6766101694915254,0.09457627118644067,0.9233466933867736,2.2451152304609217,41611.962704559075,22799.899736530537,1.3571864629686283e-15,2.770022020710652e-13,0.0,0.0,0.0,,,0.0
surge_reactive,3,300,0.3,2600,2046,0.786923076923077,0.21307692307692308,0.14961538461538462,0.06346153846153846,0.0,346.0724187973671,328.9619787699244,548.5639530606343,314.1500940775402,818.4,66.13131169959493,279.94110709777215,0.027213842618106217,0.15726843221691453,0.8155177251649793,375,28.282666666666668,0.12372986667226844,0.200301999993826,0.048989379924631725,,,,2950,0.11864406779661017,0.6935593220338983,0.10271186440677967,0.8509286412512219,2.1363636363636362,40571.22436967508,21476.414429071992,1.4534696895600973e-14,2.745634717735946e-13,0.0,0.0,0.0,,,0.0
surge_reactive,4,300,0.3,2559,2008,0.7846815162172723,0.21531848378272764,0.15123094958968347,0.06408753419304415,0.0,355.4947788952477,339.97226120785854,543.4432996018144,322.6272579196432,803.2,72.25866390548383,283.2361149897638,0.026264454119545984,0.1550668869322104,0.8186686589482437,370,29.45945945945946,0.13724189188537453,0.21100999984810187,0.047980669658267174,,,,2950,0.13254237288135592,0.680677966101695,0.10711864406779661,0.899402390438247,2.200323705179283,41042.08113295841,22164.4877424267,8.237766378732636e-15,2.7598994360363057e-13,0.0,0.0,0.0,,,0.0
surge_reactive,5,300,0.3,2582,2042,0.790859798605732,0.209140201394268,0.12780790085205268,0.08133230054221534,0.0,356.2623522687611,342.44654091279654,543.5730189013083,320.00892809855486,816.8,65.56972528419159,290.6926269845696,0.026834690045412425,0.16287661523326327,0.8102886947213243,370,27.494594594594595,0.1284356756882885,0.21360600048865308,0.04403361344537815,,,,2950,0.12474576271186441,0.6922033898305084,0.10983050847457627,0.8707149853085211,2.1949069539666994,41049.48982381176,22160.866988712478,-6.624801915011071e-15,2.8210886668391937e-13,0.0,0.0,0.0,,,0.0
surge_reactive,0,300,0.5,2404,2014,0.8377703826955075,0.1622296173044925,0.08402662229617304,0.07820299500831947,0.0,323.6242799421983,310.8066252254134,530.0354031589972,295.5626292425248,805.6,47.926511738449456,275.69776820374886,0.039856679469297406,0.158291363145813,0.8018519573848897,373,20.469168900804288,0.12227935654595906,0.20213599978887925,0.05084163517691515,,,,2950,0.18508474576271186,0.6827118644067797,0.14135593220338982,0.8058589870903674,2.0429493545183712,37717.30875236462,19097.11675674145,-7.841019018008058e-15,2.785987263462548e-13,0.0,0.0,0.0,,,0.0
surge_reactive,1,300,0.5,2399,1985,0.8274280950395998,0.17257190496040017,0.08128386827844936,0.09128803668195082,0.0,321.96631602821657,307.45751335027444,517.7648495243455,291.67597789082134,794.0,45.37374496016535,276.5925710680512,0.0355674589466052,0.15869522867105018,0.8057373123823446,372,19.661290322580644,0.13159112902314363,0.23178099979304553,0.04506363949088407,,,,2950,0.18677966101694915,0.6728813559322034,0.14983050847457627,0.8080604534005038,1.9957178841309824,37278.10149165335,18468.101236555984,2.105676394513244e-15,2.717414314838492e-13,0.0,0.0,0.0,,,0.0
surge_reactive,2,300,0.5,2342,1967,0.8398804440649018,0.16011955593509822,0.07643040136635354,0.08368915456874466,0.0,324.85012445273424,313.2997488729661,518.5927565364636,297.1219699137581,786.8,44.3435998114572,280.506524641277,0.03603156399914018,0.16128770658549657,0.8026807294153633,369,19.013550135501355,0.11892737129676427,0.2298600001086015,0.054657958061189414,,,,2950,0.20610169491525424,0.6667796610169492,0.13898305084745763,0.8617183528215556,2.07244534824606,37048.17391725412,18806.193221738195,-6.052436978983467e-15,2.7359688259517024e-13,0.0,0.0,0.0,,,0.0
surge_reactive,3,300,0.5,2401,2015,0.8392336526447314,0.16076634735526865,0.08413161182840483,0.07663473552686381,0.0,318.55566352037806,304.00764333374036,520.5706479612883,293.05000984501754,806.0,46.34529032083648,272.2103731995415,0.04072318911768398,0.15783257909638687,0.8014442317859292,377,19.787798408488065,0.1284602122103299,0.17983599973376843,0.04733932273669662,,,,2950,0.18610169491525425,0.6830508474576271,0.14508474576271185,0.8059553349875931,2.0132754342431762,37668.23217792439,18851.538584620946,-2.8199664825478975e-15,2.716910787883424e-13,0.0,0.0,0.0,,,0.0
surge_reactive,4,300,0.5,2372,1970,0.8305227655986509,0.16947723440134907,0.09654300168634064,0.07293423271500843,0.0,336.4067664018511,323.28563720816055,527.5860523820168,307.7440356594738,788.0,53.559159064173876,282.8476073376772,0.03888643683407931,0.15745857449693015,0.8036549886689905,368,21.42391304347826,0.12537010870949455,0.2134469998691201,0.05146036161335188,,,,2950,0.1959322033898305,0.6677966101694915,0.1535593220338983,0.8345177664974619,2.070939086294416,37594.484412367376,19171.53705368873,4.804278802195195e-15,2.7941461890980364e-13,0.0,0.0,0.0,,,0.0
surge_reactive,5,300,0.5,2379,1988,0.835645229087852,0.16435477091214795,0.07313997477931904,0.09121479613282892,0.0,329.1620538774769,319.28535875768193,526.0487856378843,298.88971471537127,795.2,45.69940876363347,283.46264511384345,0.04025500555862114,0.16260877007825553,0.7971362243631234,370,19.518918918918917,0.1262118918930355,0.2000259998931142,0.04812286689419795,,,,2950,0.1935593220338983,0.6738983050847458,0.1528813559322034,0.8194164989939637,2.0430080482897384,37498.4418641638,18947.722764799793,1.3097504301775086e-14,2.7437207435609645e-13,0.0,0.0,0.0,,,0.0
surge_reactive,0,300,0.8,2213,1963,0.8870311793944872,0.11296882060551287,0.03750564844103028,0.0754631721644826,0.0,285.08689392429125,261.2236310768176,480.8554091877024,265.3678055747902,785.2,30.817851573681303,254.26904235061,0.05522417185624989,0.1529449377440678,0.7918308903996822,364,14.024725274725276,0.12758818681484646,0.1994139995531441,0.05120056497175141,,,,2950,0.24983050847457627,0.6654237288135593,0.17661016949152541,0.7274579724910851,1.7557310239429444,31844.22547299647,13683.549950706883,-4.883850159064265e-15,2.6841991582955704e-13,0.0,0.0,0.0,,,0.0
surge_reactive,1,300,0.8,2198,1953,0.8885350318471338,0.11146496815286625,0.03958143767060965,0.0718835304822566,0.0,280.0763594619013,260.5243193116057,470.2918866465767,262.11797033184814,781.2,28.789838107147894,251.28652135475343,0.05976202744353347,0.15165864080495883,0.7885793317515077,370,13.272972972972973,0.11776837839263592,0.19139800038828989,0.05154639175257732,,,,2950,0.2549152542372881,0.6620338983050847,0.1857627118644068,0.7168458781362007,1.752432155657962,32102.06361107902,13665.64273480174,8.07501076302889e-15,2.6899299764357853e-13,0.0,0.0,0.0,,,0.0
surge_reactive,2,300,0.8,2169,1909,0.880129091747349,0.119870908252651,0.04426002766251729,0.0756108805901337,0.0,284.5246226045166,266.1607459421775,481.5041454769479,265.76234938667113,763.6,28.744002000707525,255.7806206038091,0.06075913084242704,0.1525484001966342,0.7866924689609387,375,13.112,0.1257362666534997,0.19047199999477013,0.05021520803443329,,,,2950,0.2647457627118644,0.6471186440677966,0.168135593220339,0.7375589313776847,1.8190151911995809,32101.13855996206,14114.980425925145,1.3000252175621215e-14,2.7054500889738326e-13,0.0,0.0,0.0,,,0.0
surge_reactive,3,300,0.8,2209,1977,0.8949751018560435,0.10502489814395655,0.040289723856948845,0.0647351742870077,0.0,271.51794724109135,254.25872057645392,462.3303166871467,256.5020706818918,790.8,25.324195300751317,246.19375194033995,0.05907558298633844,0.15074794413247145,0.7901764728811901,368,12.978260869565217,0.12393831520571637,0.18819699998857684,0.044754744002864305,,,,2950,0.2511864406779661,0.6701694915254237,0.18440677966101696,0.7400101163378857,1.7625189681335356,32409.14540219141,14092.995260248415,-6.7206960504838065e-15,2.7021486268122465e-13,0.0,0.0,0.0,,,0.0
surge_reactive,4,300,0.8,2156,1923,0.8919294990723562,0.10807050092764378,0.037569573283859,0.07050092764378478,0.0,300.41513509655255,285.8522106604669,498.80241099507856,280.63360728680976,769.2,33.40209910249386,267.01303599405867,0.05756236421035317,0.15580167525993233,0.7866359605297144,371,13.450134770889488,0.12842695415910363,0.20259999937479745,0.0446685878962536,,,,2950,0.26915254237288133,0.6518644067796611,0.19728813559322034,0.7550702028081123,1.9087363494539782,33581.20828964322,15572.499000485801,5.039477242510695e-15,2.7636851610021053e-13,0.0,0.0,0.0,,,0.0
surge_reactive,5,300,0.8,2181,1941,0.889958734525447,0.11004126547455295,0.03897294818890417,0.07106831728564879,0.0,287.63796578717506,273.98839487691794,484.9960363363243,269.67585918177383,776.4,28.047311816245934,259.59065397092917,0.05478781047943235,0.1557224584154965,0.7894897311050713,366,13.568306010928962,0.12263497268815896,0.22561500013580377,0.04503216583273767,,,,2950,0.2606779661016949,0.6579661016949152,0.18305084745762712,0.7150953116950026,1.7775631117980422,32135.12653034773,13942.615202218269,-4.303158093178762e-15,2.701416856538722e-13,0.0,0.0,0.0,,,0.0
surge_reactive,0,400,0.3,2759,2528,0.9162740123233055,0.08372598767669445,0.02464661109097499,0.05907937658571946,0.0,259.9636834530249,240.38827586557363,468.5206062554169,246.98489841892527,1011.2,27.159074842267867,232.80460861075704,0.11384244465780946,0.13401956649181157,0.7521379888503791,369,14.739837398373984,0.13581355015443117,0.2236039999843342,0.052571428571428575,,,,2950,0.06474576271186441,0.8569491525423729,0.05016949152542373,0.5502373417721519,1.5601265822784811,36644.47969575227,13247.905832499022,1.1141755591273821e-16,2.735918471381071e-13,0.0,0.0,0.0,,,0.0
surge_reactive,1,400,0.3,2763,2525,0.913861744480637,0.08613825551936301,0.029315960912052116,0.05682229460731089,0.0,253.94151795069587,237.25570788347795,450.94204907985164,241.55719815374547,1010.0,25.549670669004648,228.3918472816912,0.1165901138767791,0.1318038271917695,0.7516060589314514,367,14.416893732970028,0.12279727524071497,0.19271600034699057,0.05116412762288014,,,,2950,0.06338983050847458,0.8559322033898306,0.06135593220338983,0.5334653465346535,1.5616831683168317,37083.644741310585,13478.542849129342,2.1329472841412413e-16,2.773903878871559e-13,0.0,0.0,0.0,,,0.0
surge_reactive,2,400,0.3,2750,2518,0.9156363636363636,0.08436363636363636,0.030545454545454546,0.05381818181818182,0.0,255.94759975202007,238.47102617138535,450.3430598881874,243.82219943812643,1007.2,25.79830291367721,230.14929683834288,0.11399939970909405,0.13255896332967404,0.753441636961232,368,14.22554347826087,0.13169483697864684,0.19591399945056756,0.05028735632183908,,,,2950,0.06779661016949153,0.8535593220338983,0.0464406779661017,0.5405083399523432,1.5456711675933281,35905.31014927116,12539.604633814943,2.8071711401433613e-15,2.7424197411253404e-13,0.0,0.0,0.0,,,0.0
surge_reactive,3,400,0.3,2755,2477,0.899092558983666,0.10090744101633393,0.041379310344827586,0.05952813067150635,0.0,258.68592412318503,239.74491906366075,460.37790922029893,245.7876019635096,990.8,27.860788566559023,230.82513555662604,0.1310786328174893,0.13085853232447606,0.7380628348580347,368,15.98913043478261,0.1416823369743764,0.2002950005680759,0.04686584651435267,,,,2950,0.06610169491525424,0.8396610169491525,0.06508474576271187,0.5365361324182479,1.5955793298344771,37148.23571297463,14069.650290300324,-2.8278191702311568e-15,2.724248405025158e-13,0.0,0.0,0.0,,,0.0
surge_reactive,4,400,0.3,2715,2500,0.9208103130755064,0.07918968692449356,0.022099447513812154,0.0570902394106814,0.0,259.12234566449445,240.5570602577768,461.1744081025251,245.80897697445133,1000.0,26.782459509039157,232.33988615545528,0.1143595623598658,0.13337438821680053,0.7522660494233336,365,13.876712328767123,0.13927397261770785,0.22177599996211947,0.04987027961948688,,,,2950,0.07966101694915254,0.847457627118644,0.05898305084745763,0.5464,1.5857,37166.239022909875,13769.029698888855,2.8050006761759505e-15,2.6880626613490223e-13,0.0,0.0,0.0,,,0.0
surge_reactive,5,400,0.3,2760,2482,0.8992753623188405,0.10072463768115943,0.03152173913043478,0.06920289855072463,0.0,254.79913662444685,238.56093429369957,451.13115471907827,240.05247177071954,992.8,26.40061084559907,228.39852577884778,0.12894962904754395,0.12987549928757797,0.741174871664878,366,15.09016393442623,0.14163524590296586,0.23150999995777977,0.052298850574712646,,,,2950,0.06440677966101695,0.8413559322033898,0.057966101694915256,0.5253827558420628,1.5587228041901693,35896.30991572958,12825.194811843654,6.815123270984674e-15,2.78052538465374e-13,0.0,0.0,0.0,,,0.0
surge_reactive,0,400,0.5,2675,2488,0.9300934579439253,0.06990654205607477,0.021682242990654205,0.04822429906542056,0.0,240.88317869007895,222.24252615001342,427.22204250284136,231.0092411863717,995.2,23.03497240560167,217.84820628447724,0.12962013499404235,0.1264174701086913,0.7439623948972663,365,13.219178082191782,0.1343580821811298,0.21628800004691598,0.04816446402349486,,,,2950,0.09322033898305085,0.8433898305084746,0.06779661016949153,0.4734726688102894,1.4327773311897105,33046.09771268019,9984.21341994004,4.6064438437321105e-15,2.7273440740553957e-13,0.0,0.0,0.0,,,0.0
surge_reactive,1,400,0.5,2685,2498,0.9303538175046555,0.0696461824953445,0.023836126629422718,0.04581005586592179,0.0,236.4318050404437,217.9639109078812,427.44933585927186,227.95346332595395,999.2,22.267939391675938,214.1638656487677,0.13107131071178402,0.12553596384095855,0.7433927254472574,367,13.032697547683924,0.14224386919344228,0.22336800037010107,0.04819277108433735,,,,2950,0.08983050847457627,0.8467796610169491,0.07796610169491526,0.4615692554043235,1.4197357886309048,33037.696117532774,9828.48302670641,1.3607120945525938e-15,2.7040126209655897e-13,0.0,0.0,0.0,,,0.0
surge_reactive,2,400,0.5,2669,2499,0.9363057324840764,0.06369426751592357,0.018733608092918696,0.04496065942300487,0.0,239.2055098266058,222.32022733914891,421.1342396213209,230.26657791368993,999.6,22.092319088680505,217.11319073792524,0.12298380990199834,0.12772885674448797,0.7492873333535136,376,12.164893617021276,0.12125851064188573,0.22724999985257455,0.0476468868751827,,,,2950,0.09525423728813559,0.8471186440677966,0.06440677966101695,0.48579431772709086,1.4174669867947178,32769.75384987113,9531.50579583967,7.436095223638818e-15,2.742869734638984e-13,0.0,0.0,0.0,,,0.0
surge_reactive,3,400,0.5,2639,2441,0.9249715801439939,0.07502841985600606,0.02614626752557787,0.04888215233042819,0.0,246.1950877562389,226.1313489838276,445.44349208454696,236.24915326781942,976.4,23.168680469780153,223.02640728645878,0.1364984593471002,0.1277414957453386,0.7357600449075612,368,13.380434782608695,0.13941141305721153,0.22083299957557756,0.04703415218693829,,,,2950,0.10542372881355933,0.827457627118644,0.08610169491525424,0.49815649324047523,1.5020483408439165,34579.566415128225,11634.105061229948,-5.348946284762046e-15,2.7216296493110353e-13,0.0,0.0,0.0,,,0.0
surge_reactive,4,400,0.5,2612,2434,0.9318529862174579,0.0681470137825421,0.016079632465543645,0.05206738131699847,0.0,237.98447951342098,216.33202761108373,432.099380268664,227.68875148503852,973.6,23.424239583446244,214.56023992997476,0.13602556425242554,0.12348493913549327,0.7404894966120812,361,12.390581717451523,0.13749445981244168,0.21056000005046346,0.046926046926046926,,,,2950,0.11457627118644068,0.8250847457627118,0.08237288135593221,0.48808545603944126,1.461380443714051,33135.69655347445,10368.621888867381,2.0878487471720335e-15,2.769759679530841e-13,0.0,0.0,0.0,,,0.0
surge_reactive,5,400,0.5,2671,2474,0.9262448521153126,0.07375514788468739,0.02134032197678772,0.05241482590789966,0.0,240.35258023806736,222.92432698983475,429.3951933736468,230.3481740126875,989.6,21.994925927808925,218.35765431025845,0.13462456161913477,0.12661357066974976,0.7387618677111155,364,13.024725274725276,0.13974587913363284,0.23119499989661565,0.050425095279976545,,,,2950,0.09457627118644067,0.8386440677966102,0.07525423728813559,0.47453516572352467,1.4377526273241714,33032.809534524175,9987.037797344758,-6.027694287293898e-16,2.7651320557795077e-13,0.0,0.0,0.0,,,0.0
surge_reactive,0,400,0.8,2584,2446,0.9465944272445821,0.053405572755417956,0.014705882352941176,0.03869969040247678,0.0,225.20623065189605,204.52909012772443,407.72503078507975,218.37081921496574,978.4,20.63267166039948,204.57355899149653,0.14547974940780425,0.11970040742398023,0.7348198431682155,365,11.98082191780822,0.1273846575340068,0.19867199993314,0.05037481259370315,,,,2950,0.12406779661016949,0.8291525423728814,0.08508474576271187,0.401471790678659,1.311529026982829,29739.63347039557,7044.175256762741,1.0941778962848052e-14,2.728391238748532e-13,0.0,0.0,0.0,,,0.0
surge_reactive,1,400,0.8,2606,2471,0.9481964696853415,0.05180353031465848,0.01650038372985418,0.035303146584804296,0.0,221.56596399848036,197.8516908754491,406.3900793299608,216.0269006207043,988.4,21.44017716081137,200.125786837669,0.1393395910190594,0.1192864201804969,0.7413739888004437,361,12.121883656509695,0.13723351803794148,0.20834000024478852,0.048758600059826504,,,,2950,0.11661016949152542,0.8376271186440678,0.09118644067796611,0.3597733711048159,1.2708417644678267,29468.23689459936,6441.427723200651,5.605839997427419e-15,2.7330087471428176e-13,0.0,0.0,0.0,,,0.0
surge_reactive,2,400,0.8,2603,2473,0.9500576258163658,0.049942374183634265,0.017287744909719554,0.032654629273914715,0.0,225.91435675584307,205.5571216787066,406.4931324117645,220.01009976344255,989.2,20.553179021110292,205.36117773473276,0.1294368745175778,0.12270701508073001,0.7478561104016922,368,11.565217391304348,0.13136086952321738,0.22268500009886316,0.05250667457727677,,,,2950,0.1176271186440678,0.8383050847457627,0.07389830508474576,0.42620299231702385,1.295996765062677,29833.769675903197,6678.971056459564,8.614711137013584e-15,2.7330193641296897e-13,0.0,0.0,0.0,,,0.0
surge_reactive,3,400,0.8,2581,2431,0.9418829910887253,0.0581170089112747,0.02092212320805889,0.03719488570321581,0.0,230.62944935117466,209.61439443614654,419.0464922622323,223.42151810831095,972.4,21.259891856262982,209.3695574949117,0.147469369958889,0.12216810768465021,0.7303625223564607,363,12.245179063360881,0.1313622589489471,0.2167939998798829,0.046242774566473986,,,,2950,0.12508474576271186,0.8240677966101695,0.1,0.3936651583710407,1.3383381324557795,30547.156516485684,7822.767628204264,2.307354910454002e-15,2.7848078977882235e-13,0.0,0.0,0.0,,,0.0
surge_reactive,4,400,0.8,2578,2444,0.948021722265322,0.051978277734678044,0.010861132660977503,0.041117145073700546,0.0,220.1182096072692,195.75203340846747,401.3912856430416,212.63248923655433,977.6,19.85485417112927,200.26335543613996,0.14580104646510883,0.11785832903739397,0.7363406244974972,363,11.024793388429751,0.1289410468118309,0.1889819996904407,0.04413089162413689,,,,2950,0.12610169491525425,0.8284745762711865,0.09220338983050848,0.4026186579378069,1.2992021276595744,29225.278782144305,6490.5444436732,1.5703795783299622e-14,2.684358009560919e-13,0.0,0.0,0.0,,,0.0
surge_reactive,5,400,0.8,2598,2430,0.9353348729792148,0.06466512702078522,0.01770592763664357,0.04695919938414165,0.0,225.0317247789664,203.78228601918045,409.26047567117996,217.00708553749075,972.0,20.79415607013268,204.23756870883372,0.145380570620571,0.11905565813297124,0.7355637712464578,366,12.092896174863387,0.13776147542075656,0.22489000020868868,0.04881701108116202,,,,2950,0.11932203389830509,0.823728813559322,0.08542372881355932,0.36502057613168726,1.2910493827160494,29660.344155660317,6750.649051308623,-3.1798980458399545e-15,2.7406700594392793e-13,0.0,0.0,0.0,,,0.0
surge_reactive,0,500,0.3,2859,2734,0.956278419027632,0.04372158097236796,0.013641133263378805,0.030080447708989155,0.0,197.49328381520579,168.85458224102968,384.344892258892,194.10213081500467,1093.6,20.65914378675285,176.83414002845296,0.25626380768936924,0.09276028528876648,0.6509759070218644,361,12.76454293628809,0.1418396121712211,0.23750000000291024,0.052083333333333336,,,,2950,0.030847457627118643,0.9267796610169492,0.02305084745762712,0.25603511338697876,1.2132406730065837,31306.511301292794,5826.979165820141,-2.35522403823096e-15,2.738716755614439e-13,0.0,0.0,0.0,,,0.0
surge_reactive,1,500,0.3,2887,2763,0.9570488396259093,0.042951160374090754,0.012123311395912712,0.03082784897817804,0.0,193.24056886021935,164.36870772965858,375.3696552294301,189.02351058548086,1105.2,19.37885684767962,173.86171201253978,0.2447686791364088,0.09373063304947826,0.661500687814113,361,12.321329639889196,0.15113518008026033,0.24988000004668703,0.0433589462129528,,,,2950,0.02135593220338983,0.9366101694915254,0.02,0.18820123054650742,1.1596091205211727,30278.687606255196,4434.353038592937,3.57075530522311e-15,2.7459198706206813e-13,0.0,0.0,0.0,,,0.0
surge_reactive,2,500,0.3,2894,2779,0.960262612301313,0.03973738769868694,0.012093987560469938,0.027643400138217002,0.0,189.57243268674384,160.20474230070522,370.29771545816754,186.22545525358203,1111.6,18.715229121768886,170.85720356497495,0.2405474991680603,0.0933160656279084,0.6661364352040312,367,11.839237057220709,0.14613297003485823,0.2614839997477247,0.04754142895952187,,,,2950,0.018983050847457626,0.9420338983050848,0.01288135593220339,0.1835192515293271,1.1406980928391508,29611.698632363346,3793.3946037344517,8.312849828750556e-15,2.7259434963577193e-13,0.0,0.0,0.0,,,0.0
surge_reactive,3,500,0.3,2881,2736,0.9496702533842416,0.05032974661575842,0.017007983339118363,0.033321763276640055,0.0,195.62139580527042,164.2782115245045,385.4713310466559,191.5972444972711,1094.4,21.455362016320038,174.16603378895044,0.2594380052350476,0.09163634927219427,0.6489256454927581,361,13.454293628808864,0.15101911359625997,0.24138000026141487,0.04939626783754116,,,,2950,0.023389830508474575,0.9274576271186441,0.025084745762711864,0.22989766081871346,1.1948099415204678,30663.46906978638,5245.661128978062,-5.318641888181429e-15,2.73605902391889e-13,0.0,0.0,0.0,,,0.0
surge_reactive,4,500,0.3,2868,2760,0.9623430962343096,0.03765690376569038,0.00697350069735007,0.030683403068340307,0.0,198.76169253433233,167.1921117988877,394.7512821657133,194.05966794008722,1104.0,20.160812419242333,178.60088011509,0.24432553888118194,0.09545728934727858,0.6602171717715395,364,11.903846153846153,0.14577445048976537,0.23863800025537793,0.04817637452367991,,,,2950,0.027796610169491524,0.9355932203389831,0.02406779661016949,0.2246376811594203,1.2003623188405796,31205.0560872382,5472.855977914174,5.029430977967679e-15,2.802965186846527e-13,0.0,0.0,0.0,,,0.0
surge_reactive,5,500,0.3,2892,2751,0.9512448132780082,0.0487551867219917,0.012793914246196404,0.035961272475795295,0.0,193.13362309105565,165.454825643023,374.06847354721367,187.94996887712074,1100.4,19.84878785559524,173.2848352354604,0.25526346806499145,0.09301289875468574,0.6517236331803228,360,12.608333333333333,0.1468033333190356,0.20594299983713432,0.05621621621621622,,,,2950,0.01966101694915254,0.9325423728813559,0.018983050847457626,0.2108324245728826,1.1713922210105416,30088.910175475077,4554.695733833464,-3.1726307836380244e-15,2.69688468011379e-13,0.0,0.0,0.0,,,0.0
surge_reactive,0,500,0.5,2836,2730,0.96262341325811,0.03737658674188998,0.009873060648801129,0.027503526093088856,0.0,189.84622625133775,161.01706331458217,363.7177988853492,186.22199244774356,1092.0,19.802789519613267,170.04343673172448,0.2577591675923649,0.09020318697470467,0.6520376454329304,362,11.988950276243093,0.1369864640809941,0.2220240003407525,0.04885454043610268,,,,2950,0.03864406779661017,0.9254237288135593,0.026779661016949154,0.2076923076923077,1.1514652014652014,29646.721340169606,4214.824506589719,-2.2368350558043036e-15,2.7446604207951636e-13,0.0,0.0,0.0,,,0.0
surge_reactive,1,500,0.5,2867,2745,0.9574468085106383,0.0425531914893617,0.010812696198116497,0.0317404952912452,0.0,187.0001509575761,159.48870207548453,364.76341426587857,183.4456841930176,1098.0,17.906317369241936,169.09383358833418,0.2508644129303018,0.09157600656095881,0.6575595805087394,362,11.953038674033149,0.14101325962892286,0.21989200056850675,0.04591696453120704,,,,2950,0.028135593220338984,0.9305084745762712,0.026440677966101694,0.14899817850637523,1.1102914389799636,28704.801260505443,3046.6888346628407,4.669367503459005e-15,2.7611141464691247e-13,0.0,0.0,0.0,,,0.0
surge_reactive,2,500,0.5,2866,2769,0.9661549197487788,0.03384508025122122,0.011863224005582694,0.02198185624563852,0.0,183.02045782591097,156.6000362341092,350.41439093699825,180.51073606379524,1107.6,18.366560764453293,164.65389706145766,0.24546770720536448,0.09055962511761996,0.6639726676770156,367,11.55858310626703,0.14277084468809503,0.22016999995685183,0.04789272030651341,,,,2950,0.02847457627118644,0.9386440677966101,0.01728813559322034,0.1607078367641748,1.1150234741784038,28843.792336071107,3101.6953127674424,4.900778631272404e-16,2.753025527140768e-13,0.0,0.0,0.0,,,0.0
surge_reactive,3,500,0.5,2838,2717,0.9573643410852714,0.04263565891472868,0.013742071881606765,0.028893587033121917,0.0,191.2540078995791,163.14484958008234,369.8938244950739,187.91381454920125,1086.8,20.06072112541241,171.19328677416667,0.26337700452204055,0.08987802965745922,0.6467449658205002,361,12.645429362880886,0.13893988922224967,0.23594000012963068,0.048807542983915694,,,,2950,0.03796610169491525,0.9210169491525424,0.03457627118644068,0.19911667280088333,1.1563305115936695,29549.141507361037,4216.146784465321,6.899564140889131e-16,2.7499799354214077e-13,0.0,0.0,0.0,,,0.0
surge_reactive,4,500,0.5,2836,2733,0.9636812411847673,0.03631875881523272,0.007052186177715092,0.02926657263751763,0.0,191.59866669922553,161.98846854991098,371.5681061376728,187.33345122016786,1093.2,19.498272018683878,172.10039468054165,0.2541516969668901,0.09194630303803901,0.6539019999950709,362,11.62707182320442,0.1382254143671423,0.24965299982795824,0.054570259208731244,,,,2950,0.03864406779661017,0.9264406779661017,0.031864406779661014,0.1906330040248811,1.1537687522868643,29510.505396126675,4071.683895129527,-3.5886649183465406e-15,2.7687520122282607e-13,0.0,0.0,0.0,,,0.0
surge_reactive,5,500,0.5,2860,2731,0.9548951048951049,0.045104895104895106,0.011888111888111888,0.033216783216783216,0.0,185.16120359729345,159.54097355307886,356.48008931598815,180.68793772698749,1092.4,18.719992213838005,166.44121138345548,0.2612370181703501,0.08977302318892219,0.6489899586407277,360,12.075,0.13881722223535084,0.22044599961191128,0.05717397222978492,,,,2950,0.030508474576271188,0.9257627118644067,0.025084745762711864,0.17868912486268765,1.1440864152325156,29202.15693558777,3822.101904674438,3.0006511129121954e-15,2.7543824253832225e-13,0.0,0.0,0.0,,,0.0
surge_reactive,0,500,0.8,2811,2727,0.9701173959445037,0.029882604055496264,0.0064034151547491995,0.023479188900747065,0.0,183.22139049615802,156.0762320243566,351.3524197616669,180.3424427370083,1090.8,18.119616332926014,165.10177416323202,0.26058206330094075,0.08873105244525066,0.6506868842538086,361,11.304709141274238,0.14148393356134223,0.22008000032656122,0.04667963323145318,,,,2950,0.04711864406779661,0.9244067796610169,0.03152542372881356,0.16795012834616796,1.1081774844151082,28169.534120891196,2841.228027113973,3.713649198285035e-15,2.7232932121729925e-13,0.0,0.0,0.0,,,0.0
surge_reactive,1,500,0.8,2840,2745,0.9665492957746479,0.03345070422535211,0.008450704225352112,0.025,0.0,183.90632173128418,158.0833854792154,353.0741502423778,181.23033147344552,1098.0,17.690045567742136,166.21627616354203,0.25185628121968706,0.09050661251663293,0.65763710626368,361,11.642659279778393,0.14752437670528437,0.22408000040741147,0.04853833425261997,,,,2950,0.03728813559322034,0.9305084745762712,0.031186440677966103,0.1307832422586521,1.0867030965391622,27969.441703438082,2319.581466119321,5.4095161865424434e-15,2.7390229327696617e-13,0.0,0.0,0.0,,,0.0
surge_reactive,2,500,0.8,2840,2755,0.9700704225352113,0.02992957746478873,0.009859154929577466,0.02007042253521127,0.0,182.21372048254895,154.7228393385867,353.97059282289547,180.33448112977618,1102.0,18.678241358073883,163.53547912447505,0.24790675179024957,0.08931244394006499,0.6627808042696854,367,11.542234332425068,0.14375694824744836,0.22569399954591016,0.04998626750892612,,,,2950,0.03728813559322034,0.9338983050847458,0.024745762711864405,0.14228675136116153,1.0929219600725952,28156.54085065762,2487.182419410719,6.6205157911649035e-15,2.697018651966423e-13,0.0,0.0,0.0,,,0.0
surge_reactive,3,500,0.8,2781,2686,0.9658396260338008,0.03416037396619921,0.009349154980222941,0.02481121898597627,0.0,184.35614181301213,159.4576610011777,351.60893373069484,181.31224809508913,1074.4,18.56308669797468,165.79305511503748,0.26840752483688274,0.08784968568180876,0.6437427894813085,361,11.595567867036012,0.14740664819151875,0.2288000001499311,0.052100840336134456,,,,2950,0.05728813559322034,0.9105084745762712,0.04779661016949153,0.18838421444527179,1.1299329858525688,28496.62236847725,3392.685768195713,2.1695642717628384e-15,2.717943765310685e-13,0.0,0.0,0.0,,,0.0
surge_reactive,4,500,0.8,2802,2717,0.9696645253390436,0.03033547466095646,0.007137758743754461,0.023197715917202,0.0,184.29744573900197,158.332002335389,357.7066477722244,181.03846497080517,1086.8,18.337772940694904,165.95967279830705,0.2602866597834809,0.08914769971264827,0.6505656405038709,360,11.133333333333333,0.14643416667341727,0.21301499953551686,0.051700304119436,,,,2950,0.05016949152542373,0.9210169491525424,0.03762711864406779,0.15936694884063304,1.112072138387928,28107.05196314965,2796.000934490987,1.6751863871856968e-14,2.719194435724956e-13,0.0,0.0,0.0,,,0.0
surge_reactive,5,500,0.8,2838,2720,0.9584214235377027,0.041578576462297394,0.009161381254404511,0.03241719520789288,0.0,179.67063374993168,156.46246662214548,342.0214537238497,175.24484507370244,1088.0,17.746614513935846,161.92401923599584,0.2623507096050616,0.08797102380444093,0.6496782665904974,361,11.518005540166206,0.1590385041945763,0.2804000007017744,0.05842205842205842,,,,2950,0.03796610169491525,0.9220338983050848,0.03152542372881356,0.1536764705882353,1.1068014705882352,28076.507808132872,2747.666905458305,2.3282846239216244e-15,2.7344360436074185e-13,0.0,0.0,0.0,,,0.0
surge_forecast,0,300,0.3,2610,2066,0.7915708812260537,0.20842911877394635,0.1363984674329502,0.07203065134099616,0.0,349.61399600897226,335.65077587008227,553.5214079220855,317.5052192260411,826.4,66.39772849544818,283.21626751352403,0.024821715681126726,0.15958238181602755,0.8155959025028456,377,28.522546419098145,0.1257045092879659,0.20948400044289886,0.057505850885991305,,,,2950,0.1152542372881356,0.7003389830508474,0.09423728813559322,0.8751210067763795,2.132623426911907,40208.64890101894,21282.385163082545,1.161252443027095e-14,2.832094030088914e-13,0.0,0.0,0.0,,,0.0
surge_forecast,1,300,0.3,2606,2033,0.7801227935533385,0.21987720644666156,0.14581734458940906,0.0740598618572525,0.0,345.060911073607,332.92827068219594,548.86342198448,312.5931337694803,813.2,65.93385288995523,279.12705818365174,0.027953093286969023,0.15549052727159937,0.8165563794414317,372,28.672043010752688,0.11976747308620762,0.1911639995887535,0.048622917375042506,,,,2950,0.11661016949152542,0.6891525423728814,0.1016949152542373,0.8425971470732907,2.0971470732907034,39832.530570999355,20708.009512311408,8.98401427580589e-15,2.699241060212514e-13,0.0,0.0,0.0,,,0.0
surge_forecast,2,300,0.3,2582,2016,0.7807900852052673,0.21920991479473276,0.14175058094500387,0.07745933384972889,0.0,349.8538955996329,340.57987659399646,539.6922312497686,314.20414784973883,806.4,65.73343540312749,284.12046019650535,0.024226350349201453,0.1574987821458537,0.8182748675049448,373,27.466487935656836,0.11678632708496867,0.1887400002669891,0.04878048780487805,,,,2950,0.12474576271186441,0.6833898305084746,0.09423728813559322,0.9250992063492064,2.1927083333333335,40751.57512322683,21888.201959948066,-8.000654812378112e-16,2.8231385483325407e-13,0.0,0.0,0.0,,,0.0
surge_forecast,3,300,0.3,2599,2040,0.7849172758753367,0.21508272412466334,0.13966910350134668,0.07541362062331666,0.0,341.52427430552297,328.24249394843946,537.4638404568667,307.99083717799084,816.0,62.330841141110305,279.1934331644126,0.02852445278315403,0.1574106674097295,0.8140648798071165,369,27.501355013550135,0.12112168022011044,0.19254400016507112,0.05115176151761518,,,,2950,0.11898305084745762,0.6915254237288135,0.10135593220338983,0.8539215686274509,2.1122549019607844,39991.19168386686,20936.30001249112,1.6440008396018005e-15,2.807566815198359e-13,0.0,0.0,0.0,,,0.0
surge_forecast,4,300,0.3,2559,2003,0.7827276279796795,0.21727237202032043,0.15044939429464635,0.0668229777256741,0.0,358.40302466113366,347.31628632221873,551.9877411510435,323.1379332432054,801.2,70.07065624451104,288.33236841662267,0.025431944348430154,0.1567087737489738,0.817859281902596,369,28.907859078590786,0.1177178862030876,0.17268800031160927,0.04860392967942089,,,,2950,0.13254237288135592,0.6789830508474576,0.1047457627118644,0.9241138292561158,2.220793809286071,41082.78053586841,22287.273519456347,1.2450017718382635e-14,2.790720447764412e-13,0.0,0.0,0.0,,,0.0
surge_forecast,5,300,0.3,2599,2056,0.7910734898037707,0.20892651019622932,0.12235475182762601,0.08657175836860331,0.0,345.1913248914642,330.2109598318457,539.1696535106325,310.30860423902874,822.4,62.63449136020047,282.55683353126375,0.03189932639239482,0.15952243217430687,0.8085782414332983,372,26.704301075268816,0.1261526881584144,0.32411099982709973,0.054365733113673806,,,,2950,0.11898305084745762,0.6969491525423729,0.10677966101694915,0.8545719844357976,2.1584387159533076,39985.891169646,21225.74681744378,5.208976354447524e-15,2.7609993841582734e-13,0.0,0.0,0.0,,,0.0
surge_forecast,0,300,0.5,2402,2021,0.8413821815154038,0.15861781848459616,0.08034970857618651,0.07826810990840966,0.0,327.01249288278143,314.9197642733716,520.3713078245255,299.6062316043698,808.4,48.004149266850575,279.0083436159308,0.03558425104206962,0.15934531127435717,0.8050704376835731,368,20.66576086956522,0.11431086955118862,0.2077820000249628,0.05136986301369863,,,,2950,0.1857627118644068,0.6850847457627118,0.13898305084745763,0.8273132112815438,2.050222662048491,38145.81672822184,19512.609111829013,-2.339763437151641e-15,2.765719919838504e-13,0.0,0.0,0.0,,,0.0
surge_forecast,1,300,0.5,2390,1972,0.8251046025104602,0.17489539748953975,0.07782426778242678,0.09707112970711297,0.0,321.8479988686073,309.6567297100262,520.9558264268243,291.16215358784837,788.8,45.12436178532395,276.72363708328334,0.03826135684696645,0.15738793620446345,0.80435070694857,367,19.705722070844686,0.11963405991912447,0.3311059994666704,0.04934886908841672,,,,2950,0.18983050847457628,0.6684745762711864,0.1488135593220339,0.789553752535497,1.986815415821501,37242.33143622058,18463.540502902128,6.4847834111776895e-15,2.78080015629175e-13,0.0,0.0,0.0,,,0.0
surge_forecast,2,300,0.5,2361,1971,0.8348157560355781,0.16518424396442186,0.0796272765777213,0.08555696738670054,0.0,327.920495237038,316.73758910081915,522.8116377825754,298.741936512015,788.4,44.51328985143369,283.4072053856042,0.03413895280185359,0.16268756160169848,0.803173485596448,369,19.197831978319783,0.11663685635167699,0.16967600029602176,0.058000682360968954,,,,2950,0.19966101694915253,0.668135593220339,0.1359322033898305,0.854388635210553,2.057204464738711,37157.63922205095,18832.521626677917,2.5325026477497227e-16,2.6978002671887894e-13,0.0,0.0,0.0,,,0.0
surge_forecast,3,300,0.5,2410,2024,0.8398340248962656,0.16016597510373445,0.08423236514522822,0.07593360995850622,0.0,320.5909946029477,306.8341876045156,520.9973043258071,295.359282385743,809.6,47.06438697972307,273.52660762322466,0.038785656986721574,0.15881978973940356,0.8023945532738749,373,20.289544235924932,0.11417131368192952,0.2087519999622597,0.048864418444597386,,,,2950,0.18305084745762712,0.6861016949152542,0.14508474576271185,0.7850790513833992,1.9782608695652173,37285.17588005449,18472.175635427568,-1.0291120173863612e-14,2.722988172229393e-13,0.0,0.0,0.0,,,0.0
surge_forecast,4,300,0.5,2369,1970,0.8315745040101309,0.16842549598986914,0.09371042634022794,0.0747150696496412,0.0,339.3456450406445,323.96059099487593,531.4969634135612,310.44191518013736,788.0,54.49254067298904,284.8531043676555,0.03547971446344056,0.15975015969394543,0.8047701258426141,369,21.601626016260163,0.11542872631883953,0.18468399975972707,0.04643854748603352,,,,2950,0.19694915254237289,0.6677966101694915,0.14847457627118643,0.8685279187817259,2.0690355329949237,37692.34316764199,19189.134417302288,2.6834710426675864e-15,2.7635423560375065e-13,0.0,0.0,0.0,,,0.0
surge_forecast,5,300,0.5,2372,1991,0.8393760539629005,0.1606239460370995,0.08136593591905565,0.07925801011804384,0.0,328.48176806174405,319.6149882040495,523.2875595158339,300.21110770674403,796.4,47.17069126284561,281.31107679889845,0.041595330322731126,0.16077001001276203,0.7976346596645069,370,19.82972972972973,0.11762567567013714,0.24888000029932314,0.048292514660227666,,,,2950,0.1959322033898305,0.6749152542372882,0.1528813559322034,0.8041185334003014,2.00238573581115,36919.47730202243,18303.866462805927,1.0812044378840751e-14,2.742981354079917e-13,0.0,0.0,0.0,,,0.0
surge_forecast,0,300,0.8,2224,1988,0.8938848920863309,0.10611510791366907,0.04091726618705036,0.0651978417266187,0.0,287.126354242911,264.84948225948165,485.71406387284696,270.9411530823334,795.2,30.973048975381836,256.15330526752916,0.053587078753390624,0.15430619086718975,0.7921067303794196,365,14.473972602739726,0.11177890408935252,0.18927200049802237,0.05416813225466057,,,,2950,0.24610169491525424,0.6738983050847458,0.1776271186440678,0.7303822937625755,1.767354124748491,32394.933008512027,14055.13801756925,-1.1289873574357225e-14,2.7222847271740365e-13,0.0,0.0,0.0,,,0.0
surge_forecast,1,300,0.8,2226,1989,0.8935309973045822,0.10646900269541779,0.03998203054806829,0.0664869721473495,0.0,288.3620845064402,263.65340140226635,495.6791264815882,271.34935883786676,795.6,31.777270954692057,256.58481355174814,0.055338946309198285,0.15430812727817006,0.7903529264126317,366,14.109289617486338,0.11121311473423284,0.1789200000530408,0.048073524213503006,,,,2950,0.2454237288135593,0.6742372881355932,0.1783050847457627,0.7204625439919558,1.6951985922574158,31575.280493643764,12924.540760622474,5.0138096010020145e-15,2.7494145723314467e-13,0.0,0.0,0.0,,,0.0
surge_forecast,2,300,0.8,2185,1929,0.882837528604119,0.11716247139588101,0.039359267734553775,0.07780320366132723,0.0,290.9631618408627,275.83780910004816,485.3835803740687,270.06092501630803,771.6,28.5444688670593,262.4186929738034,0.055176609644513055,0.15565720382370649,0.7891661865317804,369,13.097560975609756,0.11973631432730936,0.18717599970841528,0.049431009957325744,,,,2950,0.2593220338983051,0.6538983050847458,0.168135593220339,0.767236910316226,1.8192068429237946,32469.0966056774,14344.522893184625,1.6676942644654502e-15,2.6897394512695746e-13,0.0,0.0,0.0,,,0.0
surge_forecast,3,300,0.8,2202,1967,0.8932788374205268,0.1067211625794732,0.04087193460490463,0.06584922797456857,0.0,291.35130812248184,272.5246267102493,486.7507930722537,273.3893923140133,786.8,30.76907876771089,260.582229354771,0.05407100824086065,0.1562990383913031,0.7896299533678361,374,13.505347593582888,0.10919304809808612,0.15810899963980762,0.05203136136849608,,,,2950,0.2535593220338983,0.6667796610169492,0.1871186440677966,0.722928317234367,1.7831723436705642,32765.638129110193,14333.93441136918,-7.56718305482817e-15,2.7376728235680436e-13,0.0,0.0,0.0,,,0.0
surge_forecast,4,300,0.8,2174,1923,0.8845446182152714,0.11545538178472861,0.03633854645814168,0.07911683532658693,0.0,299.5300884696783,285.7827868165932,494.81282841435745,277.7858337000406,769.2,31.350810118807534,268.1792783508707,0.058621679450657924,0.15715179597696363,0.7842265245723785,366,13.128415300546449,0.1107508196632484,0.17061999988072807,0.05293072824156306,,,,2950,0.26305084745762713,0.6518644067796611,0.1952542372881356,0.7571502860114404,1.8706448257930317,33106.82652680472,15165.722807297425,-1.0235066968567225e-15,2.807715347559574e-13,0.0,0.0,0.0,,,0.0
surge_forecast,5,300,0.8,2202,1933,0.8778383287920073,0.12216167120799273,0.04041780199818347,0.08174386920980926,0.0,288.5138405328655,273.7177991052886,486.26638650833456,267.5386442004134,773.2,27.972152064203495,260.54168846866196,0.05783981789608981,0.15495002169820735,0.7872101604057029,369,13.517615176151761,0.11622791329584416,0.35647199998493284,0.051499118165784834,,,,2950,0.2535593220338983,0.6552542372881356,0.1776271186440678,0.735644076564925,1.7414640455250905,31500.25861545624,13338.707692319618,3.674016887699018e-15,2.7566154222187953e-13,0.0,0.0,0.0,,,0.0
surge_forecast,0,400,0.3,2762,2533,0.9170890658942795,0.0829109341057205,0.02896451846488052,0.05394641564083997,0.0,262.6629187325683,246.72398062406228,463.80246571898755,249.9015999320349,1013.2,26.830862433482565,235.83205629908576,0.1154043837665833,0.13492488704215608,0.7496707291912607,369,14.785907859078591,0.11940379403594255,0.2024840000376571,0.057028799543769604,,,,2950,0.06372881355932203,0.8586440677966102,0.04847457627118644,0.533754441373865,1.5366166600868536,36137.34167208029,12722.42048047763,2.619039345181666e-15,2.70727424336062e-13,0.0,0.0,0.0,,,0.0
surge_forecast,1,400,0.3,2769,2519,0.9097146984470929,0.09028530155290719,0.026724449259660527,0.06356085229324666,0.0,257.94664940425247,240.04629385471844,458.6748091109774,243.52586231301896,1007.6,26.255370803590154,231.69127860066234,0.11590997954085762,0.13294768315387637,0.751142337305266,370,14.32972972972973,0.12015108109030612,0.18017999976109425,0.04988532110091743,,,,2950,0.06135593220338983,0.8538983050847457,0.05728813559322034,0.518856689162366,1.5265978562921794,36208.13798333517,12625.66459614227,-1.9422952946489093e-15,2.763272826999423e-13,0.0,0.0,0.0,,,0.0
surge_forecast,2,400,0.3,2760,2522,0.913768115942029,0.08623188405797101,0.028985507246376812,0.0572463768115942,0.0,258.594179645633,241.47161593775354,451.36672459077664,245.60674931300707,1008.8,25.729322075683495,232.86485756994952,0.10980829592360969,0.13443105110079384,0.7557606529755964,367,14.26158038147139,0.12285640330283207,0.21365600006902194,0.047905909351692484,,,,2950,0.06440677966101695,0.8549152542372881,0.04508474576271186,0.5261697065820777,1.5117961934972244,35444.89351068354,11939.359735428334,-1.5998349002073712e-14,2.777506394762739e-13,0.0,0.0,0.0,,,0.0
surge_forecast,3,400,0.3,2766,2484,0.8980477223427332,0.1019522776572668,0.03940708604483008,0.06254519161243673,0.0,257.76058527056887,241.04126661596297,457.5445635574979,243.04051329327277,993.6,28.356942704490063,229.40364256607884,0.1329231803364912,0.1296095906071589,0.73746722905635,369,15.794037940379404,0.12118780488205277,0.18189199985499724,0.04969485614646905,,,,2950,0.062372881355932205,0.8420338983050848,0.06271186440677966,0.533816425120773,1.5711553945249597,36542.659034430995,13505.363626899667,-1.3410144349414577e-14,2.760616480447676e-13,0.0,0.0,0.0,,,0.0
surge_forecast,4,400,0.3,2728,2502,0.9171554252199413,0.08284457478005865,0.022727272727272728,0.060117302052785926,0.0,254.6512502877958,235.49156829484673,449.4317584485441,241.2947261639055,1000.8,26.55007229925798,228.1011779885378,0.11757514646818568,0.13072693106678626,0.7516979224650281,366,13.978142076502733,0.1202404371953313,0.20076999994671588,0.050803673938002294,,,,2950,0.07525423728813559,0.8481355932203389,0.05457627118644068,0.5283772981614708,1.5341726618705036,36030.661774005144,12663.487983578034,-4.081334258031496e-15,2.753221312006314e-13,0.0,0.0,0.0,,,0.0
surge_forecast,5,400,0.3,2770,2498,0.9018050541516246,0.09819494584837545,0.033574007220216605,0.06462093862815885,0.0,258.4494031136743,238.91272992672862,462.4131664198979,244.7068120578873,999.2,27.937040198404738,230.51236291526953,0.12478324194763511,0.1309203518114572,0.7442964062409078,365,15.695890410958905,0.124051780824642,0.23028399969916818,0.05225380419178869,,,,2950,0.061016949152542375,0.8467796610169491,0.05627118644067797,0.533226581265012,1.5294235388310649,35612.73691271639,12343.34007070673,4.195469698901743e-15,2.746548651708094e-13,0.0,0.0,0.0,,,0.0
surge_forecast,0,400,0.5,2681,2487,0.927638940693771,0.07236105930622902,0.024990675121223424,0.047370384185005596,0.0,248.20156053825346,228.65474808887302,446.49732405500805,238.03843772681947,994.8,25.084947385500424,223.11661315275302,0.12912172825198664,0.12773664204437754,0.7431416297036357,365,13.90958904109589,0.12594657535822218,0.2739239998118138,0.05016133763567029,,,,2950,0.09118644067796611,0.8430508474576272,0.0671186440677966,0.4917571371129875,1.442098914354644,33507.09666567716,10445.31273090011,4.019391262211493e-15,2.706016619733355e-13,0.0,0.0,0.0,,,0.0
surge_forecast,1,400,0.5,2701,2501,0.9259533506108849,0.07404664938911515,0.022954461310625694,0.05109218807848945,0.0,239.07743165928105,220.65073706870317,425.8351398444047,229.38361461042305,1000.4,23.449704644005624,215.62772701527538,0.13151723431841691,0.12574975152845708,0.742733014153126,369,13.35230352303523,0.11951165311013255,0.2120239998112083,0.04850964348334307,,,,2950,0.08440677966101695,0.8477966101694915,0.07288135593220339,0.4478208716513395,1.3913434626149541,32598.54692878318,9339.199025386904,1.4597590540493263e-14,2.725166487247278e-13,0.0,0.0,0.0,,,0.0
surge_forecast,2,400,0.5,2673,2489,0.9311634867190423,0.06883651328095773,0.021698466142910586,0.04713804713804714,0.0,247.33237177536182,229.70034345938257,434.7813743664993,237.4363772975498,995.6,22.32524766289706,225.00712411246474,0.11917860994048887,0.131190136934375,0.7496312531251361,366,12.765027322404372,0.11747131148680279,0.18804499941325087,0.05131195335276968,,,,2950,0.09389830508474577,0.843728813559322,0.06169491525423729,0.4640417838489353,1.403073523503415,32511.18600352515,9280.254711737143,-6.457492457813737e-16,2.762596633307956e-13,0.0,0.0,0.0,,,0.0
surge_forecast,3,400,0.5,2668,2451,0.9186656671664168,0.08133433283358321,0.026986506746626688,0.05434782608695652,0.0,250.65479577764302,234.85645288405067,451.15878329635143,238.3198288865919,980.4,23.5070447022313,227.14775107541172,0.13798226547244904,0.12979623668006343,0.7322214978474876,363,13.606060606060606,0.12138099173070993,0.24296600046000094,0.04752004752004752,,,,2950,0.09559322033898306,0.8308474576271186,0.08338983050847458,0.49122807017543857,1.479702162382701,33997.5295711495,11147.753904924086,-5.239337682142717e-15,2.7080821831796854e-13,0.0,0.0,0.0,,,0.0
surge_forecast,4,400,0.5,2638,2454,0.9302501895375285,0.06974981046247157,0.019711902956785442,0.050037907505686124,0.0,240.1793963300355,221.2492146112436,427.30927886892516,230.0204715720855,981.6,23.944538410976698,216.2348579190588,0.1303213037460684,0.12499832944950938,0.7446803668044222,363,12.801652892561984,0.1231052341654128,0.22369200021785213,0.050897322741982935,,,,2950,0.10576271186440678,0.831864406779661,0.07457627118644068,0.486960065199674,1.4218622656886715,32657.89035233443,9682.169585133743,6.805974782214127e-15,2.7162592559147074e-13,0.0,0.0,0.0,,,0.0
surge_forecast,5,400,0.5,2693,2474,0.9186780542146306,0.08132194578536947,0.024879316747122168,0.05644262903824731,0.0,245.9616165438762,228.34673125169957,435.2430693118854,235.4118193940971,989.6,24.24622841792964,221.71538812594653,0.13239494961631398,0.1276281723679863,0.7399768780156997,369,13.796747967479675,0.1163116531349721,0.16713199958758193,0.04693458492226459,,,,2950,0.08711864406779661,0.8386440677966102,0.07152542372881356,0.4551333872271625,1.413197251414713,32705.21275886153,9594.806965884252,5.275937775227583e-15,2.74742951823892e-13,0.0,0.0,0.0,,,0.0
surge_forecast,0,400,0.8,2611,2452,0.9391037916507086,0.06089620834929146,0.018383761011106857,0.0425124473381846,0.0,233.5999236881871,212.8030791451372,421.2343929823974,225.57340620566578,980.8,22.156413146611758,211.4435105415753,0.13864895120051934,0.12255027427471746,0.7388007745247632,364,12.684065934065934,0.11979670331219405,0.19580199935262518,0.05544026089534539,,,,2950,0.11491525423728814,0.8311864406779661,0.08033898305084745,0.400489396411093,1.3027120717781402,29783.53947339857,6897.694923976378,-1.0638128043869516e-15,2.680660207132992e-13,0.0,0.0,0.0,,,0.0
surge_forecast,1,400,0.8,2633,2468,0.9373338397265477,0.06266616027345234,0.01785036080516521,0.04481579946828713,0.0,228.10070553418973,204.0850618732411,411.6988906865366,220.1454935788792,987.2,22.087255812437,206.01344972175272,0.13938869572481824,0.1209501434515074,0.7396611608236744,370,12.275675675675675,0.11851675673726178,0.1879269999881217,0.0487225193107546,,,,2950,0.10745762711864407,0.8366101694915254,0.08508474576271187,0.35089141004862234,1.26347244732577,29419.05828151323,6313.868526662807,4.483357679345284e-15,2.733804538769695e-13,0.0,0.0,0.0,,,0.0
surge_forecast,2,400,0.8,2641,2484,0.9405528209011738,0.0594471790988262,0.020068156001514577,0.03937902309731162,0.0,231.74254657751703,211.78137550246902,415.7554232937675,224.53413259730547,993.6,20.955493604456954,210.7870529730601,0.12727057805648653,0.1250798990554617,0.7476495228880518,368,12.111413043478262,0.12062201087651968,0.2690589995745526,0.0534037558685446,,,,2950,0.1047457627118644,0.8420338983050848,0.07050847457627119,0.40942028985507245,1.2717391304347827,29514.082776082294,6260.912355232977,-5.541326924961817e-15,2.7558430577814136e-13,0.0,0.0,0.0,,,0.0
surge_forecast,3,400,0.8,2611,2435,0.9325928762926082,0.0674071237073918,0.022596706242818843,0.04481041746457296,0.0,231.17580714832278,213.36573597586175,416.3415195716149,222.59144953804997,974.0,21.35522111550417,209.82058603281865,0.1472933480232729,0.12235985219254243,0.7303467997841846,362,12.649171270718233,0.12133535911738795,0.16308699988258007,0.04297820823244552,,,,2950,0.11491525423728814,0.8254237288135593,0.09457627118644067,0.39876796714579055,1.3094455852156057,29798.27362926245,7091.110115002122,-4.248894186521302e-15,2.7173495030664765e-13,0.0,0.0,0.0,,,0.0
surge_forecast,4,400,0.8,2586,2429,0.9392884764114462,0.06071152358855375,0.017014694508894045,0.04369682907965971,0.0,224.68649347994173,204.8783219812558,406.88739241931256,216.7943693060487,971.6,21.4532132428017,203.23328023714,0.1503409478756094,0.11827081700284041,0.7313882351215502,362,11.820441988950277,0.12024419885863569,0.289799000101993,0.048502994011976046,,,,2950,0.12338983050847457,0.8233898305084746,0.09016949152542372,0.38246191848497324,1.2820090572251956,28770.557262479233,6212.624976544782,-7.272440734792452e-16,2.707461902082558e-13,0.0,0.0,0.0,,,0.0
surge_forecast,5,400,0.8,2613,2448,0.9368541905855339,0.06314580941446613,0.017604286261002678,0.04554152315346345,0.0,231.33062525524568,212.5109494974622,415.4665508860141,222.82437811798414,979.2,22.514556640965882,208.8160686142798,0.1472689707133008,0.12216474279238998,0.7305662864943092,364,12.516483516483516,0.12162252745848481,0.25756600029126286,0.0511600237953599,,,,2950,0.11423728813559322,0.8298305084745763,0.08576271186440677,0.3786764705882353,1.267871732026144,29026.17731471894,6182.252480762845,4.276172734716371e-15,2.8109178020792205e-13,0.0,0.0,0.0,,,0.0
surge_forecast,0,500,0.3,2874,2751,0.9572025052192067,0.04279749478079332,0.010786360473208072,0.032011134307585246,0.0,201.80499996276916,173.7739075021309,392.69269037662343,197.18488666824175,1100.4,20.47622604994254,181.32877391282662,0.2496005294986804,0.09589763322985337,0.6545018372714663,362,12.450276243093922,0.12729116021862924,0.20098000001780744,0.055856832971800434,,,,2950,0.02576271186440678,0.9325423728813559,0.020338983050847456,0.22828062522719011,1.1802980734278443,30522.143031804408,4877.1987824440575,1.7297444223358355e-15,2.729058547868131e-13,0.0,0.0,0.0,,,0.0
surge_forecast,1,500,0.3,2895,2763,0.9544041450777202,0.04559585492227979,0.01001727115716753,0.03557858376511226,0.0,196.35718761931028,166.24970813271466,379.34326176703826,191.15153207366467,1105.2,19.929913908173948,176.42727371113634,0.24568021159371262,0.09433197402161006,0.6599878143846774,365,12.331506849315069,0.13587369868056992,0.5121239999425603,0.046828205826300026,,,,2950,0.01864406779661017,0.9366101694915254,0.01864406779661017,0.16938110749185667,1.1347267462902642,29460.60684062167,3662.29331393915,8.477957146784719e-16,2.762586475982752e-13,0.0,0.0,0.0,,,0.0
surge_forecast,2,500,0.3,2893,2779,0.9605945385413066,0.0394054614586934,0.012789491876944349,0.026615969581749048,0.0,193.59189320460138,166.192348496691,374.29677712217244,190.16038200145988,1111.6,19.044981440889195,174.5469117637122,0.2375276909278134,0.09474442436821942,0.6677278847039672,363,12.052341597796143,0.14215041321006616,0.2826660002756398,0.04783908670834466,,,,2950,0.019322033898305085,0.9420338983050848,0.011186440677966102,0.17344368477869737,1.1285534364879453,29430.970777188944,3506.1098977564106,2.1025922197201148e-16,2.7481367707240295e-13,0.0,0.0,0.0,,,0.0
surge_forecast,3,500,0.3,2882,2736,0.9493407356002775,0.05065926439972242,0.016308119361554477,0.03435114503816794,0.0,198.6421036960961,168.7136981531255,387.7919388398577,194.3296835070958,1094.4,20.83549799312378,177.8066057029723,0.25631775546924473,0.09320148956623307,0.6504807549645222,361,13.293628808864266,0.1315238226870508,0.2537200003644089,0.048834019204389574,,,,2950,0.02305084745762712,0.9274576271186441,0.02711864406779661,0.23793859649122806,1.1895102339181287,30532.112102432573,5074.809825503762,-1.689701822255257e-14,2.750922865070944e-13,0.0,0.0,0.0,,,0.0
surge_forecast,4,500,0.3,2867,2748,0.9584931984652947,0.04150680153470527,0.009417509591907918,0.032089291942797346,0.0,205.5567049100634,176.86237451573425,398.59717272148487,200.60708909377237,1099.2,21.282294608968016,184.2744103010954,0.242832689043942,0.09695985075944442,0.6602074601966136,363,12.40771349862259,0.13544490359868366,0.31884600015473546,0.04724194429273621,,,,2950,0.028135593220338984,0.9315254237288135,0.023728813559322035,0.22270742358078602,1.1883187772925765,30851.683845103777,5080.394155444787,6.726828377842547e-15,2.7132271037695346e-13,0.0,0.0,0.0,,,0.0
surge_forecast,5,500,0.3,2895,2747,0.9488773747841105,0.051122625215889464,0.011744386873920553,0.039378238341968914,0.0,192.32689716639746,164.2398501493244,372.47377426558285,186.73147882863282,1098.8,19.95490586320016,172.37199130319732,0.2554222543491522,0.092216927631387,0.6523608180194608,363,12.62809917355372,0.13210716252482593,0.22206000005098758,0.055870445344129556,,,,2950,0.01864406779661017,0.9311864406779661,0.015254237288135594,0.18383691299599564,1.1494357480888242,29471.84063045408,3973.3663185151163,-4.608617819366822e-15,2.739426612179768e-13,0.0,0.0,0.0,,,0.0
surge_forecast,0,500,0.5,2839,2728,0.960901725959845,0.039098274040154986,0.008805917576611482,0.0302923564635435,0.0,196.28585585596542,167.08620814535334,376.42391744064656,192.08298096545042,1091.2,20.132891790616256,176.15296406534915,0.2544376161945676,0.0927536139035539,0.6528087699018784,362,12.104972375690608,0.13056629830276326,0.23973300011675727,0.05398739380652234,,,,2950,0.03762711864406779,0.9247457627118644,0.026440677966101694,0.2151759530791789,1.1526759530791788,29510.772924705536,4043.028519448092,-1.922175354694676e-15,2.731202768020068e-13,0.0,0.0,0.0,,,0.0
surge_forecast,1,500,0.5,2874,2753,0.9578983994432846,0.04210160055671538,0.009394572025052192,0.032707028531663185,0.0,190.95653881817088,164.0338659423487,370.9785246471158,186.58452338585192,1101.2,19.081944418342424,171.87459439982845,0.24893151546882164,0.09296403456889345,0.6581044499622848,360,12.213888888888889,0.15520277776835834,0.500312999984099,0.04786652078774617,,,,2950,0.02576271186440678,0.9332203389830509,0.02406779661016949,0.1376679985470396,1.101707228478024,28468.210227447074,2725.185571839789,4.408589568797584e-15,2.7612343537293964e-13,0.0,0.0,0.0,,,0.0
surge_forecast,2,500,0.5,2879,2775,0.9638763459534561,0.03612365404654394,0.01076762764848906,0.02535602639805488,0.0,187.62184503719013,159.19168908365918,368.07725147666775,184.53753241771423,1110.0,18.63976610292159,168.98207893426854,0.24167120063514647,0.09264840839444827,0.6656803909704053,367,11.670299727520437,0.12095367846673777,0.18836799974451424,0.05001359064963305,,,,2950,0.02406779661016949,0.940677966101695,0.015593220338983051,0.14666666666666667,1.1017117117117117,28524.837259887987,2718.4231929463895,3.2959821058628564e-15,2.7359668084645735e-13,0.0,0.0,0.0,,,0.0
surge_forecast,3,500,0.5,2856,2727,0.9548319327731093,0.045168067226890755,0.014005602240896359,0.031162464985994398,0.0,193.56655374095274,163.14256364762605,372.3803164623141,189.8550164844882,1090.8,19.723174596883055,173.84337914406967,0.258741683973918,0.09171042555720062,0.6495478904688814,365,12.536986301369863,0.12466794521795437,0.17695200029265834,0.044610695483513436,,,,2950,0.031864406779661014,0.9244067796610169,0.03254237288135593,0.17748441510817747,1.1385221855518886,29147.789292425954,3717.285796019816,-7.901555382776834e-15,2.7497675733190595e-13,0.0,0.0,0.0,,,0.0
surge_forecast,4,500,0.5,2842,2734,0.9619985925404645,0.038001407459535536,0.007741027445460943,0.030260380014074596,0.0,193.43266584990738,165.05990670446954,376.1030971080636,188.84166570377897,1093.6,19.039532218144267,174.39313363176313,0.2535375158858711,0.0925901820727902,0.6538723020413387,362,11.58011049723757,0.12771464087021117,0.2568909999990861,0.05244468724392243,,,,2950,0.03661016949152542,0.9267796610169492,0.0288135593220339,0.1938551572787125,1.1471287490855888,29451.41978651397,3942.890411682069,9.312188507096426e-15,2.7128908726882834e-13,0.0,0.0,0.0,,,0.0
surge_forecast,5,500,0.5,2877,2742,0.9530761209593326,0.04692387904066736,0.011817865832464372,0.03510601320820299,0.0,190.46876991860688,162.60181514551505,371.8876200937416,185.19756451853632,1096.8,19.566570814585948,170.90219910402092,0.25541842880791044,0.09150459715571073,0.6530769740363788,363,12.236914600550964,0.1378534435156145,0.47154200023214743,0.056654920032529144,,,,2950,0.024745762711864405,0.9294915254237288,0.022372881355932205,0.1637490882567469,1.1211706783369804,28824.58845320375,3249.0633987166852,7.907606006903467e-16,2.7190042097242723e-13,0.0,0.0,0.0,,,0.0
surge_forecast,0,500,0.8,2819,2731,0.9687832564739269,0.031216743526073076,0.008513657325292657,0.022703086200780417,0.0,187.55820163977526,158.75105685768813,360.0917095079203,184.62151990373508,1092.4,18.63967989338427,168.91852174639098,0.2581197743499604,0.09032757632826247,0.6515526493217771,362,11.530386740331492,0.14438287295250432,0.6146990000979677,0.05270419426048565,,,,2950,0.04440677966101695,0.9257627118644067,0.030508474576271188,0.165140974002197,1.0941962651043573,27971.76171211683,2502.9693047172623,3.369980156439092e-15,2.7761140959168686e-13,0.0,0.0,0.0,,,0.0
surge_forecast,1,500,0.8,2847,2738,0.9617140850017563,0.03828591499824376,0.008078679311556024,0.03020723568668774,0.0,186.24429190418442,159.22526200968377,356.7098651015378,182.26604211450348,1095.2,17.97219508931832,168.27209681486613,0.25376796267553065,0.09166065753555418,0.6545713797889151,363,11.62809917355372,0.1296895316496255,0.2287980000255626,0.04947773501924134,,,,2950,0.03491525423728813,0.928135593220339,0.03016949152542373,0.1183345507669832,1.0764243973703433,27563.11007291161,1987.234277139616,1.8875007879209794e-15,2.7467911072035114e-13,0.0,0.0,0.0,,,0.0
surge_forecast,2,500,0.8,2847,2750,0.9659290481208289,0.03407095187917106,0.01194239550403934,0.022128556375131718,0.0,182.86367109424845,155.68054393878901,358.00296287849517,180.58879306022956,1100.0,18.6658129362104,164.19785815803806,0.24756821411126226,0.0899212923403699,0.6625104935483678,362,11.80939226519337,0.1303011049558788,0.2073240002755483,0.0497116176874485,,,,2950,0.03491525423728813,0.9322033898305084,0.02135593220338983,0.12654545454545454,1.078818181818182,27711.90141458589,2079.3953867326813,3.418962083142932e-15,2.7019287817221415e-13,0.0,0.0,0.0,,,0.0
surge_forecast,3,500,0.8,2808,2699,0.9611823361823362,0.03881766381766382,0.012464387464387465,0.026353276353276354,0.0,185.57097898792233,158.58980661447458,357.39814416889675,182.43099672269412,1079.6,19.235153633782716,166.33582535413962,0.26832358543798696,0.0881789333358675,0.6434974812261456,364,11.964285714285714,0.12776565931195005,0.24531700029001532,0.04891000558971492,,,,2950,0.04813559322033898,0.9149152542372881,0.04338983050847458,0.1596887736198592,1.1074472026676547,27907.620053956496,2788.196274643081,1.4950372667655175e-15,2.7568137555002404e-13,0.0,0.0,0.0,,,0.0
surge_forecast,4,500,0.8,2829,2735,0.9667727112053729,0.03322728879462708,0.007423117709437964,0.025804171085189113,0.0,189.1244783764398,161.83839304444518,370.42477748498436,185.45750999041374,1094.0,18.83729374466656,170.2871846317733,0.2539151595166782,0.0913709751243875,0.6547138653589343,362,11.433701657458563,0.12584088398704824,0.19407599958867638,0.04949133901567226,,,,2950,0.04101694915254237,0.9271186440677966,0.03491525423728813,0.14588665447897622,1.093053016453382,27879.365934180725,2357.227557794087,3.061901737639888e-15,2.748531039165627e-13,0.0,0.0,0.0,,,0.0
surge_forecast,5,500,0.8,2846,2725,0.9574841883345045,0.04251581166549543,0.009486999297259312,0.03302881236823612,0.0,182.78362498369157,156.7598536665746,350.8324132409323,178.1813232741134,1090.0,18.593781987438334,164.18984299625322,0.2602259753966047,0.08807475617763762,0.6516992684257576,361,11.761772853185596,0.12667811635986953,0.19646000000648184,0.056511056511056514,,,,2950,0.03525423728813559,0.923728813559322,0.027796610169491524,0.15009174311926604,1.093394495412844,27849.908211342048,2417.7436325455064,-3.271592986326608e-15,2.6730568828739757e-13,0.0,0.0,0.0,,,0.0
