arm,drivers.num_drivers,cancel_rate,cancel_late_rate,wait_all_mean_s,pickup_mean_s,completed_per_hour,driver_idle_frac,driver_reposition_frac,empty_frac,moves_per_driver_hour,reposition_km_per_hour,moves_dispatched_frac,move_planned_mean_s,d_cancel_rate,ci_cancel_rate,d_cancel_late_rate,ci_cancel_late_rate,d_wait_all_mean_s,ci_wait_all_mean_s,d_pickup_mean_s,ci_pickup_mean_s,d_completed_per_hour,ci_completed_per_hour,d_driver_idle_frac,ci_driver_idle_frac,d_driver_reposition_frac,ci_driver_reposition_frac,d_empty_frac,ci_empty_frac,d_moves_per_driver_hour,ci_moves_per_driver_hour,d_reposition_km_per_hour,ci_reposition_km_per_hour,d_moves_dispatched_frac,ci_moves_dispatched_frac,d_move_planned_mean_s,ci_move_planned_mean_s
none,300,0.29148961284230407,0.024492445703493803,322.90072971654257,270.52153341316244,800.3333333333334,0.06851090020722518,0.0,0.15162593300042726,0.0,0.0,,,,,,,,,,,,,,,,,,,,,,,,,,
none,400,0.12435080264400376,0.028859773371104767,257.02276785404746,232.2133836554352,989.1333333333332,0.13791953742462934,0.0,0.14041375561554553,0.0,0.0,,,,,,,,,,,,,,,,,,,,,,,,,,
none,500,0.06621813031161466,0.022249763928234148,194.50700953595208,173.82210726959747,1054.8,0.2849701775007276,0.0,0.09560437842339059,0.0,0.0,,,,,,,,,,,,,,,,,,,,,,,,,,
drift,300,0.28682719546742214,0.021364494806421098,319.9859611792281,267.9818373657153,805.6,0.05972171078399661,0.007668499036755966,0.15670116809323595,0.09733333333333331,27.365380937797465,0.3892251314513285,374.31951794656896,-0.004662417374881951,0.0057637991960876175,-0.0031279508970727,0.00325170386378152,-2.9147685373144347,3.1108676836171694,-2.539696047447137,2.9635137588852034,5.2666666666666515,6.510787571900611,-0.008789189423228585,0.0031168179804595747,0.007668499036755966,0.000733317028587363,0.005075235092808679,0.004178042916587693,0.09733333333333331,0.007079694676965495,27.365380937797465,2.6386359174097356,,,,
drift,400,0.1279508970727101,0.029449952785646768,251.00324816462367,227.61836832324036,985.0666666666666,0.13015000074052138,0.011857148074875368,0.1504250421521602,0.17600000000000002,57.87372161496862,0.5031556085837184,364.6597523289745,0.003600094428706314,0.006416831893484656,0.0005901794145419999,0.0030342089655763893,-6.019519689423778,5.13130249911455,-4.595015332194819,4.2619106631574,-4.066666666666663,7.248453306880279,-0.007769536684107951,0.0025514138265724145,0.011857148074875368,0.0014392505510668664,0.010011286536614655,0.0036163275691223438,0.17600000000000002,0.017497588837177617,57.87372161496862,6.344875772979017,,,,
drift,500,0.06208687440982053,0.02065627950897068,193.83256350394035,172.8050462861943,1059.4666666666667,0.25924426629672115,0.021828591396601232,0.1173688427365331,0.3178666666666667,132.64625744737035,0.42937392536213914,348.71429796470187,-0.004131255901794133,0.0041023582434401235,-0.0015934844192634669,0.0028276809021938565,-0.6744460320117582,3.7103314098056415,-1.0170609834030746,3.4100249125763193,4.666666666666667,4.634023871789969,-0.025725911204006423,0.0032128964067331817,0.021828591396601232,0.0007316053798954111,0.021764464313142506,0.0024668994183078647,0.3178666666666667,0.013954363763838311,132.64625744737035,4.678230171199536,,,,
planned_reactive,300,0.29343720491029274,0.025259678942398455,319.3797833536866,268.4243412201356,798.1333333333333,0.06105433278730738,0.007829352624488415,0.15790483631625776,0.11666666666666663,27.506770528684868,0.5762300640934511,397.10744912334985,0.0019475920679886405,0.00778704770655371,0.0007672332389046492,0.001986190500442256,-3.5209463628559945,2.7600773599495207,-2.0971921930267947,3.7399355421282983,-2.1999999999999886,8.796249089323126,-0.007456567419917802,0.004478338882142045,0.007829352624488415,0.001297710410576139,0.006278903315830521,0.0024855219119057303,0.11666666666666663,0.008098730538274127,27.506770528684868,4.15440181564709,,,,
planned_reactive,400,0.11797686496694991,0.029272898961284183,251.02512953115263,227.26901450468506,996.3333333333334,0.11855041983806756,0.0159888850724422,0.15482037079632563,0.25133333333333335,76.63416591398419,0.6311159936186552,397.4186499105862,-0.006373937677053851,0.00697999971744854,0.0004131255901794172,0.0052153983401293305,-5.997638322894848,6.514421971343448,-4.944369150750144,7.330429790700891,7.200000000000007,7.8846076808299,-0.019369117586561763,0.00654649101753744,0.0159888850724422,0.0015771690743018834,0.014406615180780069,0.0035361145263245798,0.25133333333333335,0.02701490047251938,76.63416591398419,8.700200407198396,,,,
planned_reactive,500,0.04119452313503299,0.0159938621340887,166.5284382967461,146.2529258728675,1083.0666666666666,0.2326758955975675,0.044985207780093274,0.1293278023434241,0.5972,272.64638450182315,0.5279329966426931,401.05982386975916,-0.025023607176581687,0.002737522451795082,-0.006255901794145449,0.002450018056770877,-27.97857123920602,3.7244371007324983,-27.569181396729913,3.0749783486824116,28.266666666666612,3.0923053615477536,-0.0522942819031601,0.004655830081256725,0.044985207780093274,0.0012735195104650611,0.03372342392003352,0.0018267369426887363,0.5972,0.014095917008787028,272.64638450182315,8.23284152471735,,,,
planned_forecast,300,0.29060434372049104,0.023784230406043383,319.41397207324843,268.7163277146401,801.3333333333334,0.06296630446684144,0.005204646030876633,0.1559396684842607,0.07688888888888884,17.885139197329725,0.5847892609881504,393.7021500802471,-0.0008852691218130537,0.008341867666033623,-0.0007082152974504172,0.0023385071913060132,-3.4867576432941596,4.249135543839734,-1.8052056985223335,2.799333834509902,1.0,9.422973715551642,-0.0055445957403837355,0.00363167335411017,0.005204646030876633,0.001206308981267828,0.004313735483833445,0.0016337973001815957,0.07688888888888884,0.010898572370950271,17.885139197329725,3.890827513794868,,,,
planned_forecast,400,0.11567516525023604,0.026499055712936703,249.2690323328834,225.90760079235804,998.9333333333334,0.12097732726468924,0.010452013037573751,0.1480932969080282,0.16866666666666666,49.09246475619071,0.7111039910688727,409.0836676088297,-0.008675637393767718,0.007382860798429367,-0.0023607176581680656,0.0013225810254532456,-7.75373552116406,5.113349338271357,-6.30578286307716,6.260597752382362,9.799999999999992,8.33967955790588,-0.0169422101599401,0.006297935239032226,0.010452013037573751,0.001250587918736154,0.0076795412924826195,0.0028640339234346584,0.16866666666666666,0.022079753436976393,49.09246475619071,5.627254649541963,,,,
planned_forecast,500,0.039246931067044334,0.014282341831916852,160.1817251977196,140.03629821000803,1085.2666666666667,0.24921085028398052,0.03197829743929452,0.11263576039109752,0.41373333333333334,191.82374003965583,0.5757035761993783,411.82458190845597,-0.026971199244570327,0.0031830283793089437,-0.0079674220963173,0.002125029645663208,-34.325284338232514,3.968956323798874,-33.785809059589425,3.515900360517722,30.466666666666697,3.595548857267394,-0.03575932721674706,0.00473349600623629,0.03197829743929452,0.0012595495712820369,0.017031381967706923,0.0021306204474505538,0.41373333333333334,0.014281375787161106,191.82374003965583,10.294956972992733,,,,
