arm,seed,drivers.num_drivers,requests,completed,completion_rate,cancel_rate,cancel_no_match_rate,cancel_eta_rate,cancel_late_rate,wait_mean_s,wait_p50_s,wait_p90_s,wait_all_mean_s,completed_per_hour,time_to_match_mean_s,pickup_mean_s,driver_idle_frac,driver_enroute_frac,driver_ontrip_frac,batches,batch_riders_mean,solve_ms_mean,solve_ms_p99,decline_rate,shadow_gap_s_per_batch,shadow_gap_frac,shadow_worse_batches_frac,app_opens,priced_out_rate,served_rate,retried_rate,surged_trip_frac,mean_multiplier_paid,revenue_per_hour,surge_revenue_per_hour,eta_error_mean_s,eta_abs_error_mean_s,eta_late_2min_frac,moves_per_driver_hour,reposition_km_per_hour,moves_dispatched_frac,move_planned_mean_s,driver_reposition_frac,empty_frac
none,0,300,2824,2021,0.7156515580736544,0.2843484419263456,0.20042492917847027,0.06161473087818697,0.022308781869688384,351.2693494661281,331.8572918117643,556.8882578103085,322.21154043770656,808.4,80.63038099950519,270.6389684666229,0.06912873644357753,0.1517575580376939,0.7791137055187286,374,34.8716577540107,0.0975724599004297,0.18713499993282312,0.05008635578583765,,,,2824,0.0,0.7156515580736544,0.0,0.0,1.0,18663.669441039914,0.0,1.6453094231339518,38.886314276829204,0.022266204849084613,0.0,0.0,,,0.0,0.1517575580376939
none,1,300,2824,1986,0.703257790368272,0.29674220963172804,0.2075070821529745,0.06515580736543909,0.024079320113314446,352.8544004056167,330.6688524920528,566.3412140936007,320.367419310101,794.4,81.16767371601209,271.6867266896046,0.07174697735450743,0.15155438096919632,0.7766986416762963,372,35.376344086021504,0.09348521506023733,0.18672900004276016,0.04951185495118549,,,,2824,0.0,0.703257790368272,0.0,0.0,1.0,18742.36774978573,0.0,1.81394551950196,39.31385652795266,0.028197381671701913,0.0,0.0,,,0.0,0.15155438096919632
none,2,300,2824,1993,0.7057365439093485,0.2942634560906516,0.21140226628895184,0.05771954674220963,0.025141643059490085,356.99111794536543,340.9234893994044,570.959044251822,327.60839066369516,797.2,88.17160060210738,268.81951734325804,0.06818213637461798,0.14890069332428954,0.7829171703010925,371,37.067385444743934,0.10353477091852539,0.20611999998436661,0.05665623913799096,,,,2824,0.0,0.7057365439093485,0.0,0.0,1.0,18655.064382545585,0.0,1.164866155802542,38.30259919803323,0.027596588058203714,0.0,0.0,,,0.0,0.14890069332428954
none,3,300,2824,2034,0.7202549575070821,0.2797450424929179,0.19405099150141644,0.06161473087818697,0.024079320113314446,350.0887771231189,337.41842922239334,556.4100918231849,323.0167726137904,813.6,77.82350049164208,272.2652766314768,0.06486378381090707,0.15456195568397224,0.7805742605051207,364,35.08791208791209,0.10182582418615262,0.1749479996306036,0.055233549266962154,,,,2824,0.0,0.7202549575070821,0.0,0.0,1.0,18917.69366378936,0.0,-0.0757039978829691,39.16298364436995,0.024090462143559487,0.0,0.0,,,0.0,0.15456195568397224
none,4,300,2824,1999,0.7078611898016998,0.2921388101983003,0.2078611898016997,0.059490084985835696,0.024787535410764873,350.2508994480932,332.0130612966186,557.0316617971654,322.9683069933146,799.6,81.11805902951475,269.13284041857844,0.06737404636591805,0.15176647086065165,0.7808594827734303,371,35.908355795148246,0.0964485175110669,0.21692000018447297,0.04685314685314685,,,,2824,0.0,0.7078611898016998,0.0,0.0,1.0,18818.72783936992,0.0,2.1204467682724544,38.812407160598575,0.02801400700350175,0.0,0.0,,,0.0,0.15176647086065165
none,5,300,2824,1972,0.6983002832861189,0.301699716713881,0.20254957507082152,0.07259206798866856,0.026558073654390935,350.7912461829835,327.70147930322037,576.9791311044686,321.23194828064766,788.8,80.20537525354969,270.5858709294338,0.06976972089382338,0.15121453912676017,0.7790157399794164,362,36.25966850828729,0.09106491712091709,0.19500700032040183,0.05148583275742916,,,,2824,0.0,0.6983002832861189,0.0,0.0,1.0,18551.955439358124,0.0,0.6047994248773928,38.66229885911774,0.028904665314401622,0.0,0.0,,,0.0,0.15121453912676017
none,0,400,2824,2500,0.8852691218130312,0.11473087818696884,0.037181303116147306,0.05063739376770538,0.026912181303116147,265.1653804766288,246.18396989187158,465.3395136603629,259.5849387996817,1000.0,28.7056,236.4597804766288,0.13233461013366293,0.1431932121680151,0.724472177698322,361,15.313019390581717,0.09602770083484728,0.18615999979374448,0.05204351661276095,,,,2824,0.0,0.8852691218130312,0.0,0.0,1.0,23284.207035073072,0.0,1.9420015907264256,38.12099310744399,0.0284,0.0,0.0,,,0.0,0.1431932121680151
none,1,400,2824,2483,0.8792492917847026,0.12075070821529744,0.037889518413597736,0.05594900849858357,0.026912181303116147,254.77910664552448,233.51525266731915,452.3142638403326,250.26039928218484,993.2,27.020539669754328,227.75856697577012,0.14145140356088778,0.1389663277476858,0.7195822686914264,364,15.151098901098901,0.09336868131638087,0.18936600021334016,0.05013270421704512,,,,2824,0.0,0.8792492917847026,0.0,0.0,1.0,23221.673728271573,0.0,0.9482104465013722,38.101311908982105,0.02577527184857028,0.0,0.0,,,0.0,0.1389663277476858
none,2,400,2824,2452,0.8682719546742209,0.13172804532577903,0.0453257790368272,0.04992917847025496,0.03647308781869688,264.1669785067245,239.0422524040414,465.97350863281224,262.39861867538957,980.8,31.37969004893964,232.78728845778488,0.13492001552911942,0.14170113433771026,0.7233788501331703,356,17.01123595505618,0.08536320223448568,0.18351500016251476,0.05353445726116533,,,,2824,0.0,0.8682719546742209,0.0,0.0,1.0,22881.337566639882,0.0,2.2797238311603834,37.26927852026929,0.029771615008156605,0.0,0.0,,,0.0,0.14170113433771026
none,3,400,2824,2469,0.8742917847025495,0.12570821529745044,0.03859773371104816,0.060906515580736544,0.026203966005665724,267.19739306469273,241.80839598525927,478.4514364506497,259.8411279724072,987.6,30.722559740785744,236.47483332390698,0.13927492916898843,0.14063686948363385,0.7200882013473777,362,15.955801104972375,0.0871364640919416,0.17838999967352706,0.045063741476430476,,,,2824,0.0,0.8742917847025495,0.0,0.0,1.0,23172.76975386893,0.0,0.2139161048515286,38.15249105585806,0.025921425678412314,0.0,0.0,,,0.0,0.14063686948363385
none,4,400,2824,2462,0.8718130311614731,0.1281869688385269,0.0453257790368272,0.05524079320113314,0.02762039660056657,255.84461772465923,227.74031825966222,465.5353070116229,251.36632384489,984.8,30.43501218521527,225.40960553944396,0.148316983548626,0.13639111820975255,0.7152918982416214,363,16.40220385674931,0.09391515150052651,0.1768860001720895,0.05270950547823512,,,,2824,0.0,0.8718130311614731,0.0,0.0,1.0,22971.141969958826,0.0,1.1979140434576578,38.328538138353125,0.029650690495532088,0.0,0.0,,,0.0,0.13639111820975255
none,5,400,2824,2471,0.875,0.125,0.039660056657223795,0.056303116147308784,0.02903682719546742,264.3489483245964,244.61605029482962,469.8840753015638,258.6851985497314,988.4,29.958721165520032,234.39022715907637,0.1312192826064916,0.14159387174647595,0.7271868456470325,358,16.075418994413408,0.08552877094626135,0.1416209998114938,0.05050206733608978,,,,2824,0.0,0.875,0.0,0.0,1.0,23094.55924748392,0.0,0.017921580289494317,37.836414272013656,0.021853500607041682,0.0,0.0,,,0.0,0.14159387174647595
none,0,500,2824,2661,0.9422804532577904,0.05771954674220963,0.010977337110481586,0.027974504249291786,0.018767705382436262,193.90518123580358,165.21615835566263,381.189532031196,195.33261867397223,1064.4,18.338970311912814,175.56621092389076,0.2846760517670028,0.09616003205533788,0.6191639161776593,367,11.046321525885558,0.0981547684145521,0.21479800030647161,0.048470859780727064,,,,2824,0.0,0.9422804532577904,0.0,0.0,1.0,24751.913573176545,0.0,2.6765814586124153,31.978126203061198,0.021796317173994738,0.0,0.0,,,0.0,0.09616003205533788
none,1,500,2824,2644,0.9362606232294618,0.06373937677053824,0.011685552407932011,0.03009915014164306,0.021954674220963172,190.77492453613468,163.30490830407393,366.3371469786296,193.2664649371068,1057.6,18.28290468986384,172.49201984627084,0.28679408630826914,0.09528701047626768,0.6179189032154632,358,11.368715083798882,0.09836731843081109,0.22014599942849603,0.052601322219028454,,,,2824,0.0,0.9362606232294618,0.0,0.0,1.0,24685.873265435326,0.0,2.294340926207981,31.367246953540796,0.02042360060514372,0.0,0.0,,,0.0,0.09528701047626768
none,2,500,2824,2640,0.9348441926345609,0.06515580736543909,0.011685552407932011,0.02762039660056657,0.025849858356940508,198.02276593153715,171.04904698197242,377.6267506565514,201.6810417491344,1056.0,19.367045454545455,178.6557204769917,0.2767974066744136,0.09895739048947474,0.6242452028361116,355,11.794366197183098,0.09464507042856651,0.2023060003011774,0.052298850574712646,,,,2824,0.0,0.9348441926345609,0.0,0.0,1.0,24668.347673974007,0.0,2.445091785754412,32.06642570639203,0.01628787878787879,0.0,0.0,,,0.0,0.09895739048947474
none,3,500,2824,2633,0.9323654390934845,0.06763456090651558,0.010977337110481586,0.0339943342776204,0.0226628895184136,191.7142805009362,165.44540058113216,364.00114504355594,192.99386904203172,1053.2,18.18116217242689,173.53311832850932,0.28305932496660285,0.09521107632554097,0.6217295987078562,356,11.157303370786517,0.10328033706909072,0.20972499987692556,0.05362776025236593,,,,2824,0.0,0.9323654390934845,0.0,0.0,1.0,24800.813337376727,0.0,2.1090020686826882,31.010782606948695,0.022407899734143564,0.0,0.0,,,0.0,0.09521107632554097
none,4,500,2824,2617,0.9266997167138811,0.07330028328611898,0.01451841359773371,0.03824362606232295,0.020538243626062325,190.57315062854443,161.93824414545452,377.63035724186784,191.61477663318234,1046.8,19.3916698509744,171.18148077757004,0.2941850539876136,0.09325938122878863,0.6125555647835977,360,11.880555555555556,0.09779305555892076,0.20360499998787418,0.05491661874640598,,,,2824,0.0,0.9266997167138811,0.0,0.0,1.0,24486.172198585275,0.0,1.9586395475715526,30.553202728414657,0.019487963316774933,0.0,0.0,,,0.0,0.09325938122878863
none,5,500,2824,2627,0.9302407932011332,0.06975920679886685,0.012747875354107648,0.03328611898016997,0.023725212464589234,189.80024857459176,160.97543929832318,363.37751649009624,192.15328618028508,1050.8,18.29615531023982,171.50409326435195,0.28430914130046364,0.09475137996493391,0.6209394787346024,358,11.480446927374302,0.10735949720395453,0.2246159995866038,0.05102334966849236,,,,2824,0.0,0.9302407932011332,0.0,0.0,1.0,24614.042957281614,0.0,2.1052869806954284,30.912349218029025,0.017891130567186907,0.0,0.0,,,0.0,0.09475137996493391
drift,0,300,2824,2029,0.7184844192634561,0.2815155807365439,0.20821529745042494,0.056657223796033995,0.016643059490084985,353.1825279036532,334.7247714345567,561.5533684879592,323.7461100768915,811.6,83.54805322819122,269.63447467546195,0.05631148315521831,0.14751210260904937,0.7878229127460532,371,36.26954177897574,0.09878409702964758,0.1823200004764658,0.046137714085983925,,,,2824,0.0,0.7184844192634561,0.0,0.0,1.0,18906.9952197097,0.0,1.5922341584332376,37.82301872190358,0.027106949236076885,0.104,30.490149337406763,0.3076923076923077,367.5899309895827,0.00835350148967906,0.15586560409872843
drift,1,300,2824,2007,0.7106940509915014,0.2893059490084986,0.19652974504249293,0.06869688385269122,0.024079320113314446,349.6708554599257,333.22656762667066,556.5397461055761,318.2659159952742,802.8,78.70702541106128,270.96383004886445,0.06197320426562959,0.15412922993057607,0.7760545160202552,367,34.880108991825615,0.0997607629143781,0.18823400028850287,0.052704099207716154,,,,2824,0.0,0.7106940509915014,0.0,0.0,1.0,18628.88693449429,0.0,2.1782915553205915,39.9504679995766,0.03238664673642252,0.09866666666666667,27.094019573092993,0.40540540540540543,394.41223323394667,0.00784304978353919,0.16197227971411526
drift,2,300,2824,2001,0.7085694050991501,0.2914305949008499,0.20821529745042494,0.059135977337110485,0.024079320113314446,348.8091216590877,332.3782921788152,566.2457572392668,320.9065076769699,800.4,80.2343828085957,268.57473885049205,0.05672779130095355,0.14980985697002222,0.7859619743181463,365,35.9972602739726,0.10444849315356569,0.1883800003270153,0.04919748778785764,,,,2824,0.0,0.7085694050991501,0.0,0.0,1.0,18547.864834366817,0.0,0.206201491126765,38.89414765670119,0.029985007496251874,0.088,26.07509516633517,0.4696969696969697,392.72303824845756,0.007500377410877851,0.15731023438090008
drift,3,300,2824,2022,0.7160056657223796,0.2839943342776204,0.20042492917847027,0.05984419263456091,0.023725212464589234,344.5132388726345,325.00673292495617,555.6510740268097,317.5807203705344,808.8,80.07072205736894,264.44251681526555,0.0589186217964899,0.1481967777055107,0.786454765618499,365,35.28219178082192,0.09077315065054517,0.18145600013667723,0.0565262076053443,,,,2824,0.0,0.7160056657223796,0.0,0.0,1.0,18941.817223942497,0.0,0.030057438615504046,37.65073722868704,0.021760633036597428,0.092,23.28429199324579,0.391304347826087,350.48427876658707,0.00642983487950028,0.15462661258501098
drift,4,300,2824,2032,0.7195467422096318,0.2804532577903683,0.19971671388101983,0.06019830028328612,0.020538243626062325,346.06918171644935,329.5959669788781,556.6427706312292,319.5199949271942,812.8,78.96112204724409,267.10805966920526,0.06086872279211779,0.1494367166072223,0.7814137456007137,369,35.333333333333336,0.09956097556974157,0.19237200038332955,0.046495489243580844,,,,2824,0.0,0.7195467422096318,0.0,0.0,1.0,18753.07024584615,0.0,1.54876208786705,38.38524680684353,0.030019685039370077,0.10533333333333333,28.999503825642563,0.45569620253164556,394.5617645652466,0.008280814999946106,0.1577175316071684
drift,5,300,2824,1993,0.7057365439093485,0.2942634560906516,0.20892351274787535,0.06621813031161473,0.019121813031161474,350.1498426698745,330.40784217736655,569.5577547753613,319.89651802850466,797.2,82.98243853487205,267.16740413500247,0.06353044139357071,0.14511133051649944,0.7837548124329363,364,36.75,0.09596675825098198,0.20196999998006504,0.048831531217300314,,,,2824,0.0,0.7057365439093485,0.0,0.0,1.0,18679.796832222986,0.0,1.3149431693450508,37.36511331970025,0.02809834420471651,0.096,28.24922573106149,0.3055555555555556,346.1458618755928,0.007603415656993624,0.15271474617349307
drift,0,400,2824,2480,0.8781869688385269,0.12181303116147309,0.03859773371104816,0.05453257790368272,0.02868271954674221,253.63585035326784,225.59562164446288,461.1549068960208,248.45069804229328,992.0,27.18508064516129,226.45076970810658,0.12831659571926537,0.13833019973426028,0.7210498275138081,361,15.07202216066482,0.0964919667380968,0.18853999990824352,0.049867217468279726,,,,2824,0.0,0.8781869688385269,0.0,0.0,1.0,23033.371319983726,0.0,2.4594560398231073,38.54837598634672,0.031048387096774193,0.188,60.95726434629218,0.48936170212765956,369.9029376836167,0.012303377032666296,0.15063357676692657
drift,1,400,2824,2448,0.8668555240793201,0.13314447592067988,0.04072237960339943,0.06161473087818697,0.030807365439093484,254.16766288363374,227.76085441693021,458.5705666147819,249.9886919951823,979.2,26.578839869281047,227.5888230143527,0.13220923902778428,0.1398137432192151,0.7156627676885021,362,15.41988950276243,0.09590994475287345,0.20545799975479892,0.055865921787709494,,,,2824,0.0,0.8668555240793201,0.0,0.0,1.0,23019.010902308928,0.0,1.4127749096053477,38.41260489577062,0.02900326797385621,0.174,57.70967897680811,0.5287356321839081,377.2395086237991,0.012314250064498525,0.15212799328371363
drift,2,400,2824,2467,0.8735835694050992,0.12641643059490085,0.04143059490084986,0.051345609065155805,0.03364022662889518,258.96300860382047,233.7646316943883,468.5963498582551,256.8963052682381,986.8,29.37454398054317,229.5884646232773,0.12635494774783282,0.14096597486950613,0.721743986587918,359,16.04735376044568,0.09180752089717552,0.1679139996849701,0.05109273479031305,,,,2824,0.0,0.8735835694050992,0.0,0.0,1.0,22915.65022721359,0.0,1.4705081531116981,38.080656258416944,0.032022699635184435,0.155,54.64143486593402,0.5161290322580645,361.2536471527725,0.010935090794743071,0.1519010656642492
drift,3,400,2824,2463,0.8721671388101983,0.1278328611898017,0.034702549575070823,0.06763456090651558,0.025495750708215296,255.58335705845414,232.33686064098583,459.5766531983656,247.81320618766344,985.2,27.31303288672351,228.27032417173064,0.13179371983932725,0.1367429887880951,0.7209436810603688,361,15.022160664819944,0.09262326872842921,0.1850000000558793,0.05051395007342144,,,,2824,0.0,0.8721671388101983,0.0,0.0,1.0,23068.861163968457,0.0,1.1516663186624423,38.125520192555214,0.028014616321559074,0.166,50.11780406655397,0.5542168674698795,375.33511179158364,0.01051961031220893,0.14726259910030404
drift,4,400,2824,2447,0.8665014164305949,0.1334985835694051,0.04178470254957507,0.06055240793201133,0.031161473087818695,253.5808860664256,226.01416557445373,452.0903119779359,250.24297974094625,978.8,28.57049448304046,225.01039158338514,0.13731359505681986,0.13726304402313458,0.7112392301896979,362,15.950276243093922,0.09145386739165583,0.18156199997065406,0.04945217648800711,,,,2824,0.0,0.8665014164305949,0.0,0.0,1.0,22838.903236470836,0.0,1.5395629223096865,38.521828070107674,0.030241111565181854,0.202,67.82756729272705,0.4801980198019802,373.19428063867775,0.014184130730347676,0.15144717475348227
drift,5,400,2824,2471,0.875,0.125,0.04178470254957507,0.056303116147308784,0.026912181303116147,257.8597128402086,233.5368139483462,468.96470510864674,252.62760775341872,988.4,29.05827600161878,228.80143683858984,0.124911907052099,0.13829141382949808,0.7259102496036148,359,15.94150417827298,0.0886286908531768,0.16404600073656186,0.046076099881093936,,,,2824,0.0,0.875,0.0,0.0,1.0,23198.300280749143,0.0,-0.030593283414757085,37.530328100255694,0.023472278429785512,0.171,55.98858014149641,0.4502923976608187,331.0330280833975,0.01088642951478801,0.1491778433442861
drift,0,500,2824,2677,0.9479461756373938,0.052053824362606235,0.012393767705382436,0.0226628895184136,0.0169971671388102,189.39390972561384,159.45090846399444,363.15505338236636,191.0145893465362,1070.8,18.671647366454987,170.72226235915886,0.259832393787568,0.09436863753112892,0.6236517396060943,365,11.252054794520548,0.09512575341506992,0.2195160000337637,0.053720195346164894,,,,2824,0.0,0.9479461756373938,0.0,0.0,1.0,24904.848650576063,0.0,2.397346758481643,30.798802272867647,0.01942472917444901,0.3296,137.09220483218058,0.42718446601941745,344.2010592511892,0.02214722907520869,0.11651586660633761
drift,1,500,2824,2640,0.9348441926345609,0.06515580736543909,0.0169971671388102,0.025849858356940508,0.022308781869688384,191.78894132125967,162.32380606943116,363.0408580409524,195.00184437476608,1056.0,18.549242424242426,173.23969889701723,0.26312026855318654,0.09599724515457382,0.6182289311654392,357,11.798319327731093,0.09527086835134127,0.1794280000103754,0.04732868757259001,,,,2824,0.0,0.9348441926345609,0.0,0.0,1.0,24692.570513851726,0.0,2.0722584329702043,31.695280395008254,0.01893939393939394,0.3152,134.64205169566858,0.42385786802030456,351.8941469795759,0.02265355512680047,0.11865080028137429
drift,2,500,2824,2655,0.9401558073654391,0.05984419263456091,0.013456090651558074,0.026203966005665724,0.02018413597733711,195.0705773397825,166.07241636244726,366.57189154602673,197.76127573946496,1062.0,19.620338983050846,175.45023835673163,0.25093596843665333,0.09693806063893762,0.6310997443899433,355,12.030985915492957,0.10489633804495434,0.19324400032928676,0.05644699140401146,,,,2824,0.0,0.9401558073654391,0.0,0.0,1.0,24900.407177473397,0.0,1.719575754047208,31.488870849163078,0.015819209039548022,0.3032,128.3526172003292,0.46174142480211083,361.5340819549137,0.02102622653446574,0.11796428717340336
drift,3,500,2824,2633,0.9323654390934845,0.06763456090651558,0.013456090651558074,0.032223796033994334,0.021954674220963172,189.0809130455293,163.71664628313738,356.91997009717323,191.44743307219474,1053.2,18.0945689327763,170.98634411275296,0.2614200860087406,0.0946856270861548,0.6229295359587286,359,11.270194986072424,0.09575181058841069,0.19345200027601103,0.0488157134604275,,,,2824,0.0,0.9323654390934845,0.0,0.0,1.0,24796.132507805258,0.0,2.6042270009300745,31.374222359411565,0.0186099506266616,0.3256,128.2610065188249,0.47665847665847666,345.7252949444112,0.0209647509463761,0.11565037803253089
drift,4,500,2824,2637,0.9337818696883853,0.06621813031161473,0.011685552407932011,0.032223796033994334,0.022308781869688384,194.23953994089035,164.57535372756774,373.53171621922564,196.5998344748522,1054.8,18.818733409177096,175.42080653171325,0.2641644487000387,0.09688023346911363,0.6171117684822943,364,11.464285714285714,0.1008299450454565,0.2022959999976593,0.049062049062049064,,,,2824,0.0,0.9337818696883853,0.0,0.0,1.0,24659.516938199697,0.0,1.7698708429987324,32.016107453185946,0.018960940462646948,0.3016,129.555055038781,0.40848806366047746,355.80120928708493,0.021843549348553305,0.11872378281766693
drift,5,500,2824,2650,0.9383852691218131,0.06161473087818697,0.013101983002832862,0.028328611898016998,0.02018413597733711,189.28790859186768,162.65988603475398,358.4057211711695,191.1704040158278,1060.0,18.276981132075473,171.01092745979219,0.25599243229413987,0.09437170415968243,0.6272996261979744,358,11.441340782122905,0.09689106145336221,0.1974430001610017,0.04719166184134337,,,,2824,0.0,0.9383852691218131,0.0,0.0,1.0,24878.43527595502,0.0,0.7004177002998929,30.760228842379437,0.01471698113207547,0.332,137.97460939843785,0.3783132530120482,333.1299953710361,0.02233623734820331,0.11670794150788574
planned_reactive,0,300,2824,1999,0.7078611898016998,0.2921388101983003,0.20148725212464588,0.06586402266288952,0.024787535410764873,349.1751621581268,333.1537665892811,566.8689523880032,318.7778881757518,799.6,79.09354677338669,270.0816153847401,0.05538558238620518,0.15137582876008623,0.7829286490290971,370,34.7,0.08886135137554202,0.16402399962316852,0.05068965517241379,,,,2824,0.0,0.7078611898016998,0.0,0.0,1.0,18611.137869911785,0.0,1.1438515575883135,38.595356072741275,0.025512756378189096,0.13066666666666665,35.526823174240256,0.5204081632653061,406.2077358294514,0.010309939824611597,0.16168576858469783
planned_reactive,1,300,2824,1998,0.7075070821529745,0.29249291784702547,0.20502832861189801,0.06161473087818697,0.025849858356940508,343.6923738707058,322.99495103365416,569.490529108851,315.8819080002117,799.2,80.82932932932933,262.86304454137644,0.06858845587272948,0.1481123079164619,0.7762880389082161,375,34.714666666666666,0.0935850666743742,0.18394599994280705,0.05232155232155232,,,,2824,0.0,0.7075070821529745,0.0,0.0,1.0,18630.858764599143,0.0,-0.43619025018767715,37.38345780730109,0.023523523523523524,0.11466666666666667,25.864390412757206,0.6046511627906976,389.87791222105864,0.007011197302592514,0.1551235052190544
planned_reactive,2,300,2824,1993,0.7057365439093485,0.2942634560906516,0.2071529745042493,0.06055240793201133,0.026558073654390935,352.57186443759934,336.6991523208444,573.0073224256321,322.41161420489414,797.2,83.73457099849473,268.8372934391046,0.06200520980514599,0.14857385517633892,0.7822415829397181,363,36.484848484848484,0.0884738291944523,0.16139999968800112,0.051130434782608696,,,,2824,0.0,0.7057365439093485,0.0,0.0,1.0,18636.27114676296,0.0,-0.1343165854102275,37.5257305622543,0.02408429503261415,0.10933333333333334,24.993931966025787,0.573170731707317,403.2446145109929,0.007179352078796941,0.15575320725513586
planned_reactive,3,300,2824,2002,0.7089235127478754,0.29107648725212465,0.1954674220963173,0.0711756373937677,0.02443342776203966,349.03365630773607,335.53799513996955,565.6632765842184,317.94394347659187,800.8,76.96353646353646,272.0701198441996,0.05892184050570326,0.15326123999599348,0.7804473603007046,364,34.38461538461539,0.1051280219768899,0.23081899950739174,0.0461750516884907,,,,2824,0.0,0.7089235127478754,0.0,0.0,1.0,18751.204773187455,0.0,0.6665909894985238,37.77206513835659,0.025974025974025976,0.112,26.272422764257698,0.5833333333333334,386.1776420579675,0.007369559197598682,0.16063079919359216
planned_reactive,4,300,2824,1985,0.7029036827195467,0.29709631728045327,0.20148725212464588,0.06940509915014165,0.026203966005665724,346.99413653422755,332.5056030131109,554.6470558019101,318.3371126678292,794.0,77.48816120906801,269.5059753251595,0.06330948537735427,0.15173128844933334,0.7775409813366705,378,34.03703703703704,0.09386984126731429,0.20909099993332386,0.050484094052558784,,,,2824,0.0,0.7029036827195467,0.0,0.0,1.0,18582.36990932999,0.0,2.8237228827641836,38.5618757305495,0.030730478589420653,0.12,26.333313271555358,0.6111111111111112,410.11108752001593,0.0074182448366420265,0.15914953328597536
planned_reactive,5,300,2824,1995,0.7064447592067988,0.2935552407932011,0.20821529745042494,0.06161473087818697,0.023725212464589234,352.070204300018,333.5967819760808,569.2702852715419,322.9262335968408,798.0,84.88220551378446,267.18799878623355,0.05811542277670658,0.1473983818524025,0.7867983728642018,362,37.069060773480665,0.09321187846168834,0.1641250001193838,0.04783519553072626,,,,2824,0.0,0.7064447592067988,0.0,0.0,1.0,18687.480291236883,0.0,0.5862604092220493,37.79178198130965,0.030576441102756893,0.11333333333333333,26.049741583272883,0.5647058823529412,387.0257026006129,0.00768782250668909,0.1550862043590916
planned_reactive,0,400,2824,2505,0.8870396600566572,0.11296033994334277,0.032223796033994334,0.04815864022662889,0.032577903682719546,249.6204504720164,228.52333078419724,445.57617047908735,249.41129617451608,1002.0,26.633532934131736,222.98691753788466,0.11711275121216683,0.1394969431654288,0.7261677756140712,363,14.730027548209366,0.09068044077009062,0.17018600005030743,0.046244477172312226,,,,2824,0.0,0.8870396600566572,0.0,0.0,1.0,23291.742074270143,0.0,0.16084175712496984,37.81671368666544,0.02554890219560878,0.271,81.50899634056609,0.5977859778597786,398.7755198912847,0.01722253000833314,0.15671947317376195
planned_reactive,1,400,2824,2499,0.884915014164306,0.11508498583569406,0.028328611898016998,0.06196883852691218,0.024787535410764873,249.18855317588728,228.9252808070387,442.83253216873993,242.55636429044708,999.6,24.901160464185676,224.2873927117016,0.12177774894241603,0.13691349352865567,0.7237537603960146,360,14.186111111111112,0.09352722224270514,0.19055300025684127,0.0555394009886595,,,,2824,0.0,0.884915014164306,0.0,0.0,1.0,23375.29772639617,0.0,1.0080772915210334,36.77372841707997,0.028011204481792718,0.277,86.68129015657011,0.6642599277978339,403.51559823620653,0.017554997132913717,0.1544684906615694
planned_reactive,2,400,2824,2475,0.8764164305949008,0.12358356940509915,0.04107648725212465,0.049575070821529746,0.03293201133144476,260.55168737418904,239.4493133916094,467.2511191999805,257.9734333901349,990.0,30.195151515151515,230.3565358590375,0.114278607482242,0.1407223779056503,0.7300256054475651,357,16.173669467787114,0.10482633056466618,0.2011920001314138,0.05219699203774698,,,,2824,0.0,0.8764164305949008,0.0,0.0,1.0,23127.525778606636,0.0,-0.31924705560756167,37.61133135796395,0.02707070707070707,0.224,69.37866877408764,0.6026785714285714,405.85275346044546,0.014973409164542591,0.15569578707019288
planned_reactive,3,400,2824,2461,0.8714589235127479,0.12854107648725213,0.031161473087818695,0.06338526912181303,0.0339943342776204,272.8591245763062,248.48724160984784,476.87362317587485,265.5782759656134,984.4,30.469727752945957,242.38939682336024,0.11786836450025903,0.14476283722197017,0.7223792937963108,361,15.457063711911358,0.09922409971348471,0.219879999895056,0.04842970355151159,,,,2824,0.0,0.8714589235127479,0.0,0.0,1.0,23271.768243542025,0.0,1.1259839625412587,39.833567554863414,0.030069077610727347,0.231,71.6824148485362,0.6190476190476191,393.0680117672991,0.014989504481459972,0.15975234170343014
planned_reactive,4,400,2824,2509,0.8884560906515581,0.11154390934844192,0.03541076487252125,0.05063739376770538,0.025495750708215296,247.97887483176703,222.19724228258747,450.65993532942423,243.16880068328456,1003.6,27.14627341570347,220.83260141606357,0.11942487888222196,0.1347041958388817,0.7286964266785607,362,14.69889502762431,0.10280331488105308,0.23363400051493927,0.05001471020888497,,,,2824,0.0,0.8884560906515581,0.0,0.0,1.0,23385.80177998694,0.0,1.309630407224863,37.434095633221325,0.029095257074531686,0.276,83.5862911781438,0.6304347826086957,397.02896787297306,0.01717449860033569,0.1518786944392174
planned_reactive,5,400,2824,2496,0.8838526912181303,0.11614730878186968,0.03541076487252125,0.05488668555240793,0.025849858356940508,250.81252473134467,226.9899230645001,449.48918936520954,247.46260668291967,998.4,28.05128205128205,222.76124268006262,0.12084016800909975,0.13638906668271403,0.7287523942611178,359,15.348189415041782,0.09551922009189268,0.2138540001215008,0.047520661157024795,,,,2824,0.0,0.8838526912181303,0.0,0.0,1.0,23234.598437985125,0.0,0.9045717338859742,36.46748809606819,0.022435897435897436,0.229,66.96733418600127,0.6724890829694323,386.27104823530857,0.014018371047068455,0.1504074377297825
planned_reactive,0,500,2824,2727,0.9656515580736544,0.03434844192634561,0.006728045325779037,0.01451841359773371,0.013101983002832862,159.77531372101933,134.95083988183706,300.88871432215853,161.75837872823723,1090.8,17.255225522552255,142.52008819846705,0.23418546518040634,0.08234036305266738,0.6370803801978155,358,10.72905027932961,0.09661256983398535,0.19018699986190768,0.04528410729737525,,,,2824,0.0,0.9656515580736544,0.0,0.0,1.0,25375.354141215088,0.0,3.0097610041746243,26.494130604208653,0.014301430143014302,0.616,285.693327986447,0.5324675324675324,407.4025205910199,0.046393791569110734,0.12873415462177812
planned_reactive,1,500,2824,2704,0.9575070821529745,0.042492917847025496,0.009206798866855524,0.014872521246458924,0.018413597733711047,163.95185742552104,137.4915657169231,313.1055543032498,167.6191315296227,1081.6,17.5625,146.38935742552104,0.24127068356676062,0.08503972763543392,0.6308019314098469,357,10.910364145658264,0.09439691879919189,0.17533200050820597,0.05385276425093097,,,,2824,0.0,0.9575070821529745,0.0,0.0,1.0,25292.467035616573,0.0,3.3368409765035043,27.166590501514722,0.011464497041420118,0.576,262.5896281775177,0.5194444444444445,399.16739791139406,0.04288765738795853,0.12792738502339246
planned_reactive,2,500,2824,2712,0.9603399433427762,0.039660056657223795,0.007790368271954674,0.015580736543909348,0.016288951841359773,167.6566342923402,140.5522425044528,313.14943635600304,170.88278412356047,1084.8,17.4391592920354,150.21747500030477,0.22533843246894583,0.08630401311596089,0.6431150128995424,356,10.915730337078651,0.09427780897117935,0.1937399996222664,0.05618938961779806,,,,2824,0.0,0.9603399433427762,0.0,0.0,1.0,25392.79037163774,0.0,2.505886048790754,27.798709456271347,0.012168141592920354,0.5944,272.4239167327977,0.5181695827725438,397.94641536982243,0.045242541515550794,0.1315465546315117
planned_reactive,3,500,2824,2704,0.9575070821529745,0.042492917847025496,0.006728045325779037,0.02018413597733711,0.015580736543909348,165.33562699666584,140.00584453466536,304.56439415096145,168.23918178749284,1081.6,16.734097633136095,148.60152936352975,0.22875129734481867,0.08550445561222993,0.6410163733879656,355,10.67605633802817,0.09495549297304971,0.2105980001033458,0.04690647482014389,,,,2824,0.0,0.9575070821529745,0.0,0.0,1.0,25512.244264732824,0.0,3.3728146028497497,27.413609105254274,0.014792899408284023,0.5928,268.6327383440431,0.5384615384615384,404.4581460179743,0.04472787365498585,0.13023232926721579
planned_reactive,4,500,2824,2699,0.9557365439093485,0.044263456090651555,0.008852691218130312,0.018767705382436262,0.016643059490084985,162.73669569920702,135.2953698301917,312.121449291343,166.44399448130113,1079.6,17.47647276769174,145.26022293151527,0.2352592258364642,0.08407771511136601,0.6347812601907293,359,10.983286908077995,0.10834094706413575,0.20609800018064564,0.05410821643286573,,,,2824,0.0,0.9557365439093485,0.0,0.0,1.0,25343.66083782633,0.0,2.610148917607241,27.766204518323207,0.012597258243793997,0.6056,276.385871901054,0.5363276089828269,409.3117414593491,0.04588179886144041,0.12995951397280642
planned_reactive,5,500,2824,2700,0.9560906515580736,0.043909348441926344,0.007082152974504249,0.020892351274787536,0.01593484419263456,162.26184528083022,136.00217877144587,306.6863593643724,164.2271591302621,1080.0,17.73296296296296,144.52888231786724,0.23125026918800937,0.082789292852327,0.64118285426815,360,10.813888888888888,0.1074363888771283,0.19792000010966254,0.04805755395683453,,,,2824,0.0,0.9560906515580736,0.0,0.0,1.0,25344.690630948237,0.0,1.2901973619565732,27.324878398898278,0.012222222222222223,0.5984,270.1528238690795,0.5227272727272727,388.07272186899513,0.04477758369151364,0.12756687654384063
planned_forecast,0,300,2824,2029,0.7184844192634561,0.2815155807365439,0.19121813031161472,0.06444759206798867,0.025849858356940508,345.28464219400223,326.3625062681713,565.2031398280186,318.1841861789813,811.6,79.82947264662396,265.45516954737826,0.060464268819293294,0.150955506633567,0.7835312743634356,367,34.63760217983651,0.12249863757262588,0.22090400017987094,0.05178875638841567,,,,2824,0.0,0.7184844192634561,0.0,0.0,1.0,18699.936540156028,0.0,0.5374496866216995,38.71270087691081,0.027106949236076885,0.07466666666666667,18.546231107372332,0.5892857142857143,372.67349544145526,0.005048950183704092,0.1560044568172711
planned_forecast,1,300,2824,1995,0.7064447592067988,0.2935552407932011,0.20502832861189801,0.06550991501416431,0.02301699716713881,350.96419696955104,333.9854790421591,552.3794527952581,320.15697661232736,798.0,82.25764411027569,268.7065528592754,0.06489722131878997,0.14965020267244195,0.780160487446447,368,35.93478260869565,0.12159429345699566,0.20136400004957927,0.05065926439972242,,,,2824,0.0,0.7064447592067988,0.0,0.0,1.0,18756.969575404346,0.0,1.509403269450646,38.681312212168216,0.02756892230576441,0.06266666666666666,18.734874700540004,0.5106382978723404,413.7727164009491,0.005292088562321071,0.15494229123476302
planned_forecast,2,300,2824,1985,0.7029036827195467,0.29709631728045327,0.20892351274787535,0.06586402266288952,0.022308781869688384,348.981942504955,332.16395567274594,562.5783344136285,318.3784516088134,794.0,80.92443324937028,268.0575092555847,0.06878783364387184,0.14708172723885224,0.7792986458547393,366,35.78415300546448,0.1273863388091169,0.23352500015789782,0.05578655578655579,,,,2824,0.0,0.7029036827195467,0.0,0.0,1.0,18608.968738268464,0.0,1.4261899286625683,37.425618842574686,0.02367758186397985,0.07866666666666666,16.006525828334063,0.6610169491525424,416.54698963966666,0.0048317932625365646,0.15191352050138882
planned_forecast,3,300,2824,2000,0.7082152974504249,0.29178470254957506,0.20644475920679886,0.06338526912181303,0.021954674220963172,354.71539628794744,340.8536564397118,572.8896784166094,324.5161427178998,800.0,79.7235,274.99189628794744,0.05992295208779131,0.1541663264974027,0.7815420562553764,364,35.85989010989011,0.12559972529183702,0.24426899983154737,0.04994797086368366,,,,2824,0.0,0.7082152974504249,0.0,0.0,1.0,18683.328172345406,0.0,3.1661286739623438,38.55387882511185,0.0305,0.07733333333333334,16.260111950408746,0.5862068965517241,369.932023314287,0.004368665159429607,0.1585349916568323
planned_forecast,4,300,2824,2005,0.7099858356940509,0.290014164305949,0.19440509915014165,0.07152974504249292,0.024079320113314446,342.3380523672604,326.37016852774013,547.0508375722484,316.1320021705122,802.0,74.95810473815462,267.37994762910574,0.06260643053394184,0.15139379505220016,0.7817252333293412,365,34.88493150684931,0.12574520546441406,0.2639319996887936,0.0442294402211472,,,,2824,0.0,0.7099858356940509,0.0,0.0,1.0,18622.77784383469,0.0,0.7658416415068183,37.880499330671455,0.030423940149625937,0.07333333333333333,13.431099952195018,0.6545454545454545,385.5697149519542,0.004274541084516811,0.15566833613671696
planned_forecast,5,300,2824,2006,0.7103399433427762,0.2896600566572238,0.19086402266288952,0.07330028328611898,0.025495750708215296,346.6226434503237,330.0056045318697,563.3036570351755,319.1160731509565,802.4,78.91575274177468,267.706890708549,0.06111912039736071,0.1511625766258406,0.7803064650440468,364,35.357142857142854,0.11072884612386279,0.18206599977020232,0.050870604301809494,,,,2824,0.0,0.7103399433427762,0.0,0.0,1.0,18515.75405221602,0.0,0.8999819291576537,37.79118888362221,0.027417746759720838,0.09466666666666666,24.33199164512819,0.5070422535211268,403.71796073317034,0.0074118379327519765,0.15857441455859256
planned_forecast,0,400,2824,2531,0.8962464589235127,0.10375354107648725,0.03293201133144476,0.04461756373937677,0.026203966005665724,248.85883637306424,225.47432031060134,449.66175136982656,246.085299584348,1012.4,26.317661003555905,222.54117536950832,0.1201929326425966,0.13709556696177178,0.7316893539726814,362,14.422651933701658,0.11639530388121021,0.18751800004793032,0.05019078368065747,,,,2824,0.0,0.8962464589235127,0.0,0.0,1.0,23451.46977183349,0.0,1.7035993317885845,36.882527416174234,0.027261951797708416,0.175,51.3041817576262,0.6971428571428572,402.69268785732066,0.011022146422950227,0.14811771338472202
planned_forecast,1,400,2824,2492,0.8824362606232294,0.11756373937677053,0.031161473087818695,0.06338526912181303,0.02301699716713881,257.2077139743809,234.84404402304335,461.90219262471277,249.12726298088174,996.8,26.587881219903693,230.61983275447724,0.12486100012551433,0.13990844515598547,0.7244391019827692,362,14.43646408839779,0.1188870166053414,0.2745849994971648,0.05122950819672131,,,,2824,0.0,0.8824362606232294,0.0,0.0,1.0,23420.162564587525,0.0,1.8919026179377512,38.290013868566966,0.025280898876404494,0.175,50.88926646164217,0.6971428571428572,410.15017700449863,0.010791452735731026,0.1506998978917165
planned_forecast,2,400,2824,2510,0.8888101983002833,0.11118980169971672,0.03364022662889518,0.04461756373937677,0.03293201133144476,252.974288031563,224.8364015808927,453.88809134568146,252.9548352479462,1004.0,29.890438247011954,223.08384978455103,0.11743543812179362,0.13841350734835228,0.7352579623699488,361,15.470914127423823,0.11932132962111683,0.24789999970380333,0.04964747356051704,,,,2824,0.0,0.8888101983002833,0.0,0.0,1.0,23338.372559930678,0.0,-0.14142350333525414,36.03283388466148,0.02549800796812749,0.143,40.95805788651598,0.6853146853146853,399.5978426390036,0.008893092159905254,0.14730659950825753
planned_forecast,3,400,2824,2477,0.8771246458923513,0.12287535410764873,0.036827195467422094,0.061260623229461755,0.024787535410764873,254.6444365671118,229.91985532791114,462.5845236814611,247.33290921615105,990.8,27.743237787646347,226.90119877946543,0.12411770841687109,0.1370612878467085,0.7278397101498987,359,14.933147632311977,0.1196314763149234,0.2950139997847147,0.05479050688543803,,,,2824,0.0,0.8771246458923513,0.0,0.0,1.0,23237.031349853503,0.0,-0.23453960132437013,37.05456783490198,0.025433992733144933,0.17,50.54793730005018,0.711764705882353,412.1321529685968,0.010981293586521735,0.14804258143323024
planned_forecast,4,400,2824,2494,0.8831444759206799,0.11685552407932011,0.03611898016997167,0.05488668555240793,0.025849858356940508,250.68030174722116,223.31098230082353,453.06096074816384,245.73251285057594,997.6,28.441459502806737,222.23884224441443,0.1200231967343834,0.1347147386369774,0.7333459855255438,359,15.348189415041782,0.11699693593141282,0.20111000025281142,0.05506736965436438,,,,2824,0.0,0.8831444759206799,0.0,0.0,1.0,23597.491195470815,0.0,1.0124466479435996,37.015743131436786,0.026463512429831595,0.201,56.07531506638033,0.7860696517412935,425.0129441666052,0.011916079103095415,0.1466308177400728
planned_forecast,5,400,2824,2480,0.8781869688385269,0.12181303116147309,0.03611898016997167,0.059490084985835696,0.026203966005665724,260.4014316281833,239.7026960044309,472.3412131556666,254.38137411739748,992.0,30.340725806451612,230.06070582173166,0.11923368754697657,0.13865415727293134,0.733004140962853,361,15.897506925207756,0.12060360112075934,0.29948000010335785,0.04585798816568047,,,,2824,0.0,0.8781869688385269,0.0,0.0,1.0,23257.19378001942,0.0,3.115483609931846,36.499428075634455,0.028629032258064516,0.148,44.78003006492939,0.6891891891891891,404.91620101695327,0.009108014217239,0.14776217149017035
planned_forecast,0,500,2824,2733,0.9677762039660056,0.032223796033994334,0.009206798866855524,0.012747875354107648,0.010269121813031162,153.33177263536172,127.97338410943667,290.31163727103745,155.63992870647516,1093.2,17.222100256128797,136.1096723792329,0.2557746592131362,0.07857694685555258,0.632486824334734,361,10.844875346260388,0.12687119116356135,0.24389999998675088,0.05736301369863014,,,,2824,0.0,0.9677762039660056,0.0,0.0,1.0,25327.862412934155,0.0,3.0509450319146567,26.017178519589546,0.012440541529454811,0.4296,202.6299957520184,0.5586592178770949,414.30906969381107,0.03316156959657723,0.11173851645212982
planned_forecast,1,500,2824,2723,0.9642351274787535,0.03576487252124646,0.009915014164305949,0.01451841359773371,0.0113314447592068,157.74895801367123,131.10178124479717,297.8205653797242,160.62377336243043,1089.2,17.096217407271393,140.65274060639985,0.2523767783721826,0.08098509630911564,0.6360475764441137,359,10.86350974930362,0.12491894146850856,0.27148999997734935,0.04815455594002307,,,,2824,0.0,0.9642351274787535,0.0,0.0,1.0,25480.61760779884,0.0,1.8880828939085825,26.456644031869338,0.012853470437017995,0.4112,182.73088972365332,0.5933852140077821,408.863126270951,0.030590548874588043,0.11157564518370369
planned_forecast,2,500,2824,2703,0.9571529745042493,0.04284702549575071,0.006728045325779037,0.017351274787535412,0.018767705382436262,160.11015389464723,129.97726517169485,310.7314611934906,163.25077707520177,1081.2,17.748427672955973,142.36172622169124,0.24064430374080062,0.08186075115310595,0.645940536662816,355,10.991549295774648,0.12539746477274785,0.18513599959987911,0.05398457583547558,,,,2824,0.0,0.9571529745042493,0.0,0.0,1.0,25435.66194908731,0.0,0.8307528842074875,26.48628787569717,0.01220865704772475,0.4152,188.38127423070281,0.5953757225433526,409.9052453061181,0.031554408443277386,0.11341515959638335
planned_forecast,3,500,2824,2709,0.9592776203966006,0.04072237960339943,0.009206798866855524,0.018413597733711047,0.013101983002832862,159.9433711544187,131.80684493064473,302.89806456242525,162.50745940140143,1083.6,17.46622369878184,142.47714745563687,0.24851224051184936,0.08155725837156559,0.6391867025202927,355,10.977464788732394,0.1262101408710677,0.26329399997848435,0.05164992826398852,,,,2824,0.0,0.9592776203966006,0.0,0.0,1.0,25471.249972230857,0.0,2.1870422469191295,27.1208634758474,0.015134736064968624,0.3912,179.2325201159811,0.5787321063394683,424.2710412888125,0.030743798596292306,0.1123010569678579
planned_forecast,4,500,2824,2706,0.9582152974504249,0.04178470254957507,0.0084985835694051,0.017705382436260624,0.015580736543909348,155.7471757188881,128.26528104013346,298.2409513752159,158.772801443341,1082.4,16.98669623059867,138.76047948828943,0.25161424254199516,0.0796038922945072,0.6354042607701212,361,10.897506925207756,0.12244542939246598,0.21265999985189402,0.048934945308002305,,,,2824,0.0,0.9582152974504249,0.0,0.0,1.0,25420.39122604586,0.0,1.6269111656634523,26.019177693781643,0.009608277900960829,0.4256,201.0815198454542,0.5714285714285714,416.8095996096567,0.03337760439337637,0.11298149668788357
planned_forecast,5,500,2824,2705,0.9578611898016998,0.042138810198300285,0.0084985835694051,0.0169971671388102,0.016643059490084985,157.02312107552603,130.84492145552395,295.3005752491375,160.29561119746774,1082.0,17.16709796672828,139.85602310879776,0.24634287732391938,0.08136083272697127,0.6398544352174533,359,10.77158774373259,0.12423398328992385,0.21623199976602353,0.04756413952147593,,,,2824,0.0,0.9578611898016998,0.0,0.0,1.0,25337.88983071388,0.0,2.2449913840277365,26.606172837667344,0.013308687615526803,0.4096,196.88624057012518,0.556640625,396.78940928138667,0.03244185473165601,0.11380268745862729
