arm,seed,drivers.num_drivers,riders.lateness_tolerance_median_s,requests,completed,completion_rate,cancel_rate,cancel_no_match_rate,cancel_eta_rate,cancel_late_rate,wait_mean_s,wait_p50_s,wait_p90_s,wait_all_mean_s,completed_per_hour,time_to_match_mean_s,pickup_mean_s,driver_idle_frac,driver_enroute_frac,driver_ontrip_frac,batches,batch_riders_mean,solve_ms_mean,solve_ms_p99,decline_rate,shadow_gap_s_per_batch,shadow_gap_frac,shadow_worse_batches_frac,app_opens,priced_out_rate,served_rate,retried_rate,surged_trip_frac,mean_multiplier_paid,revenue_per_hour,surge_revenue_per_hour,eta_error_mean_s,eta_abs_error_mean_s,eta_late_2min_frac,moves_per_driver_hour,reposition_km_per_hour,moves_dispatched_frac,move_planned_mean_s,driver_reposition_frac
global_multiplier,0,400,120.0,2824,848,0.3002832861189802,0.6997167138810199,0.0003541076487252125,0.0028328611898017,0.6965297450424929,186.9687444658971,158.65902471261984,345.8543912934748,222.18926930888423,339.2,15.267688679245284,171.7010557866518,0.6147563073033789,0.15969330381166358,0.22555038888495754,355,9.890140845070423,0.18488225352050802,0.4943219999796606,0.04965753424657534,,,,2824,0.0,0.3002832861189802,0.0,0.0,1.0,7563.464524059306,0.0,103.91327403259231,106.32006725315685,0.3443396226415094,0.0,0.0,,,0.0
global_multiplier,1,400,120.0,2824,805,0.28505665722379603,0.714943342776204,0.00141643059490085,0.0010623229461756375,0.7124645892351275,183.44317783875215,162.7458012092693,328.4959068525078,225.4538535220956,322.0,15.68695652173913,167.75622131701303,0.6279118568447166,0.16191968588233618,0.21016845727294725,357,10.008403361344538,0.1781689075645478,0.3937239999970643,0.05025699600228441,,,,2824,0.0,0.28505665722379603,0.0,0.0,1.0,7087.827660356602,0.0,106.04752696118656,107.52648277549162,0.36645962732919257,0.0,0.0,,,0.0
global_multiplier,2,400,120.0,2824,812,0.28753541076487255,0.7124645892351275,0.00141643059490085,0.0056657223796034,0.7053824362606232,188.0908571016052,156.73060575843397,352.15085177702275,223.15042632338447,324.8,16.320197044334975,171.77066005727022,0.6193861162167205,0.1597160615932018,0.22089782219007773,360,9.933333333333334,0.1835780555559552,0.48244799999793087,0.046158256880733946,,,,2824,0.0,0.28753541076487255,0.0,0.0,1.0,7434.779395222322,0.0,96.10322259846593,99.94170047452361,0.312807881773399,0.0,0.0,,,0.0
global_multiplier,3,400,120.0,2824,860,0.3045325779036827,0.6954674220963173,0.0,0.002124645892351275,0.693342776203966,181.53480410348592,156.07839799803287,343.690274660847,219.73665795936333,344.0,14.776744186046512,166.75805991743943,0.6150638268870126,0.157757309778677,0.22717886333431037,356,9.839887640449438,0.19158398876408575,0.6451300000094303,0.04555873925501433,,,,2824,0.0,0.3045325779036827,0.0,0.0,1.0,7655.460424106524,0.0,100.6885268471843,102.39860064319929,0.313953488372093,0.0,0.0,,,0.0
global_multiplier,4,400,120.0,2824,851,0.3013456090651558,0.6986543909348442,0.000708215297450425,0.003186968838526912,0.6947592067988668,185.69328595649336,164.71696429657823,332.59739265322787,221.73795995215673,340.4,15.522914218566392,170.17037173792698,0.6091154428580118,0.15936607417716916,0.23151848296481908,355,9.977464788732394,0.1744616901417648,0.33109200001149475,0.045037292025243834,,,,2824,0.0,0.3013456090651558,0.0,0.0,1.0,7791.112619546746,0.0,102.36486118052646,105.27383360637796,0.33490011750881316,0.0,0.0,,,0.0
global_multiplier,5,400,120.0,2824,792,0.2804532577903683,0.7195467422096318,0.0003541076487252125,0.00424929178470255,0.714943342776204,178.13977439537769,160.78513908314244,317.6998275255348,219.01508185907684,316.8,15.91161616161616,162.22815823376152,0.6263684592429692,0.15734673223232673,0.21628480852470405,356,9.980337078651685,0.16913848314603006,0.35442999999872854,0.04804117815270231,,,,2824,0.0,0.2804532577903683,0.0,0.0,1.0,7266.324356461681,0.0,100.23785684102154,101.67259212598852,0.3207070707070707,0.0,0.0,,,0.0
global_multiplier,0,400,180.0,2824,1144,0.40509915014164305,0.5949008498583569,0.0003541076487252125,0.006728045325779037,0.5878186968838527,246.20683637283523,232.02205933832965,423.35196150826636,280.7057123296581,457.6,16.10576923076923,230.10106714206594,0.48280677293020385,0.20369522557831504,0.31349800149148105,356,9.901685393258427,0.17411685393246412,0.3432200000219152,0.05128205128205128,,,,2824,0.0,0.40509915014164305,0.0,0.0,1.0,10390.892007353716,0.0,137.4883160338711,140.11113418342453,0.5209790209790209,0.0,0.0,,,0.0
global_multiplier,1,400,180.0,2824,1161,0.41111898016997167,0.5888810198300283,0.0017705382436260624,0.0056657223796034,0.5814447592067988,247.4995021353233,230.31142522394657,425.33410609929797,284.712856499996,464.4,16.041343669250647,231.4581584660727,0.489477431596973,0.20611060056731637,0.3044119678357106,357,10.07843137254902,0.174015966387751,0.347944000041025,0.05486071631608869,,,,2824,0.0,0.41111898016997167,0.0,0.0,1.0,10320.372643657149,0.0,138.80162006039325,141.1645846300981,0.533161068044789,0.0,0.0,,,0.0
global_multiplier,2,400,180.0,2824,1188,0.4206798866855524,0.5793201133144475,0.0017705382436260624,0.010977337110481586,0.56657223796034,245.10355476102654,217.48994278632745,443.71886721431696,279.6335138970671,475.2,16.225589225589225,228.8779655354373,0.48351457718535407,0.2013408748583106,0.31514454795633534,358,10.111731843575418,0.19486452514053385,0.5322240000043621,0.05215161014534055,,,,2824,0.0,0.4206798866855524,0.0,0.0,1.0,10728.499247227535,0.0,129.44325118294682,133.98500188535172,0.49915824915824913,0.0,0.0,,,0.0
global_multiplier,3,400,180.0,2824,1159,0.41041076487252126,0.5895892351274787,0.0028328611898017,0.007082152974504249,0.5796742209631728,237.14445510293245,211.77314422759446,419.66607161925515,275.0285639385429,463.6,16.294219154443486,220.85023594848897,0.49068818562945,0.1991875974324216,0.31012421693812836,357,10.084033613445378,0.18136274509934797,0.3582119999987299,0.04839633447880871,,,,2824,0.0,0.41041076487252126,0.0,0.0,1.0,10454.754470741796,0.0,133.08566986931464,136.71433102996448,0.49784296807592754,0.0,0.0,,,0.0
global_multiplier,4,400,180.0,2824,1197,0.4238668555240793,0.5761331444759207,0.005311614730878187,0.006728045325779037,0.5640934844192634,244.42109796887365,218.65400857762597,442.01776675554703,284.1756006091875,478.8,16.45614035087719,227.96495761799645,0.4758820444731191,0.20458529847502135,0.3195326570518595,358,10.494413407821229,0.19095754189813902,0.4705920000043313,0.05258645327236353,,,,2824,0.0,0.4238668555240793,0.0,0.0,1.0,10971.84326315619,0.0,129.34905608338246,132.8851159633343,0.4828738512949039,0.0,0.0,,,0.0
global_multiplier,5,400,180.0,2824,1172,0.415014164305949,0.5849858356940509,0.002478753541076487,0.012393767705382436,0.5701133144475921,242.2629533746282,216.55416770615307,424.474033034611,279.7125320031222,468.8,16.97098976109215,225.29196361353607,0.47840424316723723,0.20154915887314973,0.32004659795961304,355,10.388732394366198,0.1912859154913349,0.5252820000134757,0.05109905795032829,,,,2824,0.0,0.415014164305949,0.0,0.0,1.0,10881.42065434904,0.0,131.78979500905012,134.16479170954443,0.48890784982935154,0.0,0.0,,,0.0
global_multiplier,0,400,300.0,2824,1676,0.5934844192634561,0.4065155807365439,0.007436260623229462,0.025849858356940508,0.37322946175637395,361.449710849737,355.5008305919159,597.176216491589,380.055281878641,670.4,18.958830548926013,342.490880300811,0.27893512602696063,0.26941208134559935,0.45165279262744,360,11.227777777777778,0.1813983333368204,0.46720599999048484,0.05563480741797432,,,,2824,0.0,0.5934844192634561,0.0,0.0,1.0,15224.649364151957,0.0,186.84317355912995,192.07129566446554,0.6772076372315036,0.0,0.0,,,0.0
global_multiplier,1,400,300.0,2824,1696,0.6005665722379604,0.39943342776203966,0.004957507082152974,0.02160056657223796,0.3728753541076487,356.2518896686972,343.3669974612035,589.5509913732799,381.0107546995061,678.4,18.86497641509434,337.38691325360287,0.28133137809988384,0.2717760328461575,0.44689258905395873,362,10.834254143646408,0.18256850829070898,0.4348200000043784,0.042725173210161664,,,,2824,0.0,0.6005665722379604,0.0,0.0,1.0,15242.997106822902,0.0,184.38874776567988,189.4347407084026,0.6910377358490566,0.0,0.0,,,0.0
global_multiplier,2,400,300.0,2824,1651,0.5846317280453258,0.41536827195467424,0.012393767705382436,0.025495750708215296,0.37747875354107646,346.5434551404109,333.1064862852927,569.9612281765858,371.43596662789923,660.4,20.668685645063597,325.8747694953473,0.2913162169319245,0.2611080855628346,0.44757569750524095,356,11.99438202247191,0.19116320225049768,0.48871499999449886,0.0539609644087256,,,,2824,0.0,0.5846317280453258,0.0,0.0,1.0,15075.828620387096,0.0,179.00041881613237,184.8885326445519,0.6838279830405815,0.0,0.0,,,0.0
global_multiplier,3,400,300.0,2824,1646,0.5828611898016998,0.4171388101983003,0.010977337110481586,0.025495750708215296,0.3806657223796034,358.4941221996026,345.10566573399774,588.7490732482188,379.0351958031001,658.4,19.496354799513973,338.9977674000886,0.28431731134601945,0.2683904948219253,0.44729219383205526,362,11.290055248618785,0.1847397790047153,0.35609000004399133,0.05389908256880734,,,,2824,0.0,0.5828611898016998,0.0,0.0,1.0,15020.77349149009,0.0,185.4888706766095,190.94852323535164,0.6901579586877278,0.0,0.0,,,0.0
global_multiplier,4,400,300.0,2824,1664,0.5892351274787535,0.41076487252124644,0.01451841359773371,0.025495750708215296,0.37075070821529743,355.3868854502872,337.6289800394936,598.8857942738492,379.3824660815233,665.6,20.185697115384617,335.2011883349026,0.2909297627437771,0.26769591356960337,0.44137432368661955,364,11.802197802197803,0.19171098900907244,0.39442200001076433,0.05190311418685121,,,,2824,0.0,0.5892351274787535,0.0,0.0,1.0,15200.32721139397,0.0,180.6832143665091,185.56401327978494,0.6622596153846154,0.0,0.0,,,0.0
global_multiplier,5,400,300.0,2824,1639,0.5803824362606232,0.41961756373937675,0.0084985835694051,0.02301699716713881,0.3881019830028329,351.63087944142495,344.9500402479698,574.1277754684597,376.61181093866406,655.6,19.12568639414277,332.50519304728215,0.29625289551921075,0.26798065617428396,0.4357664483065053,359,11.45125348189415,0.19037938718047573,0.3540879999832215,0.047797293406276996,,,,2824,0.0,0.5803824362606232,0.0,0.0,1.0,14876.574626257789,0.0,186.5769617417712,190.62726097189955,0.6900549115314216,0.0,0.0,,,0.0
hour_table,0,400,120.0,2824,810,0.2868271954674221,0.7131728045325779,0.0,0.0,0.7131728045325779,172.8671252646302,151.08604054154603,305.2723053035486,214.20036002719795,324.0,14.880246913580248,157.98687835104997,0.6284955762911854,0.15414242084381838,0.2173620028649963,356,9.839887640449438,0.19697808988702786,0.3605650000167764,0.048013718205201485,,,,2824,0.0,0.2868271954674221,0.0,0.0,1.0,7225.085986086419,0.0,102.92252133107198,103.94143886162904,0.3160493827160494,0.0,0.0,,,0.0
hour_table,1,400,120.0,2824,781,0.27655807365439095,0.7234419263456091,0.0010623229461756375,0.0028328611898017,0.7195467422096318,174.88483110902837,153.23686612268466,307.81415284684317,215.29938673198097,312.4,15.096030729833547,159.7888003791948,0.6361781547706444,0.15470438133238854,0.20911746389696698,357,9.983193277310924,0.19773753501189945,0.37730800002009346,0.048068669527897,,,,2824,0.0,0.27655807365439095,0.0,0.0,1.0,7171.6020705758665,0.0,106.52324144724727,108.2149375167381,0.3764404609475032,0.0,0.0,,,0.0
hour_table,2,400,120.0,2824,830,0.29390934844192634,0.7060906515580736,0.0,0.0028328611898017,0.703257790368272,175.85020138844845,148.34767945241265,320.7980083421102,211.92367992688165,332.0,15.344578313253011,160.50562307519542,0.6247288464605154,0.15206248955867266,0.223208663980812,356,9.924157303370787,0.19136123596089663,0.46125000000643007,0.04964336661911555,,,,2824,0.0,0.29390934844192634,0.0,0.0,1.0,7507.341512608419,0.0,96.74087775612117,100.38292171438677,0.29518072289156627,0.0,0.0,,,0.0
hour_table,3,400,120.0,2824,796,0.2818696883852691,0.7181303116147308,0.0,0.002478753541076487,0.7156515580736544,179.3637129791232,151.72237953827857,330.54383998781236,213.82201215425684,318.4,14.859296482412061,164.50441649671112,0.633637687489436,0.1535907452710376,0.2127715672395264,356,9.904494382022472,0.18650842696899234,0.42602000002034285,0.0515375854214123,,,,2824,0.0,0.2818696883852691,0.0,0.0,1.0,7155.688198999267,0.0,105.97059103678382,108.95851172964747,0.3454773869346734,0.0,0.0,,,0.0
hour_table,4,400,120.0,2824,821,0.2907223796033994,0.7092776203966006,0.000708215297450425,0.0028328611898017,0.7057365439093485,173.57348353528283,154.32896896814964,309.64841081874147,213.5414403156363,328.4,14.824604141291108,158.74887939399173,0.6264412878936154,0.15301930920500936,0.22053940290137528,355,10.03661971830986,0.1826422535214719,0.3532340000401738,0.04284071305347901,,,,2824,0.0,0.2907223796033994,0.0,0.0,1.0,7492.420927637478,0.0,103.20640059558093,105.03446505116459,0.3459196102314251,0.0,0.0,,,0.0
hour_table,5,400,120.0,2824,788,0.2790368271954674,0.7209631728045326,0.0,0.003186968838526912,0.7177762039660056,175.68207746556348,155.65582592236206,312.9915232072593,215.69675533904484,315.2,15.390862944162437,160.29121452140106,0.6313813066372852,0.1549374682264914,0.21368122513622334,358,9.849162011173185,0.1755405027932553,0.341514999961419,0.05019965772960639,,,,2824,0.0,0.2790368271954674,0.0,0.0,1.0,7260.642574481874,0.0,100.85585582986718,102.4282449915494,0.3236040609137056,0.0,0.0,,,0.0
hour_table,0,400,180.0,2824,1152,0.40793201133144474,0.5920679886685553,0.000708215297450425,0.003895184135977337,0.5874645892351275,238.22652737455792,211.11022048744758,423.450123220521,271.22425692229007,460.8,15.84982638888889,222.37670098566906,0.48713524327133034,0.1963409517734859,0.31652380495518384,357,9.910364145658264,0.132679831934996,0.21057999997992735,0.049942922374429224,,,,2824,0.0,0.40793201133144474,0.0,0.0,1.0,10431.577488383555,0.0,141.1180951137574,142.866994413881,0.5364583333333334,0.0,0.0,,,0.0
hour_table,1,400,180.0,2824,1161,0.41111898016997167,0.5888810198300283,0.0010623229461756375,0.0028328611898017,0.5849858356940509,240.59971491499158,220.20267607274945,426.8617754568468,275.1904254688907,464.4,16.34539190353144,224.25432301146012,0.4890778924684881,0.19939286279017585,0.31152924474133603,357,9.941176470588236,0.13037338935620926,0.21657999998751618,0.05024264915786469,,,,2824,0.0,0.41111898016997167,0.0,0.0,1.0,10543.338240827734,0.0,140.34839364686604,144.01108543251533,0.5469422911283376,0.0,0.0,,,0.0
hour_table,2,400,180.0,2824,1198,0.42422096317280455,0.5757790368271954,0.00141643059490085,0.007082152974504249,0.5672804532577904,238.29577176964457,210.6658103238442,428.6793852932671,268.47171505068656,479.2,16.19365609348915,222.10211567615536,0.48640033830362894,0.19362690110110956,0.3199727605952615,356,10.241573033707866,0.13812696629320834,0.27114499994809094,0.0515963511972634,,,,2824,0.0,0.42422096317280455,0.0,0.0,1.0,10875.259837980488,0.0,133.81300493883975,137.1201424705356,0.5150250417362271,0.0,0.0,,,0.0
hour_table,3,400,180.0,2824,1140,0.40368271954674223,0.5963172804532578,0.000708215297450425,0.004957507082152974,0.5906515580736544,238.57078173631768,214.44062931727512,416.490974518182,275.3737646369808,456.0,15.508771929824562,223.0620098064931,0.4884786944107671,0.20015221919974646,0.31136908638948646,356,10.0,0.13256179775024146,0.2753199999972363,0.05183708345200797,,,,2824,0.0,0.40368271954674223,0.0,0.0,1.0,10400.052323792339,0.0,138.84602745680937,141.49942286083308,0.5096491228070176,0.0,0.0,,,0.0
hour_table,4,400,180.0,2824,1154,0.4086402266288952,0.5913597733711048,0.000708215297450425,0.006373937677053824,0.5842776203966006,245.60240724537138,220.1964979018603,438.92756610766645,275.8347571102253,461.6,15.785961871750434,229.81644537362095,0.4943834889695552,0.19967174770393337,0.3059447633265114,358,10.025139664804469,0.1557885474877829,0.3378410000436818,0.052121902591854175,,,,2824,0.0,0.4086402266288952,0.0,0.0,1.0,10476.507817868118,0.0,141.78332578220608,144.6402075747925,0.550259965337955,0.0,0.0,,,0.0
hour_table,5,400,180.0,2824,1098,0.3888101983002833,0.6111898016997167,0.0028328611898017,0.007790368271954674,0.6005665722379604,239.37046957369012,205.89713715864855,425.32199388998066,274.5381790517286,439.2,17.08743169398907,222.28303787970108,0.49745530795163406,0.1976011254104434,0.30494356663792266,355,10.31830985915493,0.164196056342417,0.41092000001981355,0.04648493543758967,,,,2824,0.0,0.3888101983002833,0.0,0.0,1.0,10242.013708475864,0.0,140.54472095846793,142.35074396841026,0.5282331511839709,0.0,0.0,,,0.0
hour_table,0,400,300.0,2824,1633,0.578257790368272,0.42174220963172804,0.0028328611898017,0.019475920679886686,0.39943342776203966,351.2646034125834,349.44578554852615,576.1522173261931,372.2245298281789,653.2,17.325168401714635,333.9394350108688,0.2970466047145918,0.2671683606113015,0.4357850346741066,360,10.516666666666667,0.15535333333502876,0.30090399998243944,0.05462304409672831,,,,2824,0.0,0.578257790368272,0.0,0.0,1.0,14798.518950356414,0.0,195.83038043150597,198.43685000727464,0.7109614206981016,0.0,0.0,,,0.0
hour_table,1,400,300.0,2824,1667,0.5902974504249292,0.4097025495750708,0.0056657223796034,0.021954674220963172,0.38208215297450426,354.46459524379765,341.27823620849085,574.8096550715193,373.02888442979855,666.8,18.520095980803838,335.9444992629938,0.28838913971687713,0.26743922247188423,0.4441716378112386,357,10.792717086834735,0.15260308122651367,0.3303319999986342,0.04687949381650849,,,,2824,0.0,0.5902974504249292,0.0,0.0,1.0,15124.884404831784,0.0,194.8439656757946,199.19050955499287,0.7144571085782844,0.0,0.0,,,0.0
hour_table,2,400,300.0,2824,1619,0.5733002832861189,0.426699716713881,0.0084985835694051,0.0169971671388102,0.4012039660056657,340.4248419094259,321.3179417973297,559.3343568322293,365.9701613574608,647.6,19.715873996294007,320.7089679131319,0.30481016709529446,0.26056423309879434,0.4346255998059112,359,11.069637883008356,0.1354557103061711,0.28637599998546653,0.053791130185979974,,,,2824,0.0,0.5733002832861189,0.0,0.0,1.0,14698.783142604578,0.0,187.45443830735027,192.5752241646517,0.7134033353922175,0.0,0.0,,,0.0
hour_table,3,400,300.0,2824,1635,0.5789660056657224,0.42103399433427763,0.006373937677053824,0.016288951841359773,0.398371104815864,347.9051499279393,337.9678588137658,584.9774313383533,369.97216226984546,654.0,17.741896024464832,330.16325390347447,0.2982802570074348,0.2658381586005232,0.435881584392042,356,10.626404494382022,0.1422825842691223,0.3214950000028691,0.04798850574712644,,,,2824,0.0,0.5789660056657224,0.0,0.0,1.0,14741.183503550617,0.0,197.2006417544617,200.52663270445902,0.710703363914373,0.0,0.0,,,0.0
hour_table,4,400,300.0,2824,1654,0.5856940509915014,0.4143059490084986,0.010269121813031162,0.021954674220963172,0.38208215297450426,348.37939881256034,340.5004723162069,573.2523932501293,371.9823816092849,661.6,19.717049576783555,328.6623492357768,0.2935467340120907,0.26380032754111066,0.4426529384467987,359,11.610027855153204,0.12922451253258174,0.3057440000088721,0.0457043679490888,,,,2824,0.0,0.5856940509915014,0.0,0.0,1.0,15168.897065745183,0.0,187.8243100524869,191.80513341755264,0.6862152357920194,0.0,0.0,,,0.0
hour_table,5,400,300.0,2824,1616,0.5722379603399433,0.42776203966005666,0.010977337110481586,0.02160056657223796,0.3951841359773371,343.84958762432103,325.1690463817313,568.5325137552536,366.9488591192001,646.4,20.423267326732674,323.42632029758835,0.30231346103297335,0.2596160450823966,0.43807049388463,357,11.742296918767506,0.12685714285371763,0.26520800000980665,0.05389908256880734,,,,2824,0.0,0.5722379603399433,0.0,0.0,1.0,14749.416722454227,0.0,189.68162782090388,193.72039669348493,0.7023514851485149,0.0,0.0,,,0.0
zone_hour_table,0,400,120.0,2824,779,0.27584985835694054,0.7241501416430595,0.0,0.0010623229461756375,0.7230878186968839,173.01073165932073,153.02320352036804,308.54927243813034,213.93140337559726,311.6,14.901155327342748,158.109576331978,0.635502873407276,0.15369621533722455,0.21080091125549952,355,9.805633802816901,0.13155492958061663,0.20041000004312073,0.042816091954022986,,,,2824,0.0,0.27584985835694054,0.0,0.0,1.0,6923.712523666715,0.0,108.3762047462416,108.3762047462416,0.3427471116816431,0.0,0.0,,,0.0
zone_hour_table,1,400,120.0,2824,763,0.2701841359773371,0.7298158640226629,0.0,0.0010623229461756375,0.7287535410764873,171.3458620429834,153.86615971506762,298.6986862397157,215.59591096838784,305.2,14.72083879423329,156.62502324875013,0.6375426690701753,0.15529214164928096,0.20716518928054364,356,9.831460674157304,0.13006179774984714,0.1968200000476372,0.048285714285714286,,,,2824,0.0,0.2701841359773371,0.0,0.0,1.0,6935.3937666755355,0.0,106.87152030831535,107.43451987729337,0.36041939711664484,0.0,0.0,,,0.0
zone_hour_table,2,400,120.0,2824,797,0.28222379603399433,0.7177762039660056,0.0,0.000708215297450425,0.7170679886685553,165.16958443163463,145.12097312563765,295.9450542239932,208.64117858235227,318.8,14.656210790464241,150.5133736411704,0.6372015003231385,0.1490920666392641,0.2137064330375974,356,9.901685393258427,0.13171460673948387,0.257914999923513,0.049100770767913214,,,,2824,0.0,0.28222379603399433,0.0,0.0,1.0,7195.790692339511,0.0,100.60256996468583,101.12623517717287,0.3124215809284818,0.0,0.0,,,0.0
zone_hour_table,3,400,120.0,2824,789,0.27939093484419264,0.7206090651558074,0.0,0.0003541076487252125,0.7202549575070821,169.0241397123235,154.64021363411848,293.642946659153,211.61543382551636,315.6,14.85297845373891,154.17116125858453,0.6324606315556743,0.15196502114884283,0.21557434729548283,356,9.808988764044944,0.12965786516832176,0.2034750000461826,0.04254096004599023,,,,2824,0.0,0.27939093484419264,0.0,0.0,1.0,7127.7367599571535,0.0,105.65376612877316,105.65376612877316,0.3472750316856781,0.0,0.0,,,0.0
zone_hour_table,4,400,120.0,2824,789,0.27939093484419264,0.7206090651558074,0.0,0.0017705382436260624,0.7188385269121813,169.88413807097467,148.85723416054043,304.811112399935,215.1443333280312,315.6,14.844106463878328,155.04003160709632,0.6364687666096904,0.15458138062571083,0.20894985276459865,355,9.915492957746478,0.13217267606180516,0.20392199993693783,0.052347083926031296,,,,2824,0.0,0.27939093484419264,0.0,0.0,1.0,7164.7484422263415,0.0,103.17004627936464,103.39560407434071,0.3231939163498099,0.0,0.0,,,0.0
zone_hour_table,5,400,120.0,2824,782,0.2769121813031161,0.7230878186968839,0.0,0.002478753541076487,0.7206090651558074,177.233462169759,155.91931903794784,312.49032581922177,214.69223680569183,312.8,15.483375959079284,161.75008621067974,0.6314552198437983,0.15362519408081754,0.2149195860753841,356,9.9438202247191,0.13066151685376773,0.19289999996772164,0.05180757187588955,,,,2824,0.0,0.2769121813031161,0.0,0.0,1.0,7181.921710852708,0.0,105.44702286322789,106.73006370884754,0.3312020460358056,0.0,0.0,,,0.0
zone_hour_table,0,400,180.0,2824,1154,0.4086402266288952,0.5913597733711048,0.0,0.0060198300283286115,0.5853399433427762,231.74503644211998,211.2519374280871,404.38745272305636,272.8840581867787,461.6,15.290294627383016,216.45474181473696,0.4863935514358327,0.19829104752718332,0.31531540103698397,357,9.843137254901961,0.12871316526092497,0.24925999994593417,0.05180757187588955,,,,2824,0.0,0.4086402266288952,0.0,0.0,1.0,10368.037370588296,0.0,139.91818854382268,140.5102423329403,0.5415944540727903,0.0,0.0,,,0.0
zone_hour_table,1,400,180.0,2824,1149,0.4068696883852691,0.5931303116147308,0.0,0.0035410764872521247,0.5895892351274787,244.19049224704818,224.75758822684747,418.66547386533534,279.6460499472916,459.6,15.664926022628373,228.5255662244198,0.48668249406649317,0.2032130970195541,0.3101044089139527,356,9.904494382022472,0.12751966291650174,0.19038499999624034,0.052347083926031296,,,,2824,0.0,0.4068696883852691,0.0,0.0,1.0,10386.646692862847,0.0,144.6835855199519,145.18476372861804,0.5474325500435161,0.0,0.0,,,0.0
zone_hour_table,2,400,180.0,2824,1086,0.3845609065155807,0.6154390934844193,0.0,0.005311614730878187,0.6101274787535411,239.32147020183746,219.53263128030585,418.41067705561727,276.41645958398783,434.4,16.01473296500921,223.30673723682824,0.4973908891568073,0.20031933078120323,0.30228978006198953,357,9.932773109243698,0.12029859943800593,0.17570800006069473,0.044737596788069975,,,,2824,0.0,0.3845609065155807,0.0,0.0,1.0,10019.126873644596,0.0,136.43708609964153,138.6107038399074,0.5303867403314917,0.0,0.0,,,0.0
zone_hour_table,3,400,180.0,2824,1130,0.40014164305949007,0.5998583569405099,0.0017705382436260624,0.003895184135977337,0.5941926345609065,238.26391512375392,209.862461190638,423.15859660126347,272.9114303928544,452.0,15.591150442477876,222.67276468127602,0.4933523497616324,0.1967718184071374,0.3098758318312302,357,10.103641456582633,0.1272338935621224,0.1886319999630359,0.052691540871546566,,,,2824,0.0,0.40014164305949007,0.0,0.0,1.0,10382.263226019886,0.0,143.30006910766505,144.95611407334985,0.5336283185840708,0.0,0.0,,,0.0
zone_hour_table,4,400,180.0,2824,1156,0.4093484419263456,0.5906515580736544,0.0,0.0060198300283286115,0.5846317280453258,234.8666677103094,212.27068410159745,414.4372809294539,274.81861493147784,462.4,16.30363321799308,218.56303449231632,0.4907867770071854,0.19900055938887012,0.3102126636039445,355,10.022535211267606,0.12671380281395792,0.192349999988437,0.05180757187588955,,,,2824,0.0,0.4093484419263456,0.0,0.0,1.0,10598.653125598245,0.0,137.31632590604067,138.58084222451714,0.5155709342560554,0.0,0.0,,,0.0
zone_hour_table,5,400,180.0,2824,1100,0.3895184135977337,0.6104815864022662,0.0003541076487252125,0.002478753541076487,0.6076487252124646,229.58884228525494,205.29857908155827,399.3616951079975,273.469063178503,440.0,15.495454545454546,214.09338773980036,0.5080297690238889,0.19842079913876315,0.293549431837348,356,9.907303370786517,0.12714269663189717,0.19499999999652554,0.048027444253859346,,,,2824,0.0,0.3895184135977337,0.0,0.0,1.0,9941.067697998782,0.0,140.95461406781868,141.52195113999483,0.5381818181818182,0.0,0.0,,,0.0
zone_hour_table,0,400,300.0,2824,1657,0.5867563739376771,0.41324362606232296,0.0017705382436260624,0.0169971671388102,0.3944759206798867,356.1799524788947,348.47247069815785,580.7605892668231,378.106754752464,662.8,16.48461074230537,339.6953417365893,0.2809560167642355,0.27312690145446283,0.4459170817813017,355,10.132394366197182,0.1259126760500371,0.2026179999620575,0.04507608383577376,,,,2824,0.0,0.5867563739376771,0.0,0.0,1.0,15023.59598083233,0.0,199.63867732001768,201.08442118666196,0.7356668678334339,0.0,0.0,,,0.0
zone_hour_table,1,400,300.0,2824,1647,0.5832152974504249,0.41678470254957506,0.0010623229461756375,0.019121813031161474,0.39660056657223797,342.4543229849154,330.4363117972798,556.4341634977962,369.83395806968684,658.8,16.924104432301153,325.53021855261426,0.29262327443859143,0.2666598337211236,0.4407168918402849,356,10.28370786516854,0.12559410111961872,0.22832999997035502,0.042302158273381296,,,,2824,0.0,0.5832152974504249,0.0,0.0,1.0,14907.77288071806,0.0,193.73559104895713,196.1172159017047,0.7304189435336976,0.0,0.0,,,0.0
zone_hour_table,2,400,300.0,2824,1638,0.580028328611898,0.419971671388102,0.0084985835694051,0.014164305949008499,0.3973087818696884,336.0722995513154,321.0742392326006,549.1760642439336,363.02333862339185,655.2,18.828449328449327,317.24385022286606,0.30690084036458937,0.2583886715704493,0.4347104880649613,360,11.313888888888888,0.12553222221956478,0.18406999998887857,0.057028799543769604,,,,2824,0.0,0.580028328611898,0.0,0.0,1.0,14856.536362829433,0.0,184.97291941303823,187.79572723147695,0.6959706959706959,0.0,0.0,,,0.0
zone_hour_table,3,400,300.0,2824,1642,0.5814447592067988,0.4185552407932011,0.003895184135977337,0.017705382436260624,0.3969546742209632,342.8359979382799,332.00370032813726,566.1866948494107,369.2423257316617,656.8,17.884287454323996,324.9517104839559,0.29290262231143993,0.264488052494406,0.44260932519415414,356,10.617977528089888,0.1260803370835705,0.20036999997046218,0.05088622069754145,,,,2824,0.0,0.5814447592067988,0.0,0.0,1.0,14916.757331189321,0.0,193.4514251606978,195.54533121274275,0.7235079171741778,0.0,0.0,,,0.0
zone_hour_table,4,400,300.0,2824,1662,0.5885269121813032,0.4114730878186969,0.012039660056657223,0.02443342776203966,0.375,359.8314143833283,345.6334718026617,599.6564592156609,380.9082137722732,664.8,20.36161251504212,339.4698018682862,0.27912606684499863,0.2680450772969484,0.452828855858053,355,11.808450704225352,0.1274904225405228,0.1893419998532406,0.052601322219028454,,,,2824,0.0,0.5885269121813032,0.0,0.0,1.0,15408.34634843389,0.0,189.51778620730596,193.08851034026668,0.6853188929001204,0.0,0.0,,,0.0
zone_hour_table,5,400,300.0,2824,1616,0.5722379603399433,0.42776203966005666,0.008144475920679886,0.019121813031161474,0.4004957507082153,346.3791930556222,333.89727099031916,571.1859235529837,370.812766231648,646.4,18.47091584158416,327.90827721403804,0.30455592379452906,0.26539675389137496,0.4300473223140959,355,10.966197183098592,0.1260101408360255,0.192502000022614,0.051061388410786,,,,2824,0.0,0.5722379603399433,0.0,0.0,1.0,14571.575434631075,0.0,195.74135025683935,197.86934175604873,0.7122524752475248,0.0,0.0,,,0.0
dist_hour_table,0,400,120.0,2824,1652,0.5849858356940509,0.415014164305949,0.025849858356940508,0.10835694050991501,0.28080736543909346,332.60185091785587,330.19949443684254,533.0240311712794,346.5834946275548,660.8,22.053874092009686,310.54797682584615,0.315035253630163,0.2397451285319218,0.44521961783791525,360,13.616666666666667,0.12105972221800382,0.23825199997418334,0.05258545135845749,,,,2824,0.0,0.5849858356940509,0.0,0.0,1.0,15032.339482576528,0.0,17.12467324523968,57.54071070123653,0.07808716707021791,0.0,0.0,,,0.0
dist_hour_table,1,400,120.0,2824,1652,0.5849858356940509,0.415014164305949,0.013810198300283285,0.11437677053824363,0.2868271954674221,318.9524219019851,304.4023362176299,517.2990814910996,336.98283557804524,660.8,20.459443099273606,298.49297880271143,0.31878398577059985,0.23623182494990067,0.44498418927949945,374,12.029411764705882,0.1185040106876578,0.18874399994501787,0.04321167883211679,,,,2824,0.0,0.5849858356940509,0.0,0.0,1.0,15018.30445005137,0.0,17.50783866499817,56.48337256435552,0.06598062953995157,0.0,0.0,,,0.0
dist_hour_table,2,400,120.0,2824,1646,0.5828611898016998,0.4171388101983003,0.02762039660056657,0.10092067988668556,0.28859773371104813,327.2181168137598,321.73852187041257,522.558890461763,343.95306303253625,658.4,23.693195625759415,303.52492118800046,0.31811522954839927,0.23585878795846066,0.44602598249314,363,13.947658402203857,0.1248933884270184,0.18137599995498022,0.05008787346221441,,,,2824,0.0,0.5828611898016998,0.0,0.0,1.0,15091.679096484306,0.0,16.845681439870166,55.021458824716625,0.06561360874848117,0.0,0.0,,,0.0
dist_hour_table,3,400,120.0,2824,1651,0.5846317280453258,0.41536827195467424,0.02443342776203966,0.11225212464589235,0.27868271954674223,334.1039846168444,329.9867583866562,527.501535269208,344.9855909688326,660.4,22.24106602059358,311.86291859625084,0.31902971122968204,0.23871749355528404,0.4422527952150339,364,13.337912087912088,0.1229200549446332,0.18462399989175543,0.047953216374269005,,,,2824,0.0,0.5846317280453258,0.0,0.0,1.0,15088.85202142021,0.0,17.057085259030103,57.56434884717123,0.07389460932768019,0.0,0.0,,,0.0
dist_hour_table,4,400,120.0,2824,1642,0.5814447592067988,0.4185552407932011,0.025141643059490085,0.10941926345609065,0.2839943342776204,324.7293186720927,320.6353149660051,523.0189015092726,341.37027955316086,656.8,20.833130328867234,303.89618834322545,0.3312013936980877,0.23512609736476556,0.43367250893714676,361,13.60387811634349,0.12237368420587158,0.1824200001010464,0.05393586005830904,,,,2824,0.0,0.5814447592067988,0.0,0.0,1.0,14814.018973188646,0.0,21.593976458713325,55.876187554266416,0.07186358099878197,0.0,0.0,,,0.0
dist_hour_table,5,400,120.0,2824,1658,0.5871104815864022,0.4128895184135977,0.022308781869688384,0.11579320113314448,0.2747875354107649,322.43370945328036,313.6629097527298,524.3990932394698,335.0685378769662,663.2,20.957780458383596,301.4759289948968,0.32411244447824944,0.23293394190155495,0.4429536136201956,359,13.030640668523677,0.12275877436948571,0.19776199997068059,0.045134818288393906,,,,2824,0.0,0.5871104815864022,0.0,0.0,1.0,15061.863843139867,0.0,17.779512860756817,56.77192043672453,0.06936067551266586,0.0,0.0,,,0.0
dist_hour_table,0,400,180.0,2824,1794,0.6352691218130312,0.36473087818696887,0.036827195467422094,0.11968838526912182,0.20821529745042494,369.77055049177125,362.0730194341513,590.1384432282998,367.2983933108346,717.6,23.202898550724637,346.56765194104656,0.2709255953714339,0.25047406984109866,0.4786003347874674,359,14.690807799442897,0.12289108635399275,0.18524200006595493,0.04995566065622229,,,,2824,0.0,0.6352691218130312,0.0,0.0,1.0,16175.42206158947,0.0,36.87582914166567,72.2558277217537,0.15328874024526198,0.0,0.0,,,0.0
dist_hour_table,1,400,180.0,2824,1823,0.6455382436260623,0.3544617563739377,0.029390934844192633,0.12960339943342777,0.1954674220963173,367.41313142741785,366.29985476096135,575.2735573025038,360.2370657341413,729.2,21.76138233680746,345.6517490906104,0.2734201269760542,0.24642359022498211,0.48015628279896366,362,14.05524861878453,0.12127320442282552,0.1919620001240218,0.040652818991097926,,,,2824,0.0,0.6455382436260623,0.0,0.0,1.0,16443.611585365463,0.0,35.383632092060445,73.34464985115656,0.15633571036752605,0.0,0.0,,,0.0
dist_hour_table,2,400,180.0,2824,1799,0.6370396600566572,0.36296033994334276,0.03151558073654391,0.12145892351274788,0.209985835694051,372.88009136348586,362.34787875928305,598.2191139835447,368.79695848894835,719.6,25.657587548638134,347.2225038148477,0.2628533555197409,0.25020181479915116,0.4869448296811079,368,14.60054347826087,0.11876304348289601,0.18688800002109876,0.048866647041507214,,,,2824,0.0,0.6370396600566572,0.0,0.0,1.0,16520.310975184962,0.0,38.41497925455183,70.99128964130948,0.15953307392996108,0.0,0.0,,,0.0
dist_hour_table,3,400,180.0,2824,1818,0.6437677053824362,0.3562322946175637,0.03328611898016997,0.12358356940509915,0.19936260623229463,366.71712427651045,358.1096899723002,586.8499181987505,361.3543869467768,727.2,22.3987898789879,344.31833439752256,0.26305126172926846,0.24624789408999823,0.4907008441807333,364,14.071428571428571,0.11941126373957868,0.2229930000567041,0.04526627218934911,,,,2824,0.0,0.6437677053824362,0.0,0.0,1.0,16653.792187172377,0.0,34.66334937985251,72.78838374000362,0.16446644664466448,0.0,0.0,,,0.0
dist_hour_table,4,400,180.0,2824,1769,0.6264164305949008,0.3735835694050991,0.035056657223796035,0.13279036827195467,0.20573654390934845,362.22358545320037,355.8556014891783,584.5400285814113,357.8960325197462,707.6,23.431882419446016,338.79170303375435,0.28062900220756426,0.24176299702912468,0.477608000763311,372,14.596774193548388,0.11902715054172101,0.18141400002605257,0.05188679245283019,,,,2824,0.0,0.6264164305949008,0.0,0.0,1.0,16160.511100435648,0.0,36.860115904242825,69.91199643006259,0.14414923685698133,0.0,0.0,,,0.0
dist_hour_table,5,400,180.0,2824,1786,0.6324362606232294,0.36756373937677056,0.02762039660056657,0.12889518413597734,0.21104815864022664,366.87591572987697,361.5813613763553,581.2591810023296,362.3535347688922,714.4,22.37178051511758,344.50413521475934,0.2729936753352597,0.24877019185771906,0.47823613280702126,360,14.03888888888889,0.12942861110963755,0.2288299999713693,0.049838756962767516,,,,2824,0.0,0.6324362606232294,0.0,0.0,1.0,16238.80940591328,0.0,36.138067948885926,72.11041883938682,0.15005599104143338,0.0,0.0,,,0.0
dist_hour_table,0,400,300.0,2824,1976,0.6997167138810199,0.3002832861189802,0.043909348441926344,0.1419971671388102,0.11437677053824363,417.965360904452,403.4351559437282,668.7397975751717,387.971331833449,790.4,27.046558704453442,390.91880219999854,0.2127151733554373,0.2595308049017243,0.5277540217428384,361,16.54016620498615,0.12003047091371964,0.19051999988732857,0.051236222817992255,,,,2824,0.0,0.6997167138810199,0.0,0.0,1.0,17928.72481794071,0.0,54.98334635566545,93.69574999066148,0.2444331983805668,0.0,0.0,,,0.0
dist_hour_table,1,400,300.0,2824,1927,0.6823654390934845,0.3176345609065156,0.04567988668555241,0.1536827195467422,0.11827195467422097,425.1287576823582,417.60343797266796,685.0428538540137,390.26902268989977,770.8,27.803840166061235,397.3249175162969,0.230358631407718,0.2582569601942446,0.5113844083980374,371,16.393530997304584,0.11919002695861301,0.18663999999262168,0.04640718562874251,,,,2824,0.0,0.6823654390934845,0.0,0.0,1.0,17321.621289958748,0.0,64.31779390965308,97.05964378915364,0.26310326933056566,0.0,0.0,,,0.0
dist_hour_table,2,400,300.0,2824,1946,0.6890934844192634,0.31090651558073656,0.05807365439093484,0.13385269121813032,0.11898016997167139,417.07199587836124,408.2530772080331,670.2706762937241,390.5929226464846,778.4,29.67523124357657,387.39676463478463,0.21803981862089497,0.25274067071013695,0.529219510668968,365,18.394520547945206,0.1229438356223336,0.1988320000600652,0.05463824677274092,,,,2824,0.0,0.6890934844192634,0.0,0.0,1.0,17920.13510376994,0.0,58.14498049757269,92.29201354446869,0.23792394655704008,0.0,0.0,,,0.0
dist_hour_table,3,400,300.0,2824,1951,0.6908640226628895,0.30913597733711046,0.05488668555240793,0.13703966005665721,0.11720963172804533,419.2742732977032,409.3640470327646,666.9369858437676,387.59720984443146,780.4,25.455151204510507,393.81912209319273,0.22148737045663125,0.2554852023018125,0.5230274272415563,363,16.573002754820937,0.1197991735549525,0.20712400011689147,0.052663076002393776,,,,2824,0.0,0.6908640226628895,0.0,0.0,1.0,17868.972347473296,0.0,57.50054415795044,92.28406342241307,0.2434648898001025,0.0,0.0,,,0.0
dist_hour_table,4,400,300.0,2824,1956,0.6926345609065155,0.3073654390934844,0.04815864022662889,0.1504957507082153,0.10871104815864023,413.80542548546345,409.60680997061945,655.5123921419217,379.0935243019165,782.4,26.601738241308794,387.20368724415465,0.22773510529772178,0.24986416203085848,0.5224007326714197,363,16.793388429752067,0.11878925619141939,0.1912040000433989,0.049970077797725915,,,,2824,0.0,0.6926345609065155,0.0,0.0,1.0,17766.41178197272,0.0,59.597974050461715,92.891824216437,0.24948875255623723,0.0,0.0,,,0.0
dist_hour_table,5,400,300.0,2824,1921,0.6802407932011332,0.3197592067988669,0.05063739376770538,0.15191218130311615,0.11720963172804533,419.6404196012169,412.64912100930724,667.9775696097313,383.7746648658674,768.4,26.863092139510673,392.77732746170614,0.23111344935739347,0.2541280508561995,0.514758499786407,368,16.3125,0.11664239129740765,0.18304399985936412,0.04941599281221923,,,,2824,0.0,0.6802407932011332,0.0,0.0,1.0,17477.01898470395,0.0,62.93885524831688,94.23950420938277,0.25663716814159293,0.0,0.0,,,0.0
learned_eta,0,400,120.0,2824,1861,0.6589943342776204,0.3410056657223796,0.07577903682719547,0.1501416430594901,0.11508498583569406,360.03521030339095,360.16840110748035,555.6542905521164,325.99277930031707,744.4,31.90918860827512,328.12602169511587,0.29707266279810574,0.20492276395809314,0.49800457324380115,359,19.24791086350975,0.1384980501460528,0.21747799998593118,0.05237366003062787,,,,2824,0.0,0.6589943342776204,0.0,0.0,1.0,16857.079968713922,0.0,-14.42969067253997,57.9941006025266,0.03922622246104245,0.0,0.0,,,0.0
learned_eta,1,400,120.0,2824,1891,0.6696175637393768,0.33038243626062325,0.07294617563739376,0.15828611898016998,0.09915014164305949,349.55190103729075,346.0215593009543,544.238815673536,315.5376132677873,756.4,27.246959280803807,322.3049417564869,0.2991353871734326,0.1985122755862949,0.5023523372402725,360,18.916666666666668,0.13769861110404236,0.22827999999435752,0.05090463048144741,,,,2824,0.0,0.6696175637393768,0.0,0.0,1.0,17069.36134630171,0.0,-14.436605569081518,57.3026266246941,0.035430988894764676,0.0,0.0,,,0.0
learned_eta,2,400,120.0,2824,1853,0.6561614730878187,0.3438385269121813,0.08994334277620397,0.1363314447592068,0.11756373937677053,345.9749723194727,341.7596295438725,549.8508809463602,321.9441014890575,741.2,28.537506745817595,317.4374655736551,0.29993172639653537,0.19900784906689095,0.5010604245365736,359,20.07242339832869,0.1361128133743741,0.22082399992541504,0.053886652214307836,,,,2824,0.0,0.6561614730878187,0.0,0.0,1.0,16965.83537260425,0.0,-15.745122372056281,55.20453497042142,0.030221262817053427,0.0,0.0,,,0.0
learned_eta,3,400,120.0,2824,1897,0.671742209631728,0.32825779036827196,0.07330028328611898,0.1448300283286119,0.11012747875354108,357.50050991046305,359.0025745837629,554.6902030251766,325.09925091816905,758.8,28.92092778070638,328.5795821297567,0.2869356007647457,0.20508968287920432,0.50797471635605,368,18.581521739130434,0.13329402173605617,0.23389500001258054,0.0500460546515198,,,,2824,0.0,0.671742209631728,0.0,0.0,1.0,17383.956549754257,0.0,-14.311249437914334,57.900575644760586,0.03637322087506589,0.0,0.0,,,0.0
learned_eta,4,400,120.0,2824,1890,0.6692634560906515,0.3307365439093484,0.07932011331444759,0.15191218130311615,0.0995042492917847,352.05266722526767,345.0963262243308,549.0960013263028,319.24863109733093,756.0,30.36137566137566,321.69129156389204,0.2934645586479099,0.19788197549275524,0.5086534658593349,359,19.94707520891365,0.14613036212033276,0.26411400003326047,0.04638218923933209,,,,2824,0.0,0.6692634560906515,0.0,0.0,1.0,17191.393523836996,0.0,-14.421614909898556,57.26131559204777,0.03333333333333333,0.0,0.0,,,0.0
learned_eta,5,400,120.0,2824,1887,0.6682011331444759,0.33179886685552407,0.08463172804532577,0.14943342776203966,0.09773371104815864,356.6048507171458,352.6920975073863,556.0563612147209,322.0641267518083,754.8,32.37148913619502,324.23336158095077,0.29847141131123434,0.19692753974131488,0.5046010489474508,368,20.125,0.1494176630301255,0.29344899997113305,0.049937965260545905,,,,2824,0.0,0.6682011331444759,0.0,0.0,1.0,17171.093385784778,0.0,-15.878787943291028,57.69959592860829,0.03126656067832538,0.0,0.0,,,0.0
learned_eta,0,400,180.0,2824,1990,0.7046742209631728,0.2953257790368272,0.08640226628895184,0.1508498583569405,0.05807365439093484,375.84048079099443,368.90970242843696,581.4350114674659,329.8915109385322,796.0,32.44321608040201,343.3972647105924,0.263717707516884,0.20370698846011778,0.5325753040229982,361,20.274238227146814,0.1589534626010615,0.35993999995298476,0.05316846986089645,,,,2824,0.0,0.7046742209631728,0.0,0.0,1.0,18093.402720418824,0.0,-6.517726164741957,62.04322182930514,0.0678391959798995,0.0,0.0,,,0.0
learned_eta,1,400,180.0,2824,1958,0.693342776203966,0.306657223796034,0.08144475920679886,0.16005665722379603,0.06515580736543909,369.8359824816173,364.5556965004398,577.9803030239763,325.5597071962709,783.2,29.272727272727273,340.56325520889,0.2773908163884288,0.20294530470746644,0.5196638789041048,362,19.93646408839779,0.16216685082467572,0.3703550000750506,0.05685310387215734,,,,2824,0.0,0.693342776203966,0.0,0.0,1.0,17714.781587485435,0.0,-6.231063854956516,62.136362061990276,0.06537282941777324,0.0,0.0,,,0.0
learned_eta,2,400,180.0,2824,1969,0.6972379603399433,0.30276203966005666,0.0906515580736544,0.14553824362606232,0.06657223796033994,365.5199529858711,360.7877963206265,576.9218236871759,327.4414922608146,787.6,30.022854240731334,335.4970987451398,0.2733624812410373,0.20110253438568232,0.5255349843732804,360,20.68888888888889,0.1832238888861563,0.35006799991606524,0.048064918851435705,,,,2824,0.0,0.6972379603399433,0.0,0.0,1.0,17939.714357388213,0.0,-8.087390934742212,60.77713200362019,0.055865921787709494,0.0,0.0,,,0.0
learned_eta,3,400,180.0,2824,1960,0.6940509915014165,0.3059490084985836,0.08888101983002833,0.1529745042492918,0.06409348441926345,373.6159330433546,369.3433150954861,592.9908420805741,328.6544608495578,784.0,31.930612244897958,341.68532079845664,0.27525508911310403,0.20174508098650862,0.5229998299003874,363,20.520661157024794,0.17641955922360564,0.37747399993804703,0.053710027941633036,,,,2824,0.0,0.6940509915014165,0.0,0.0,1.0,17911.069925166386,0.0,-8.327617962329251,64.18607276245295,0.06275510204081633,0.0,0.0,,,0.0
learned_eta,4,400,180.0,2824,1943,0.6880311614730878,0.3119688385269122,0.08392351274787535,0.15864022662889518,0.06940509915014165,373.49351738813255,365.3472410045679,588.496792483762,329.2295738732087,777.2,30.63870303654143,342.8548143515911,0.27925594916130425,0.20352443397292916,0.5172196168657667,370,19.9,0.169444594599259,0.31436399990525393,0.0545790934320074,,,,2824,0.0,0.6880311614730878,0.0,0.0,1.0,17627.070394886374,0.0,-4.743485829891969,64.21650833132604,0.06793618116314977,0.0,0.0,,,0.0
learned_eta,5,400,180.0,2824,1938,0.6862606232294618,0.31373937677053826,0.08569405099150142,0.16572237960339944,0.06232294617563739,371.77383292470296,371.3784775613303,582.2778465951296,324.27022506297544,775.2,30.254901960784313,341.51893096391865,0.27217304255999286,0.19902551436417504,0.5288014430758321,363,20.53994490358127,0.16787796142954764,0.2979679999180007,0.05179900744416874,,,,2824,0.0,0.6862606232294618,0.0,0.0,1.0,17705.132694482825,0.0,-5.270958466559682,60.60904098779257,0.05675954592363261,0.0,0.0,,,0.0
learned_eta,0,400,300.0,2824,2057,0.728399433427762,0.27160056657223797,0.09596317280453258,0.15439093484419264,0.021246458923512748,391.84212258779854,380.6066086258161,616.3191311949745,332.58273013072386,822.8,33.24890617403987,358.5932164137587,0.24864768923693864,0.20179689967418685,0.5495554110888745,361,21.218836565096954,0.14159833794755414,0.27951999995821,0.05719614547715263,,,,2824,0.0,0.728399433427762,0.0,0.0,1.0,18706.702516560752,0.0,1.1946143311257595,71.85883188070899,0.10354885755955275,0.0,0.0,,,0.0
learned_eta,1,400,300.0,2824,2038,0.7216713881019831,0.278328611898017,0.08781869688385269,0.16607648725212465,0.02443342776203966,387.875772815408,380.215444476004,615.7924599482388,329.9714119801905,815.2,29.421491658488716,358.4542811569193,0.2555117471048635,0.20283268855813955,0.5416555643369969,360,21.011111111111113,0.14220333332685994,0.3592020000542112,0.05403726708074534,,,,2824,0.0,0.7216713881019831,0.0,0.0,1.0,18512.38068512563,0.0,2.2594385984493357,69.36347845010988,0.10058881256133465,0.0,0.0,,,0.0
learned_eta,2,400,300.0,2824,2026,0.7174220963172805,0.28257790368271957,0.10339943342776203,0.1512039660056657,0.027974504249291786,393.0070539157136,384.48454135754355,624.3754879533071,336.06288906584865,810.4,34.13228035538006,358.87477356033355,0.2542594305795203,0.2019984714993238,0.5437420979211559,362,21.99171270718232,0.13894530386563758,0.31171400010634853,0.055189714644089054,,,,2824,0.0,0.7174220963172805,0.0,0.0,1.0,18399.584511971905,0.0,1.997061209793341,67.98425336182646,0.096248766041461,0.0,0.0,,,0.0
learned_eta,3,400,300.0,2824,2036,0.7209631728045326,0.2790368271954674,0.096671388101983,0.15262039660056656,0.029745042492917848,397.8640748215058,391.95341346209443,622.2495833108833,339.77421059555235,814.4,32.729371316306484,365.13470350519935,0.2493892745865738,0.20676050583857075,0.5438502195748555,367,20.940054495912808,0.13892316075839828,0.29182800010403187,0.04962311557788945,,,,2824,0.0,0.7209631728045326,0.0,0.0,1.0,18676.718250388334,0.0,5.096937546472181,70.75132229115961,0.11051080550098231,0.0,0.0,,,0.0
learned_eta,4,400,300.0,2824,2037,0.7213172804532578,0.27868271954674223,0.09206798866855524,0.1643059490084986,0.022308781869688384,395.34001918575575,384.65143532133516,632.236977667797,333.56164675437986,814.8,34.68090328915071,360.659115896605,0.25935255785395595,0.20199269327197103,0.538654748874073,371,21.110512129380055,0.13409218329717124,0.2676899999187302,0.05240174672489083,,,,2824,0.0,0.7213172804532578,0.0,0.0,1.0,18456.61994423622,0.0,7.202926301805707,71.30025008400585,0.11291114383897889,0.0,0.0,,,0.0
learned_eta,5,400,300.0,2824,2042,0.7230878186968839,0.2769121813031161,0.09348441926345609,0.16041076487252123,0.02301699716713881,396.40126909570057,391.8920679917851,617.6950106247618,337.2416088754626,816.8,34.371204701273264,362.0300643944273,0.24876377456915574,0.20216860394695657,0.5490676214838877,363,21.994490358126722,0.13576115703001135,0.2816180000490928,0.04681118441721646,,,,2824,0.0,0.7230878186968839,0.0,0.0,1.0,18639.719882236026,0.0,5.27750463000117,69.79854531740403,0.10479921645445642,0.0,0.0,,,0.0
