arm,seed,drivers.num_drivers,requests,completed,completion_rate,cancel_rate,cancel_no_match_rate,cancel_eta_rate,cancel_late_rate,wait_mean_s,wait_p50_s,wait_p90_s,wait_all_mean_s,completed_per_hour,time_to_match_mean_s,pickup_mean_s,driver_idle_frac,driver_enroute_frac,driver_ontrip_frac,batches,batch_riders_mean,solve_ms_mean,solve_ms_p99,decline_rate,shadow_gap_s_per_batch,shadow_gap_frac,shadow_worse_batches_frac,app_opens,priced_out_rate,served_rate,retried_rate,surged_trip_frac,mean_multiplier_paid,revenue_per_hour,surge_revenue_per_hour,eta_error_mean_s,eta_abs_error_mean_s,eta_late_2min_frac,moves_per_driver_hour,reposition_km_per_hour,moves_dispatched_frac,move_planned_mean_s,driver_reposition_frac
global_multiplier,0,400,2824,2139,0.7574362606232294,0.24256373937677053,0.13774787535410765,0.1048158640226629,0.0,641.8472912482313,611.9611461821496,955.3622931559131,529.6470634556835,855.6,52.712014960261804,589.1352762879694,0.11266462076959521,0.308021528811678,0.5793138504187269,365,27.397260273972602,0.1634769862342693,0.33668399984890135,0.049511400651465795,,,,2824,0.0,0.7574362606232294,0.0,0.0,1.0,19667.59057227296,0.0,261.19054433118373,271.5587054239606,0.7405329593267882,0.0,0.0,,,0.0
global_multiplier,1,400,2824,2126,0.7528328611898017,0.2471671388101983,0.13385269121813032,0.11331444759206799,0.0,637.1664351837811,597.9799013896431,957.0623635854361,523.2046653541723,850.4,48.18579492003763,588.9806402637433,0.11931409787711801,0.31131124702225926,0.5693746551006228,365,27.084931506849315,0.1604800000615348,0.28925600112415856,0.048239895697522815,,,,2824,0.0,0.7528328611898017,0.0,0.0,1.0,19168.739036655403,0.0,264.03061691171587,275.5299915579942,0.7431796801505174,0.0,0.0,,,0.0
global_multiplier,2,400,2824,2122,0.7514164305949008,0.24858356940509915,0.1501416430594901,0.09844192634560907,0.0,648.5234239943351,619.8552194657714,952.6762388870534,535.3351754319565,848.8,55.31950989632422,593.2039140980108,0.12070851774091164,0.31046545752485416,0.5688260247342343,369,28.9159891598916,0.15736883460827358,0.3652759999386033,0.0572456656853124,,,,2824,0.0,0.7514164305949008,0.0,0.0,1.0,19214.79054407264,0.0,271.0785483392955,279.9803454626651,0.7511781338360037,0.0,0.0,,,0.0
global_multiplier,3,400,2824,2088,0.7393767705382436,0.26062322946175637,0.153328611898017,0.10729461756373938,0.0,641.7299340176305,614.0051509721384,949.3612233795741,524.1134472871622,835.2,54.39607279693487,587.3338612206956,0.13288774481203405,0.30066415490606235,0.5664481002819035,366,29.295081967213115,0.15680245902987108,0.33599499975025593,0.050959629384513566,,,,2824,0.0,0.7393767705382436,0.0,0.0,1.0,19109.272350395222,0.0,260.32749548133495,271.3287675932986,0.7418582375478927,0.0,0.0,,,0.0
global_multiplier,4,400,2824,2111,0.7475212464589235,0.25247875354107646,0.1419971671388102,0.11048158640226628,0.0,645.1408352915458,616.6670398358674,972.9286026108202,528.9946456202159,844.4,51.93889152060635,593.2019437709396,0.1193539642907596,0.31130833875490804,0.5693376969543323,373,27.664879356568363,0.16206997321112906,0.3449360001104635,0.052011776251226695,,,,2824,0.0,0.7475212464589235,0.0,0.0,1.0,19236.37143998306,0.0,270.5440821398195,280.5853393624997,0.7498815727143534,0.0,0.0,,,0.0
global_multiplier,5,400,2824,2097,0.7425637393767706,0.25743626062322944,0.13562322946175637,0.12181303116147309,0.0,643.1283446703687,605.9553264807964,974.1425336718785,522.2314401758847,838.8,53.96280400572246,589.1655406646463,0.13186243537907252,0.3061809682658647,0.5619565963550628,367,27.869209809264305,0.15697629427380622,0.2828999999474033,0.046951418324095204,,,,2824,0.0,0.7425637393767706,0.0,0.0,1.0,19007.732567329727,0.0,264.2551991036311,275.48471246416295,0.7401049117787315,0.0,0.0,,,0.0
hour_table,0,400,2824,2146,0.759915014164306,0.24008498583569404,0.1391643059490085,0.10092067988668556,0.0,654.9763383707729,631.6164134924152,956.7583769661378,540.2725869812251,858.4,54.61556383970177,600.360774531071,0.10898501330355516,0.3130816810683363,0.5779333056281085,364,27.653846153846153,0.15094560450341923,0.28546099969389616,0.054203180785459264,,,,2824,0.0,0.759915014164306,0.0,0.0,1.0,19658.827700797578,0.0,277.7077704286628,285.4980043967178,0.7712022367194781,0.0,0.0,,,0.0
hour_table,1,400,2824,2148,0.7606232294617564,0.23937677053824363,0.1281869688385269,0.11118980169971672,0.0,644.0394201056532,609.6383623006423,962.0165795246471,531.1968468066434,859.2,49.58054003724395,594.4588800684094,0.11113041507697757,0.31431799684307915,0.5745515880799433,364,26.903846153846153,0.15105082418033686,0.31293699967136496,0.05803142032702789,,,,2824,0.0,0.7606232294617564,0.0,0.0,1.0,19401.52277974723,0.0,272.9690229358572,282.49025651811644,0.7565176908752328,0.0,0.0,,,0.0
hour_table,2,400,2824,2143,0.7588526912181303,0.24114730878186968,0.1504957507082153,0.0906515580736544,0.0,661.2323416138346,636.0952245818171,969.5906334906325,549.655166121412,857.2,54.81614559029398,606.4161960235406,0.11074543682388059,0.3179161779316041,0.5713383852445153,370,28.78918918918919,0.14855108105670345,0.28563100064275204,0.05693717277486911,,,,2824,0.0,0.7588526912181303,0.0,0.0,1.0,19403.1353315033,0.0,285.9564775436352,293.0363834598965,0.782547830144657,0.0,0.0,,,0.0
hour_table,3,400,2824,2126,0.7528328611898017,0.2471671388101983,0.14695467422096317,0.10021246458923513,0.0,655.4952539410044,620.6702849792307,973.3601835191257,541.1414653035929,850.4,55.91486359360301,599.5803903474016,0.12055033569170541,0.3104022371642304,0.5690474271440642,366,29.297814207650273,0.14929808734788444,0.33104499989349284,0.0531496062992126,,,,2824,0.0,0.7528328611898017,0.0,0.0,1.0,19329.34308706962,0.0,277.44638307607875,286.4497585856573,0.7624647224835371,0.0,0.0,,,0.0
hour_table,4,400,2824,2139,0.7574362606232294,0.24256373937677053,0.14128895184135978,0.10127478753541076,0.0,650.2192270692293,620.3929434686979,974.2471222916108,536.8640011482494,855.6,53.962131837307155,596.2570952319221,0.11493516828734457,0.31275705025618833,0.5723077814564671,372,27.6747311827957,0.1407241934919179,0.27461700074127326,0.04980340760157274,,,,2824,0.0,0.7574362606232294,0.0,0.0,1.0,19546.59393303207,0.0,281.65428996211335,291.35396369542264,0.771856007480131,0.0,0.0,,,0.0
hour_table,5,400,2824,2135,0.7560198300283286,0.24398016997167138,0.13491501416430596,0.10906515580736544,0.0,647.5900660770329,611.4237093252086,975.3860077249075,532.4185415153362,854.0,55.26370023419204,592.3263658428409,0.12274535631789463,0.31005674925849386,0.5671978944236115,362,28.201657458563535,0.14860773484723627,0.2891040006943511,0.046610169491525424,,,,2824,0.0,0.7560198300283286,0.0,0.0,1.0,19307.3450555253,0.0,275.65503746883843,284.65492980947187,0.7526932084309134,0.0,0.0,,,0.0
zone_hour_table,0,400,2824,2180,0.7719546742209632,0.22804532577903683,0.12287535410764873,0.1051699716713881,0.0,653.5502824696647,623.5401366151641,976.6702564528786,541.8813484494175,872.0,57.92110091743119,595.6291815522335,0.09754887573407561,0.31517610625647047,0.587275018009454,362,27.34254143646409,0.15139254135657257,0.2928009996685426,0.04942233632862644,,,,2824,0.0,0.7719546742209632,0.0,0.0,1.0,19965.6951190186,0.0,269.25011510470426,277.25519999975705,0.7600917431192661,0.0,0.0,,,0.0
zone_hour_table,1,400,2824,2162,0.7655807365439093,0.23441926345609065,0.12039660056657224,0.11402266288951841,0.0,650.4164277330448,622.0758533066501,964.6427425474913,536.8482172883572,864.8,50.02173913043478,600.3946886026099,0.10272205700123291,0.3200706426965226,0.5772073003022445,364,26.337912087912088,0.14710247252558795,0.27760100010709726,0.05580357142857143,,,,2824,0.0,0.7655807365439093,0.0,0.0,1.0,19541.867505812228,0.0,278.1827406999719,286.07540979368696,0.7752081406105458,0.0,0.0,,,0.0
zone_hour_table,2,400,2824,2166,0.7669971671388102,0.2330028328611898,0.13385269121813032,0.09915014164305949,0.0,658.6310739492037,627.8757100703292,957.0202638155929,548.3140932589824,866.4,55.78624192059095,602.8448320286127,0.10354532104007776,0.317545631064755,0.5789090478951673,366,28.215846994535518,0.1588885245892115,0.32999500035657564,0.05089141004862237,,,,2824,0.0,0.7669971671388102,0.0,0.0,1.0,19689.929817800374,0.0,277.3895931304921,285.8935033364633,0.7733148661126501,0.0,0.0,,,0.0
zone_hour_table,3,400,2824,2134,0.7556657223796034,0.2443342776203966,0.13385269121813032,0.11048158640226628,0.0,662.714642145521,627.9695196627208,985.8019050969466,546.1016359005091,853.6,58.018275538894095,604.696366606627,0.11171672635320075,0.31422427822025967,0.5740589954265396,364,29.192307692307693,0.14821428569300954,0.27088500122772535,0.05372168284789644,,,,2824,0.0,0.7556657223796034,0.0,0.0,1.0,19625.40814928084,0.0,273.1001892842475,281.2946833063779,0.7699156513589503,0.0,0.0,,,0.0
zone_hour_table,4,400,2824,2176,0.7705382436260623,0.22946175637393768,0.11827195467422097,0.11118980169971672,0.0,644.303810986699,616.0529852376908,948.6387651928585,535.2123068131552,870.4,46.6875,597.616310986699,0.09891538078307706,0.32194366385916384,0.5791409553577591,372,25.032258064516128,0.1410174731288236,0.29198200023529386,0.047527296082209375,,,,2824,0.0,0.7705382436260623,0.0,0.0,1.0,19622.47826820973,0.0,278.9747704495797,286.0522993419545,0.7775735294117647,0.0,0.0,,,0.0
zone_hour_table,5,400,2824,2177,0.7708923512747875,0.22910764872521247,0.11402266288951841,0.11508498583569406,0.0,641.8586825948836,610.9172714320193,955.4571836262018,532.3459660183621,870.8,50.63757464400551,591.221107950878,0.10565284533564145,0.31505652880299306,0.5792906258613655,364,25.945054945054945,0.14617554937173666,0.29868699959479295,0.05147759771210677,,,,2824,0.0,0.7708923512747875,0.0,0.0,1.0,19778.28221876841,0.0,266.4758412493327,274.57153451577636,0.7514928801102434,0.0,0.0,,,0.0
dist_hour_table,0,400,2824,2011,0.7121104815864022,0.2878895184135977,0.13279036827195467,0.15509915014164305,0.0,610.4608985694655,576.4083379621115,950.7662883868561,480.9760535233413,804.4,42.62754848334162,567.8333500861237,0.16751257062229183,0.2877487185950347,0.5447387107826734,366,26.237704918032787,0.15143606553286443,0.3027100008694109,0.04771241830065359,,,,2824,0.0,0.7121104815864022,0.0,0.0,1.0,18438.907125712492,0.0,191.10245107997568,215.94439920721558,0.5847836897066137,0.0,0.0,,,0.0
dist_hour_table,1,400,2824,1980,0.7011331444759207,0.2988668555240793,0.13137393767705383,0.1674929178470255,0.0,605.2965691603575,567.1206055479397,938.1126063812465,470.73091699791746,792.0,39.70151515151515,565.5950540088425,0.18051369098950004,0.2863860841812501,0.5331002248292499,365,26.054794520547944,0.14669287672516737,0.2530720007780474,0.05083088954056696,,,,2824,0.0,0.7011331444759207,0.0,0.0,1.0,17915.745136431033,0.0,190.55662230298256,213.5246419646799,0.5944444444444444,0.0,0.0,,,0.0
dist_hour_table,2,400,2824,1993,0.7057365439093485,0.2942634560906516,0.14058073654390935,0.1536827195467422,0.0,625.3324848614938,589.408553559887,965.5184504124649,490.74945221083135,797.2,42.910687405920726,582.421797455573,0.17235174449970675,0.2951615702034706,0.5324866852968226,368,26.76358695652174,0.14749945651344562,0.25322399915239635,0.048042119118130965,,,,2824,0.0,0.7057365439093485,0.0,0.0,1.0,18035.120073966547,0.0,204.4390823307211,222.47090828246976,0.6046161565479177,0.0,0.0,,,0.0
dist_hour_table,3,400,2824,1952,0.6912181303116147,0.3087818696883853,0.15262039660056656,0.1561614730878187,0.0,618.0842996224042,580.5184522349257,961.4262069240626,480.34585100609524,780.8,48.80686475409836,569.2774348683058,0.19191199487484126,0.2811348046563675,0.5269532004687912,373,28.134048257372655,0.14434155497323733,0.2911199998197843,0.047634910059960026,,,,2824,0.0,0.6912181303116147,0.0,0.0,1.0,17824.02785652524,0.0,187.92534660950588,212.80885583112808,0.5799180327868853,0.0,0.0,,,0.0
dist_hour_table,4,400,2824,1975,0.6993626062322946,0.3006373937677054,0.141643059490085,0.15899433427762039,0.0,613.0378134426604,579.6177247795567,952.4572016621956,479.3364970041,790.0,43.26227848101266,569.7755349616477,0.1795528483781901,0.2861092107440371,0.5343379408777729,373,26.75603217158177,0.14396621981818583,0.27646800001093624,0.04145936981757877,,,,2824,0.0,0.6993626062322946,0.0,0.0,1.0,18045.789553689778,0.0,192.49909705605538,217.29966891171352,0.5964556962025317,0.0,0.0,,,0.0
dist_hour_table,5,400,2824,1960,0.6940509915014165,0.3059490084985836,0.14270538243626063,0.16324362606232296,0.0,625.6855199883457,595.3522239778392,966.6138802845165,484.2205151020403,784.0,45.08265306122449,580.6028669271212,0.18661900591147187,0.28920831853469875,0.5241726755538294,370,26.9027027027027,0.14906162169928713,0.2966449994528375,0.0462046204620462,,,,2824,0.0,0.6940509915014165,0.0,0.0,1.0,17900.332874782034,0.0,196.91504131015634,219.40111730281788,0.5938775510204082,0.0,0.0,,,0.0
learned_eta,0,400,2824,1793,0.634915014164306,0.36508498583569404,0.1643059490084986,0.20077903682719547,0.0,453.64399281733625,442.5167262675259,688.5968270491765,344.79730863356684,717.2,34.17847183491355,419.46552098242273,0.31934399223240256,0.19948076984826488,0.4811752379193326,373,26.41554959785523,0.1525436996965452,0.31910400022752533,0.04911924119241192,,,,2824,0.0,0.634915014164306,0.0,0.0,1.0,16394.704276507087,0.0,13.092738204224935,86.35752084124766,0.1483547127718907,0.0,0.0,,,0.0
learned_eta,1,400,2824,1816,0.6430594900849859,0.35694050991501414,0.16395184135977336,0.1929886685552408,0.0,455.21495891362196,442.89618861942654,683.1513234971062,351.6295178059586,726.4,31.254955947136565,423.96000296648543,0.31083398154494657,0.20329747773757603,0.4858685407174774,364,27.274725274725274,0.1537760989137226,0.3393959991990415,0.05450874831763122,,,,2824,0.0,0.6430594900849859,0.0,0.0,1.0,16487.34707932194,0.0,14.135389320560071,87.25667954212383,0.15969162995594713,0.0,0.0,,,0.0
learned_eta,2,400,2824,1809,0.6405807365439093,0.35941926345609065,0.17776203966005666,0.181657223796034,0.0,458.21168086392345,451.5257172964584,697.8629725721206,355.4084153392648,723.6,33.34438916528469,424.8672916986387,0.322811652204331,0.20141630453785517,0.4757720432578138,374,27.310160427807485,0.15928796786181648,0.28835299952333965,0.05129958960328317,,,,2824,0.0,0.6405807365439093,0.0,0.0,1.0,16452.075105853106,0.0,15.796481070554202,86.45356769452542,0.16196793808734108,0.0,0.0,,,0.0
learned_eta,3,400,2824,1846,0.6536827195467422,0.34631728045325777,0.15864022662889518,0.18767705382436262,0.0,463.2980538726594,454.99424338102654,705.3048986677436,358.12577812269865,738.4,32.80552546045504,430.4925284122044,0.2976527037721083,0.2094393317798547,0.4929079644480371,364,26.752747252747252,0.15503763739156518,0.26984999973137747,0.05245460659045057,,,,2824,0.0,0.6536827195467422,0.0,0.0,1.0,16928.20630360713,0.0,16.013506579345506,87.52195585352537,0.16143011917659805,0.0,0.0,,,0.0
learned_eta,4,400,2824,1794,0.6352691218130312,0.36473087818696887,0.1643059490084986,0.20042492917847027,0.0,453.35213990476586,445.8884481339619,688.6954530337695,346.70442992072446,717.6,33.3494983277592,420.00264157700667,0.3242032368210845,0.19869694250812692,0.47709982067078854,368,27.434782608695652,0.1542092391683463,0.26415300029839267,0.05643798580601555,,,,2824,0.0,0.6352691218130312,0.0,0.0,1.0,16165.769239263953,0.0,11.896913011553156,86.65737654367676,0.15105908584169453,0.0,0.0,,,0.0
learned_eta,5,400,2824,1804,0.6388101983002833,0.3611898016997167,0.16607648725212465,0.19511331444759206,0.0,452.38494373602595,440.9413279763353,681.050392471188,350.16293213263873,721.6,31.658536585365855,420.7264071506601,0.31912375207948956,0.20103578920647325,0.4798404587140372,379,26.472295514511874,0.1547617413870954,0.3218480003852163,0.04614862572107228,,,,2824,0.0,0.6388101983002833,0.0,0.0,1.0,16363.970125384356,0.0,16.003676263219536,86.47624713289184,0.1590909090909091,0.0,0.0,,,0.0
