arm,drivers.num_drivers,pricing.elasticity,app_opens,served_rate,priced_out_rate,retried_rate,cancel_rate,wait_all_mean_s,completed_per_hour,revenue_per_hour,surge_revenue_per_hour,mean_multiplier_paid,surged_trip_frac,driver_idle_frac,d_app_opens,ci_app_opens,d_served_rate,ci_served_rate,d_priced_out_rate,ci_priced_out_rate,d_retried_rate,ci_retried_rate,d_cancel_rate,ci_cancel_rate,d_wait_all_mean_s,ci_wait_all_mean_s,d_completed_per_hour,ci_completed_per_hour,d_revenue_per_hour,ci_revenue_per_hour,d_surge_revenue_per_hour,ci_surge_revenue_per_hour,d_mean_multiplier_paid,ci_mean_multiplier_paid,d_surged_trip_frac,ci_surged_trip_frac,d_driver_idle_frac,ci_driver_idle_frac
no_surge,300,0.3,2824.0,0.7374881964117092,0.0,0.0,0.26251180358829085,320.0053824784431,833.0666666666666,18945.651797820476,0.0,1.0,0.0,0.06739466193202012,,,,,,,,,,,,,,,,,,,,,,,,
no_surge,300,0.5,2824.0,0.7374881964117092,0.0,0.0,0.26251180358829085,320.0053824784431,833.0666666666666,18945.651797820476,0.0,1.0,0.0,0.06739466193202012,,,,,,,,,,,,,,,,,,,,,,,,
no_surge,300,0.8,2824.0,0.7374881964117092,0.0,0.0,0.26251180358829085,320.0053824784431,833.0666666666666,18945.651797820476,0.0,1.0,0.0,0.06739466193202012,,,,,,,,,,,,,,,,,,,,,,,,
no_surge,400,0.3,2824.0,0.9049811142587347,0.0,0.0,0.09501888574126534,249.47829650751837,1022.2666666666668,23359.59630913136,0.0,1.0,0.0,0.1407011060406921,,,,,,,,,,,,,,,,,,,,,,,,
no_surge,400,0.5,2824.0,0.9049811142587347,0.0,0.0,0.09501888574126534,249.47829650751837,1022.2666666666668,23359.59630913136,0.0,1.0,0.0,0.1407011060406921,,,,,,,,,,,,,,,,,,,,,,,,
no_surge,400,0.8,2824.0,0.9049811142587347,0.0,0.0,0.09501888574126534,249.47829650751837,1022.2666666666668,23359.59630913136,0.0,1.0,0.0,0.1407011060406921,,,,,,,,,,,,,,,,,,,,,,,,
no_surge,500,0.3,2824.0,0.9572119924457035,0.0,0.0,0.04278800755429651,192.04340327224125,1081.2666666666667,24697.630171035486,0.0,1.0,0.0,0.29141553391961134,,,,,,,,,,,,,,,,,,,,,,,,
no_surge,500,0.5,2824.0,0.9572119924457035,0.0,0.0,0.04278800755429651,192.04340327224125,1081.2666666666667,24697.630171035486,0.0,1.0,0.0,0.29141553391961134,,,,,,,,,,,,,,,,,,,,,,,,
no_surge,500,0.8,2824.0,0.9572119924457035,0.0,0.0,0.04278800755429651,192.04340327224125,1081.2666666666667,24697.630171035486,0.0,1.0,0.0,0.29141553391961134,,,,,,,,,,,,,,,,,,,,,,,,
surge_reactive,300,0.3,2824.0,0.7181893295561851,0.11319641170915958,0.09631728045325778,0.1901289099559141,302.0231779358509,811.2666666666668,37769.98982269974,19300.54313599829,2.070592116287583,0.8139645412057434,0.07645714730984007,0.0,0.0,-0.019298866855524066,0.00276315986581395,0.11319641170915958,0.0029645358092631755,0.09631728045325778,0.004371235777888894,-0.07238289363237675,0.002632416495610955,-17.98220454259217,5.71326207844565,-21.80000000000001,3.1212653844234244,18824.338024879264,450.51608321939676,19300.54313599829,424.8881673668682,1.0705921162875836,0.02020392824031442,0.8139645412057434,0.005147859122724729,0.00906248537781995,0.0013885356087634455
surge_reactive,300,0.5,2824.0,0.7050873465533521,0.1738078375826251,0.1361543909348442,0.14657700914812138,285.1921918896906,796.4666666666667,34487.29593849892,16305.743056209589,1.9177438843007837,0.7620347665431207,0.08808517570662244,0.0,0.0,-0.032400849858356916,0.0014081996447273403,0.1738078375826251,0.0019418273915380979,0.1361543909348442,0.0053962185629112345,-0.11593479444016948,0.002887834459962659,-34.813190588752455,5.366538010839663,-36.6,1.5907023186840235,15541.644140678449,329.3633707769351,16305.743056209589,295.2250348312704,0.9177438843007838,0.017683205346040825,0.7620347665431207,0.004557571810473293,0.020690513774602324,0.003107592513340933
surge_reactive,300,0.8,2824.0,0.6919853635505194,0.2224976392823418,0.1621222851746931,0.10998699712393206,260.74490635900247,781.6666666666666,29499.1990959432,11621.944407919655,1.6643029476412157,0.6550112647007081,0.10803653158020933,0.0,0.0,-0.0455028328611898,0.003413103514507841,0.2224976392823418,0.0043145441070879436,0.1621222851746931,0.005985002197295092,-0.15252480646435876,0.0018497374045944887,-59.26047611944065,4.12651700455482,-51.40000000000001,3.8554417299880814,10553.547298122727,82.63645200786844,11621.944407919655,78.5727662666011,0.6643029476412159,0.010944621252765036,0.6550112647007081,0.012589449127251495,0.0406418696481892,0.0011092622420410807
surge_reactive,400,0.3,2824.0,0.8877478753541075,0.043909348441926344,0.03676817752596789,0.07147015658403884,227.9617010258277,1002.7999999999998,30977.642234888288,8129.6711098173355,1.3565739489884396,0.38294948908808374,0.16282558025989055,0.0,0.0,-0.01723323890462704,0.0025511553875445796,0.043909348441926344,0.002633738334531172,0.03676817752596789,0.0027495672893117612,-0.0235487291572265,0.003936630442291832,-21.516595481690683,2.6976508059686264,-19.46666666666668,2.8817851257703304,7618.045925756931,480.42733347831603,8129.6711098173355,436.5105389915698,0.3565739489884394,0.017942339620858446,0.38294948908808374,0.018994604945741244,0.02212447421919844,0.004339695433106222
surge_reactive,400,0.5,2824.0,0.8803116147308782,0.06173276676109537,0.050873465533522184,0.06176278722200254,219.95396644273038,994.4000000000001,28979.365947847215,6323.345798238187,1.2797645645884665,0.3289301765106365,0.17203297436957554,0.0,0.0,-0.024669499527856503,0.0036271128130917415,0.06173276676109537,0.0034547971748363345,0.050873465533522184,0.0028201975370193318,-0.033256098519262804,0.0022390426171321424,-29.524330064787943,1.7013151056271545,-27.866666666666674,4.097186633668393,5619.769638715853,278.18830742106576,6323.345798238187,326.61173564052575,0.2797645645884665,0.015322355174484267,0.3289301765106365,0.007625328170515338,0.03133186832888344,0.0025823758253580233
surge_reactive,400,0.8,2824.0,0.8684490084985835,0.08038243626062323,0.0626770538243626,0.05563521215251304,212.4539635153802,981.0,26996.205720027177,4609.255165866977,1.2060562012269183,0.2745944346630523,0.18543417661897374,0.0,0.0,-0.03653210576015111,0.004372766054770299,0.08038243626062323,0.003323724135249597,0.0626770538243626,0.002906187454672967,-0.039383673588752305,0.0023615000806191887,-37.02433299213815,2.8854001093183026,-41.26666666666667,4.93947653546854,3636.6094108958173,370.1727210142909,4609.255165866977,313.8171494001078,0.2060562012269184,0.013081275296718216,0.2745944346630523,0.017608597982475785,0.0447330705782816,0.0035214184999683767
surge_reactive,500,0.3,2824.0,0.9494806421152031,0.012924929178470254,0.010800283286118978,0.038087363054964254,187.20381999278592,1072.5333333333335,26675.4546322977,2182.1661000445224,1.084474967756394,0.12616837648026138,0.29779012472192484,0.0,0.0,-0.007731350330500486,0.00275540088983563,0.012924929178470254,0.0018943905357899518,0.010800283286118978,0.0014081996447273407,-0.004700644499332254,0.0014173420448869004,-4.839583279455368,1.737356100620494,-8.733333333333348,3.1125008451582388,1977.8244612622184,188.53041546820185,2182.1661000445224,225.74686552457143,0.08447496775639396,0.00969680725137273,0.12616837648026138,0.01445962847185225,0.006374590802313553,0.0022355787768575898
surge_reactive,500,0.5,2824.0,0.9449362606232294,0.018767705382436262,0.015226628895184134,0.03698946931845065,184.88898723418683,1067.3999999999999,26176.04352595616,1804.4502755626206,1.0702850832541906,0.10708894488746727,0.3018704065699003,0.0,0.0,-0.012275731822474045,0.002192341942525478,0.018767705382436262,0.0019955223304807244,0.015226628895184134,0.002699968379920162,-0.00579853823584585,0.0015966302285091098,-7.154416038054464,1.1364777225557596,-13.866666666666674,2.476469458276761,1478.4133549206806,177.662776847792,1804.4502755626206,202.94216643400458,0.07028508325419058,0.008176256722253037,0.10708894488746727,0.011055913605771175,0.010454872650288966,0.002003340683462789
surge_reactive,500,0.8,2824.0,0.9419853635505193,0.02484655335221907,0.019475920679886686,0.034007958036180896,182.45764552826088,1064.0666666666668,25707.91144407458,1437.5485856665098,1.0568709637278626,0.08867412640328899,0.3058513171296893,0.0,0.0,-0.01522662889518415,0.0015415641760131002,0.02484655335221907,0.0026665571970056695,0.019475920679886686,0.0022596663150393358,-0.008780049518115611,0.0019152192147887089,-9.585757743980395,1.3180193725269034,-17.200000000000006,1.7413508932243378,1010.2812730390979,65.63418031142982,1437.5485856665098,110.93678733063666,0.056870963727862524,0.005634586625056559,0.08867412640328899,0.009751147127678345,0.014435783210078055,0.0018329293114639517
surge_forecast,300,0.3,2824.0,0.7168319169027385,0.11296033994334277,0.09549102927289897,0.1918725914550957,306.3573041008712,809.7333333333332,37672.53048723737,19197.299210797264,2.0666116137174932,0.8106558378229916,0.07627123765879451,0.0,0.0,-0.020656279508970737,0.003965482338780838,0.11296033994334277,0.004378576229369902,0.09549102927289897,0.005330102752701618,-0.07063921213319517,0.002816806294191578,-13.648078377571872,5.12598003284899,-23.33333333333337,4.479408849886817,18726.87868941689,666.6760713408141,19197.299210797264,634.6518299333135,1.066611613717493,0.03395491334882082,0.8106558378229916,0.007039959455597725,0.008876575726774381,0.0009258280032173547
surge_forecast,300,0.5,2824.0,0.707330028328612,0.17020774315391882,0.1329674220963173,0.1475778649923418,286.3527963424798,799.0,34140.6068469064,15898.414999924675,1.8931049461147147,0.7696884186119064,0.08539343772771209,0.0,0.0,-0.030158168083097237,0.001493061260080933,0.17020774315391882,0.0020484631490797997,0.1329674220963173,0.005513957398171669,-0.11493393859594904,0.002952203799442208,-33.6525861359633,3.2296475304575814,-34.066666666666684,1.6865619993874632,15194.955049085926,423.8782221474648,15898.414999924675,397.2470547523278,0.893104946114715,0.02386547978264497,0.7696884186119064,0.01305798767226724,0.017998775795691955,0.0020584832839259364
surge_forecast,300,0.8,2824.0,0.6946411709159585,0.22078611898016995,0.16100094428706327,0.10851194925940251,263.98393194301053,784.6666666666666,29306.48702118279,11408.604069781222,1.652743082651524,0.6629233496824317,0.1057502420422004,0.0,0.0,-0.0428470254957507,0.0026276346453655832,0.22078611898016995,0.003986012450334532,0.16100094428706327,0.005164866982862443,-0.15399985432888835,0.004208347830933989,-56.0214505354325,4.889553262792426,-48.400000000000034,2.968176095404931,10360.835223362314,378.7911745956853,11408.604069781222,360.33476973886206,0.6527430826515238,0.028920571043381738,0.6629233496824317,0.024817570688162417,0.03835558011018028,0.0020389762644964435
surge_forecast,400,0.3,2824.0,0.8888692162417375,0.04072237960339944,0.034584513692162415,0.0733936544043516,230.66865486367104,1004.0666666666666,30309.189244546727,7435.708443084241,1.3303357608702506,0.356788858882998,0.16018810110767664,0.0,0.0,-0.016111898016997195,0.0030026563589511833,0.04072237960339944,0.001995522330480725,0.034584513692162415,0.0029318577477227717,-0.02162523133691374,0.003212883069307001,-18.8096416438473,2.4586386908772098,-18.19999999999999,3.391800623071268,6949.592935415367,297.54082336867646,7435.708443084241,367.98265488811165,0.3303357608702506,0.013767264319255814,0.356788858882998,0.017698211004262745,0.019486995066984536,0.0017375004940631048
surge_forecast,400,0.5,2824.0,0.8826133144475922,0.056421152030217185,0.04792256846081209,0.06461352750657608,223.65914576992563,997.0,28438.79382430761,5748.399026897686,1.256776767178597,0.3170445433906262,0.16920311540209407,0.0,0.0,-0.02236779981114262,0.003845220664736255,0.056421152030217185,0.002448381760947402,0.04792256846081209,0.0037661105250655596,-0.03040535823468926,0.002565505182515477,-25.819150737592732,2.320065650060159,-25.26666666666669,4.343561262886041,5079.197515176254,326.4702465458856,5748.399026897686,362.2716646728109,0.25677676717859704,0.015770905324049848,0.3170445433906262,0.019505945869554727,0.02850200936140196,0.0027973408755623715
surge_forecast,400,0.8,2824.0,0.8741147308781869,0.07206090651558074,0.05583097261567516,0.05799941233275451,214.19206983232903,987.4,26438.55824303057,3921.1891982408147,1.176166127960338,0.24855687895808695,0.17905331473008845,0.0,0.0,-0.03086638338054772,0.0034675548198557205,0.07206090651558074,0.0031488301315013875,0.05583097261567516,0.0020640806291531213,-0.03701947340851083,0.0027934490170321985,-35.28622667518933,2.3484151271888214,-34.866666666666674,3.916949924508972,3078.961933899211,240.69583991079514,3921.1891982408147,208.5977236124303,0.1761661279603379,0.009533258030608734,0.24855687895808695,0.007299269466357035,0.03835220868939635,0.0024664650361492894
surge_forecast,500,0.3,2824.0,0.9501298394711992,0.01026912181303116,0.009206798866855525,0.040011222034062925,188.28723240888527,1073.2666666666667,26351.534317173555,1831.264044945429,1.0705824780312216,0.10167442352080452,0.2967314967835006,0.0,0.0,-0.007082152974504263,0.0027529717252182772,0.01026912181303116,0.0020898504239515565,0.009206798866855525,0.0017281730320154334,-0.0027767855202335775,0.0017363032966897908,-3.7561708633559903,1.191287829520839,-7.999999999999962,3.1097568608064963,1653.904146138073,168.51601734177197,1831.264044945429,216.2443734503539,0.07058247803122168,0.008404922043972491,0.10167442352080452,0.013759639023354472,0.005315962863889236,0.0023553244546624507
surge_forecast,500,0.5,2824.0,0.9489494806421153,0.01499055712936733,0.013042965061378657,0.03660587567821665,187.18973961321137,1071.9333333333334,25957.989539196908,1466.5583464498793,1.0561353228604549,0.08726334064883902,0.2983058240704123,0.0,0.0,-0.00826251180358828,0.0009923823596664984,0.01499055712936733,0.0016586382778428917,0.013042965061378657,0.001822388714017169,-0.006182131876079856,0.0011586041863456,-4.853663659029891,0.9323047484110997,-9.333333333333334,1.1209951134793121,1260.3593681614245,142.90937860782796,1466.5583464498793,134.58913387254574,0.056135322860454785,0.005275370561112208,0.08726334064883902,0.008226665581911137,0.006890290150800939,0.0012768061904437945
surge_forecast,500,0.8,2824.0,0.9438149197355995,0.021718602455146365,0.01670207743153919,0.03522622524911507,184.62598848048435,1066.1333333333332,25527.601660402855,1182.3916985309966,1.0462923003470914,0.07525082008239271,0.30295789719659544,0.0,0.0,-0.013397072710103894,0.0024269741336210796,0.021718602455146365,0.003473338258832783,0.01670207743153919,0.00288632138275345,-0.007561782305181431,0.0017790818927650755,-7.417414791756902,1.1378717723420158,-15.133333333333288,2.741509981338305,829.9714893673741,94.55454885607678,1182.3916985309966,108.59426253792618,0.046292300347091676,0.0047506100878934995,0.07525082008239271,0.00683969019126773,0.011542363276984102,0.001984436907613407
