arm,drivers.num_drivers,cancel_rate,wait_all_mean_s,wait_mean_s,pickup_mean_s,completed_per_hour,driver_idle_frac,batch_riders_mean,shadow_gap_s_per_batch,shadow_worse_batches_frac,d_cancel_rate,ci_cancel_rate,d_wait_all_mean_s,ci_wait_all_mean_s,d_wait_mean_s,ci_wait_mean_s,d_pickup_mean_s,ci_pickup_mean_s,d_completed_per_hour,ci_completed_per_hour,d_driver_idle_frac,ci_driver_idle_frac,d_batch_riders_mean,ci_batch_riders_mean,d_shadow_gap_s_per_batch,ci_shadow_gap_s_per_batch,d_shadow_worse_batches_frac,ci_shadow_worse_batches_frac
immediate_greedy,300,0.1737767893247068,266.6596940766907,320.1996324644771,319.817378730016,817.3,0.12364456276834798,1.881359862025381,,,,,,,,,,,,,,,,,,,,
immediate_greedy,400,0.07784067933683782,225.18563075670713,242.22709040521917,242.07024889501247,912.1999999999999,0.30239577735644635,1.6586200879966233,,,,,,,,,,,,,,,,,,,,
immediate_greedy,500,0.054387383744439896,195.58891284825134,204.97940472582863,204.84430322345742,935.4,0.4439374649392078,1.6317488129981297,,,,,,,,,,,,,,,,,,,,
batched_greedy@30s+aware,300,0.16467852810351793,306.44521093560655,340.01657149129574,306.02628790857193,826.3000000000001,0.13442754915533078,16.704580009032064,,,-0.009098261221188848,0.00936123630330167,39.78551685891584,9.906379866713849,19.816939026818602,10.427384217171625,-13.791090821444044,7.2752533810677384,9.0,9.26013495122606,0.010782986386982819,0.008637741635234298,14.823220147006683,0.9377836189033841,,,,
batched_greedy@30s+aware,400,0.08026688232915483,246.6079754153145,257.517482998513,237.80278555739318,909.8,0.31004805220747567,11.408810401881267,,,0.0024262029923170017,0.007028907998116268,21.422344658607365,8.388538056248503,15.290392593293817,7.81769306696471,-4.26746333761929,7.0494482700538175,-2.4000000000000057,6.952995791736573,0.0076522748510292615,0.006521915418265792,9.750190313884644,0.50086851455503,,,,
batched_greedy@30s+aware,500,0.057723412858875826,214.92648818351722,220.22470583700212,202.46230884166843,932.1,0.44809470777657395,10.456128467123863,,,0.003336029114435925,0.003874012148908448,19.337575335265853,2.108934592818064,15.245301111173468,1.2091406856573466,-2.381994381788971,1.2522242910372792,-3.299999999999983,3.8321728177001937,0.0041572428373660986,0.003237398997647972,8.824379654125734,0.5584865954481091,,,,
optimal@30s+aware,300,0.1633643348160129,309.14137241081437,343.87660635110666,310.15957893256484,827.5999999999999,0.13088671356486498,16.412551370891254,36.21878971097367,0.3479897077247178,-0.010412454508693894,0.005076643312908705,42.48167833412367,4.233585637595103,23.676973886629597,4.813416555398885,-9.657799797451162,6.204712198808657,10.299999999999983,5.02181556512935,0.007242150796516977,0.008112912792046408,14.531191508865874,0.7290193729060674,,,,
optimal@30s+aware,400,0.0799636069551152,246.0084747600897,257.2915641170563,237.960196526247,910.1,0.30863970961989884,11.228692390009329,22.809552766322646,0.256335600887282,0.002122927618277374,0.005237209104370569,20.822844003382563,7.61488315669585,15.064473711837117,6.411671970464328,-4.110052368765487,5.252805735788055,-2.0999999999999943,5.1806472460434145,0.006243932263452476,0.006376840626552677,9.570072302012704,0.607821308622755,,,,
optimal@30s+aware,500,0.05469065911847952,215.10163514316292,220.2343501751771,202.38472310382946,935.1,0.44646093643914775,10.47843081049452,14.938936262228559,0.20817823489222378,0.00030327537403962435,0.004591313574932871,19.512722294911562,2.872077219988606,15.25494544934844,2.400293555387881,-2.459580119627944,2.3464776095990003,-0.29999999999998295,4.541727388323556,0.0025234714999398528,0.003414852034730246,8.846681997496392,0.4297403600167668,,,,
