arm,seed,drivers.num_drivers,requests,completed,completion_rate,cancel_rate,cancel_no_match_rate,cancel_eta_rate,cancel_late_rate,wait_mean_s,wait_p50_s,wait_p90_s,wait_all_mean_s,completed_per_hour,time_to_match_mean_s,pickup_mean_s,driver_idle_frac,driver_enroute_frac,driver_ontrip_frac,batches,batch_riders_mean,solve_ms_mean,solve_ms_p99,decline_rate,shadow_gap_s_per_batch,shadow_gap_frac,shadow_worse_batches_frac,app_opens,priced_out_rate,served_rate,retried_rate,surged_trip_frac,mean_multiplier_paid,revenue_per_hour,surge_revenue_per_hour,eta_error_mean_s,eta_abs_error_mean_s,eta_late_2min_frac,moves_per_driver_hour,chase_moves_per_hour,reposition_km_per_hour,moves_dispatched_frac,move_planned_mean_s,driver_reposition_frac,drivers_online_mean,earnings_per_online_hour,reserve_logons,reserve_logoffs,empty_frac
none,0,400,2748,2353,0.856259097525473,0.1437409024745269,0.0422125181950509,0.0698689956331877,0.0316593886462882,291.33578425189825,266.9172682620392,490.5768320952524,279.784344956065,941.2,33.850828729281766,257.4849555226165,0.0821658340231937,0.1458662046932944,0.7719679612835117,361,16.706371191135734,0.1438864265888454,0.2264399990963284,0.0530551415797317,,,,2748,0.0,0.856259097525473,0.0,0.0,1.0,22657.087127449875,0.0,0.3520092091920959,40.8911252409594,0.0297492562685932,0.0,0.0,0.0,,,0.0,400.0,56.64271781862469,0.0,0.0,0.1458662046932944
none,1,400,2748,2371,0.8628093158660844,0.1371906841339155,0.0331149927219796,0.0745997088791848,0.029475982532751,289.9142289304308,267.6811171637264,493.42398826988847,278.42886669421574,948.4,31.70729649936736,258.2069324310634,0.0778029712928932,0.1496072586371301,0.7725897700699766,361,15.922437673130194,0.1449085872217969,0.2287799998157424,0.0498664292074799,,,,2748,0.0,0.8628093158660844,0.0,0.0,1.0,22487.08683040512,0.0,1.6383289833620875,41.85334696533695,0.0341628005061155,0.0,0.0,0.0,,,0.0,400.0,56.2177170760128,0.0,0.0,0.1496072586371301
none,2,400,2748,2383,0.8671761280931587,0.1328238719068413,0.0349344978165938,0.0662299854439592,0.0316593886462882,286.40626186194334,270.1938378417826,489.2376025332088,276.0687458382784,953.2,32.12043642467478,254.28582543726853,0.0777400767455411,0.1481763151977147,0.7740836080567441,364,15.752747252747254,0.1443945054413963,0.2212439998766058,0.049434187016081,,,,2748,0.0,0.8671761280931587,0.0,0.0,1.0,23018.484697508604,0.0,0.1021784371054075,41.18456764750598,0.029374737725556,0.0,0.0,0.0,,,0.0,400.0,57.54621174377151,0.0,0.0,0.1481763151977147
none,3,400,2748,2391,0.8700873362445415,0.1299126637554585,0.0356622998544395,0.0633187772925764,0.0309315866084425,282.1437431406029,257.5645073616097,483.5186918664922,273.96268346570326,956.4,32.08908406524467,250.05465907535824,0.0867831256521968,0.1476039012963844,0.7656129730514187,369,15.420054200542005,0.138021138205698,0.2205239997419994,0.0456716417910447,,,,2748,0.0,0.8700873362445415,0.0,0.0,1.0,22773.252036489608,0.0,2.459880197113355,40.18433810206281,0.0313676286072772,0.0,0.0,0.0,,,0.0,400.0,56.933130091224015,0.0,0.0,0.1476039012963844
none,4,400,2748,2389,0.8693595342066958,0.1306404657933042,0.0389374090247452,0.0676855895196506,0.0240174672489082,291.6472713688929,270.94826084202214,496.3729634409776,278.83075601139376,955.6,33.710757639179576,257.93651372971334,0.0800762404627254,0.1469595041136849,0.7729642554235896,362,16.359116022099446,0.1433646408781519,0.2208590005102449,0.0523965465912473,,,,2748,0.0,0.8693595342066958,0.0,0.0,1.0,22709.67859966263,0.0,2.6280004506396453,41.28836960473434,0.0351611552951025,0.0,0.0,0.0,,,0.0,400.0,56.774196499156574,0.0,0.0,0.1469595041136849
none,5,400,2748,2337,0.8504366812227074,0.1495633187772925,0.034570596797671,0.0782387190684134,0.0367540029112081,288.1369921591293,269.0540668952144,483.5974370989825,276.30749085094493,934.8,33.27086007702182,254.86613208210747,0.0843501838160605,0.1473236006891536,0.7683262154947857,366,15.934426229508198,0.1412278688952878,0.2429250002023766,0.0427631578947368,,,,2748,0.0,0.8504366812227074,0.0,0.0,1.0,22549.53699276405,0.0,1.540919428953,41.228093688744025,0.0363714163457424,0.0,0.0,0.0,,,0.0,400.0,56.37384248191012,0.0,0.0,0.1473236006891536
planned_forecast,0,400,2748,2356,0.8573508005822417,0.1426491994177583,0.032023289665211,0.0705967976710334,0.0400291120815138,286.20142957245463,264.78972677596585,479.6934582563276,276.8879311926021,942.4,32.805178268251275,253.39625130420336,0.0706101110001981,0.1468511730718295,0.7769960193262083,364,15.62912087912088,0.1865156593819367,0.8400070002790023,0.0517445298639858,,,,2748,0.0,0.8573508005822417,0.0,0.0,1.0,22750.454631201155,0.0,1.6257097762586676,39.792394960266,0.0301358234295415,0.1,0.0,26.583263942784946,0.86,460.756705911632,0.0055426966017638,400.0,56.876136578002885,0.0,0.0,0.15239386967359328
planned_forecast,1,400,2748,2378,0.8653566229985444,0.1346433770014556,0.0352983988355167,0.0676855895196506,0.0316593886462882,285.7165069969059,264.28821905790346,492.9689525601859,275.42059108109754,951.2,33.55298570227082,252.16352129463507,0.0718614129668644,0.1460675370571846,0.776696700441332,368,15.858695652173912,0.1832510869976629,0.369578999889199,0.0487950014876524,,,,2748,0.0,0.8653566229985444,0.0,0.0,1.0,22652.236304770933,0.0,1.5051950113047614,41.32657658666574,0.0361648444070647,0.105,0.0,26.53469999710824,0.819047619047619,415.73372584029073,0.005374349534619,400.0,56.63059076192734,0.0,0.0,0.15144188659180358
planned_forecast,2,400,2748,2412,0.8777292576419214,0.1222707423580786,0.0331149927219796,0.0585880640465793,0.0305676855895196,274.46490710067246,245.34738985673172,486.0665375801412,266.942836474781,964.8,29.930762852404644,244.5341442482678,0.0731518621030943,0.1453844801005288,0.7745169046782627,363,15.044077134986226,0.1719247934275554,0.3512100007719708,0.0476332241738612,,,,2748,0.0,0.8777292576419214,0.0,0.0,1.0,22991.590858338943,0.0,1.7680028054329446,41.016843501822976,0.0373134328358208,0.127,0.0,35.47501645470224,0.8267716535433071,427.0994206692876,0.0069467531181141,400.0,57.47897714584737,0.0,0.0,0.1523312332186429
planned_forecast,3,400,2748,2410,0.8770014556040757,0.1229985443959243,0.0367540029112081,0.0589519650655021,0.0272925764192139,275.843087763008,253.30812162283,482.3671615293813,267.867307650491,964.0,30.445228215767635,245.39785954724027,0.0786562356040224,0.144867824329539,0.7698000842437082,364,15.17032967032967,0.1735247252816827,0.3641780001089501,0.0391095066185318,,,,2748,0.0,0.8770014556040757,0.0,0.0,1.0,22965.659622824915,0.0,1.238768722225977,40.137698185919646,0.0302904564315352,0.122,0.0,34.25869961559565,0.8278688524590164,434.1365228002774,0.0066758558227303,400.0,57.41414905706228,0.0,0.0,0.15154368015226932
planned_forecast,4,400,2748,2410,0.8770014556040757,0.1229985443959243,0.0334788937409024,0.0658660844250363,0.0236535662299854,281.3942439004087,261.55249124086095,475.5902115838191,269.49282641740405,964.0,30.32240663900415,251.07183726140457,0.0731452495557525,0.1456481309474779,0.776219840964282,360,15.144444444444444,0.1777947222308284,0.3574839995962975,0.0456307784073963,,,,2748,0.0,0.8770014556040757,0.0,0.0,1.0,22883.612679224345,0.0,1.7808916590046804,40.39118146464805,0.0327800829875518,0.1,0.0,24.811598674646444,0.83,410.2304714856364,0.0049867785324874,400.0,57.20903169806086,0.0,0.0,0.1506349094799653
planned_forecast,5,400,2748,2372,0.8631732168850073,0.1368267831149927,0.0367540029112081,0.0738719068413391,0.0262008733624454,289.9298801151441,272.3828720635516,497.111920350333,277.0458561721666,948.8,33.0362563237774,256.8936237913667,0.0719676383323758,0.1458102584951726,0.7771611293404798,365,16.054794520547944,0.1876786301468263,0.8052560003125114,0.045983875783816,,,,2748,0.0,0.8631732168850073,0.0,0.0,1.0,22858.73973226537,0.0,2.213022811114616,40.7868088891046,0.0341483979763912,0.103,0.0,25.33146327748796,0.8252427184466019,417.1951558763704,0.0050609738319716,400.0,57.14684933066343,0.0,0.0,0.1508712323271442
planned_forecast_5min,0,400,2748,2358,0.8580786026200873,0.1419213973799126,0.0411208151382823,0.0698689956331877,0.0309315866084425,296.25053510329974,276.7167894985523,494.1005630818831,283.23227770934665,943.2,36.08821034775233,260.1623247555474,0.0775130288084919,0.1464315719449245,0.7750092490238888,367,16.645776566757494,0.1743637602258447,0.3473020003002602,0.0515802027429934,,,,2748,0.0,0.8580786026200873,0.0,0.0,1.0,22672.794644154797,0.0,-0.7787858415826192,41.68270364776527,0.0292620865139949,0.022,0.0,4.840865439924277,0.6818181818181818,266.1571733321423,0.0010461502226948,400.0,56.681986610386986,0.0,0.0,0.1474777221676193
planned_forecast_5min,1,400,2748,2395,0.8715429403202329,0.1284570596797671,0.0327510917030567,0.0698689956331877,0.0258369723435225,294.4425344123233,271.5739219135339,507.02934812838464,280.31954442002416,958.0,33.12025052192067,261.3222838904027,0.0750972397597378,0.1492728437831983,0.7747016367131483,368,15.55163043478261,0.1771423913485547,0.3674600000704218,0.0492874109263657,,,,2748,0.0,0.8715429403202329,0.0,0.0,1.0,22624.04170693019,0.0,3.1671225841855093,41.92228374777244,0.037160751565762,0.02,0.0,4.013746053662905,0.7,302.2291415037672,0.0009282797439155,400.0,56.56010426732548,0.0,0.0,0.1502011235271138
planned_forecast_5min,2,400,2748,2384,0.8675400291120815,0.1324599708879185,0.0291120815138282,0.0687772925764192,0.034570596797671,288.85790366451295,268.998058047257,495.81274425979495,278.2638070067307,953.6,31.687080536912752,257.1708231276002,0.0761385198900967,0.1505663790549173,0.7724728910965417,362,15.494475138121548,0.1699430939331969,0.2410140011306793,0.05060668836934,,,,2748,0.0,0.8675400291120815,0.0,0.0,1.0,22947.68945765012,0.0,0.7825412148131956,42.50623931945874,0.0327181208053691,0.022,0.0,4.032184721181161,0.7727272727272727,238.10704292170692,0.0008222099584442,400.0,57.369223644125306,0.0,0.0,0.1513885890133615
planned_forecast_5min,3,400,2748,2385,0.8679039301310044,0.1320960698689956,0.0440320232896652,0.0578602620087336,0.0302037845705967,289.04508610360034,263.4789043687142,496.83795481884846,280.8860448881185,954.0,33.12494758909853,255.92013851450184,0.0833811785193616,0.1479063466608747,0.7679550019037157,369,16.15989159891599,0.1723409214031473,0.2683560007426422,0.0494159928122192,,,,2748,0.0,0.8679039301310044,0.0,0.0,1.0,22864.4331700265,0.0,2.6792168541077883,41.09306965904575,0.0360587002096436,0.023,0.0,3.9257595013274686,0.782608695652174,221.10439364265488,0.0007574729160479,400.0,57.16108292506625,0.0,0.0,0.14866381957692262
planned_forecast_5min,4,400,2748,2390,0.8697234352256187,0.1302765647743813,0.0312954876273653,0.0709606986899563,0.0280203784570596,281.55645145183144,262.06184783514504,482.8393705897709,269.8223908744201,956.0,29.73891213389121,251.8175393179402,0.0829391843215618,0.1466548458502124,0.7696712819799387,363,15.079889807162534,0.1693699724247699,0.2325479997671209,0.0504002371775867,,,,2748,0.0,0.8697234352256187,0.0,0.0,1.0,22716.429546586354,0.0,3.135132140045296,41.032546357309776,0.0364016736401673,0.018,0.0,3.608291029896743,0.7777777777777778,240.808130631422,0.0007346878482869,400.0,56.79107386646589,0.0,0.0,0.1473895336984993
planned_forecast_5min,5,400,2748,2369,0.8620815138282387,0.1379184861717612,0.0323871906841339,0.0789665211062591,0.0265647743813682,294.5445952848449,275.62012898820467,487.56184652636426,279.277534492528,947.6,33.69607429295061,260.84852099189425,0.0779655126925688,0.1466772064100791,0.7747369603467046,364,15.813186813186814,0.1701818680905469,0.2356390000204556,0.0452650387135199,,,,2748,0.0,0.8620815138282387,0.0,0.0,1.0,22737.68682863569,0.0,0.1159411209533412,40.690670947507535,0.0320810468552131,0.02,0.0,2.886865725889033,0.95,272.35171376270125,0.0006203205506473,400.0,56.84421707158923,0.0,0.0,0.1472975269607264
