arm,seed,drivers.num_drivers,riders.lateness_tolerance_median_s,requests,completed,completion_rate,cancel_rate,cancel_no_match_rate,cancel_eta_rate,cancel_late_rate,wait_mean_s,wait_p50_s,wait_p90_s,wait_all_mean_s,completed_per_hour,time_to_match_mean_s,pickup_mean_s,driver_idle_frac,driver_enroute_frac,driver_ontrip_frac,batches,batch_riders_mean,solve_ms_mean,solve_ms_p99,decline_rate,shadow_gap_s_per_batch,shadow_gap_frac,shadow_worse_batches_frac,app_opens,priced_out_rate,served_rate,retried_rate,surged_trip_frac,mean_multiplier_paid,revenue_per_hour,surge_revenue_per_hour,eta_error_mean_s,eta_abs_error_mean_s,eta_late_2min_frac,moves_per_driver_hour,chase_moves_per_hour,reposition_km_per_hour,moves_dispatched_frac,move_planned_mean_s,driver_reposition_frac,drivers_online_mean,earnings_per_online_hour,reserve_logons,reserve_logoffs
global_multiplier,0,400,180.0,2964,1440,0.48582995951417,0.5141700404858299,0.0016869095816464,0.0040485829959514,0.5084345479082322,225.04527633937036,205.8895603196379,390.8690977464954,255.0552767603325,576.0,15.86875,209.17652633937035,0.4496146927230504,0.1944650337086588,0.3559202735682907,361,10.8005540166205,0.2129822714526191,0.3112799997325055,0.0468377877745435,,,,2964,0.0,0.48582995951417,0.0,0.0,1.0,12320.556368272602,0.0,126.88294438442378,129.74506006918028,0.4951388888888889,0.0,0.0,0.0,,,0.0,400.0,30.80139092068151,0.0,0.0
global_multiplier,1,400,180.0,2964,1476,0.4979757085020243,0.5020242914979757,0.0,0.0060728744939271,0.4959514170040486,234.23192754904,210.45397164180488,414.3239622629556,262.06818610412495,590.4,16.151761517615178,218.08016603142485,0.4349492527020969,0.1997743064398356,0.3652764408580674,361,10.612188365650969,0.2101933517720414,0.3204999997251432,0.0530322919401417,,,,2964,0.0,0.4979757085020243,0.0,0.0,1.0,12536.725879654332,0.0,122.9292094435754,127.0822284010476,0.4681571815718157,0.0,0.0,0.0,,,0.0,400.0,31.34181469913583,0.0,0.0
global_multiplier,2,400,180.0,2964,1407,0.4746963562753036,0.5253036437246964,0.0003373819163292,0.0040485829959514,0.5209176788124157,229.05672395036052,211.2921032567356,394.73182248353976,256.50329788179914,562.8,16.1727078891258,212.8840160612348,0.4547451319522457,0.1955678681721853,0.349686999875569,361,10.642659279778393,0.2151908586779238,0.323459999708575,0.0513022888713496,,,,2964,0.0,0.4746963562753036,0.0,0.0,1.0,12168.639985239137,0.0,128.74811896121412,131.30498237266022,0.496090973702914,0.0,0.0,0.0,,,0.0,400.0,30.42159996309784,0.0,0.0
global_multiplier,3,400,180.0,2964,1462,0.4932523616734143,0.5067476383265856,0.0006747638326585,0.0037112010796221,0.502361673414305,238.8053242221188,221.33956222452525,415.2467187356013,262.95929910379886,584.8,16.277701778385772,222.527622443733,0.444787944458658,0.1993829282660356,0.3558291272753063,360,10.680555555555555,0.2129161110385919,0.3225189997283452,0.0520641598737838,,,,2964,0.0,0.4932523616734143,0.0,0.0,1.0,12490.10054276652,0.0,131.2876604859557,134.0353045126235,0.5088919288645691,0.0,0.0,0.0,,,0.0,400.0,31.225251356916296,0.0,0.0
global_multiplier,4,400,180.0,2964,1438,0.4851551956815115,0.5148448043184886,0.0003373819163292,0.0030364372469635,0.5114709851551957,229.18368988939065,208.9434025434277,388.8573055786271,260.2202122130229,575.2,16.0452016689847,213.13848822040592,0.439586440248666,0.1982170996893639,0.3621964600619701,361,10.642659279778393,0.210583933515905,0.3357999994477722,0.0515518148342977,,,,2964,0.0,0.4851551956815115,0.0,0.0,1.0,12311.173071171668,0.0,127.2415566701456,130.87517488044995,0.4944367176634214,0.0,0.0,0.0,,,0.0,400.0,30.77793267792917,0.0,0.0
global_multiplier,5,400,180.0,2964,1421,0.4794197031039136,0.5205802968960864,0.0006747638326585,0.0040485829959514,0.5158569500674763,233.76571132864777,211.19637806954236,418.6024530622567,262.9401781097779,568.4,15.993666432090077,217.7720448965577,0.4482533972845256,0.2006316943426349,0.3511149083728395,360,10.65277777777778,0.2167366666627559,0.3221150005811071,0.0485744456177402,,,,2964,0.0,0.4794197031039136,0.0,0.0,1.0,12083.538969540128,0.0,129.9441502480464,131.72149701575825,0.4848698099929627,0.0,0.0,0.0,,,0.0,400.0,30.20884742385032,0.0,0.0
dist_hour_table,0,400,180.0,2964,2131,0.7189608636977058,0.2810391363022942,0.0101214574898785,0.1025641025641025,0.1683535762483131,349.18832063176893,349.6339132292687,534.9388932213187,342.73101570932823,852.4,18.349131862975128,330.8391887687938,0.220858733738107,0.2538976583345881,0.5252436079273048,361,12.578947368421051,0.200307479198905,0.3039599992916919,0.047644539614561,,,,2964,0.0,0.7189608636977058,0.0,0.0,1.0,18368.09944110194,0.0,31.286774059770423,71.2705789139957,0.1393711872360394,0.0,0.0,0.0,,,0.0,400.0,45.920248602754846,0.0,0.0
dist_hour_table,1,400,180.0,2964,2123,0.7162618083670715,0.2837381916329284,0.0205802968960863,0.099527665317139,0.1636302294197031,343.2129153849618,337.2223942961373,547.8898703360326,339.8702778116336,849.2,20.735751295336787,322.477164089625,0.2269057497209574,0.2453536968317836,0.5277405534472589,361,13.598337950138504,0.197361772895679,0.3078799993090791,0.0474393530997304,,,,2964,0.0,0.7162618083670715,0.0,0.0,1.0,18080.500820777503,0.0,30.78806783461255,67.61034324360487,0.1375412152614225,0.0,0.0,0.0,,,0.0,400.0,45.20125205194376,0.0,0.0
dist_hour_table,2,400,180.0,2964,2126,0.7172739541160594,0.2827260458839406,0.0141700404858299,0.0991902834008097,0.1693657219973009,356.87180393439536,353.36814121705856,557.0506284049802,350.2685809489563,850.4,21.30291627469426,335.5688876597011,0.2215727041000408,0.254018836679406,0.5244084592205531,365,12.923287671232876,0.1979772602170083,0.3024559997720644,0.0483957219251336,,,,2964,0.0,0.7172739541160594,0.0,0.0,1.0,18178.06774206187,0.0,29.24778824842858,70.86576742588097,0.1392285983066792,0.0,0.0,0.0,,,0.0,400.0,45.44516935515468,0.0,0.0
dist_hour_table,3,400,180.0,2964,2139,0.72165991902834,0.2783400809716599,0.0101214574898785,0.1022267206477732,0.1659919028340081,348.38774328463126,348.11569014248744,549.8461254919002,343.94760737362304,855.6,20.16175783076204,328.2259854538692,0.2231109781610902,0.2516892514575736,0.5251997703813361,361,12.786703601108034,0.1974955679104828,0.2964000002975808,0.0474919957310565,,,,2964,0.0,0.72165991902834,0.0,0.0,1.0,18282.861921625004,0.0,27.22395797780871,71.11534017825167,0.1332398316970547,0.0,0.0,0.0,,,0.0,400.0,45.70715480406251,0.0,0.0
dist_hour_table,4,400,180.0,2964,2084,0.7031039136302294,0.2968960863697706,0.0155195681511471,0.1170715249662618,0.1643049932523616,353.97552019273434,354.30872082666656,547.0277193664083,343.3212776377994,833.6,19.869481765834934,334.1060384268994,0.2276983373983584,0.251202424154178,0.5210992384474635,361,12.825484764542937,0.1970567866559466,0.3130599994619842,0.0454056958624395,,,,2964,0.0,0.7031039136302294,0.0,0.0,1.0,17927.483049564053,0.0,27.367711611934464,67.66237803355885,0.1223608445297504,0.0,0.0,0.0,,,0.0,400.0,44.81870762391013,0.0,0.0
dist_hour_table,5,400,180.0,2964,2117,0.7142375168690959,0.2857624831309042,0.0165317139001349,0.1049257759784075,0.1643049932523616,352.0814496252088,353.9206208927435,548.2127476894199,344.02090771621346,846.8,20.200283419933868,331.8811662052749,0.2222348652681664,0.251881586643388,0.5258835480884455,361,13.520775623268698,0.1976944598145741,0.301459999900544,0.0503481521156936,,,,2964,0.0,0.7142375168690959,0.0,0.0,1.0,18202.021670746693,0.0,30.59081471102816,70.25455949384028,0.1398205007085498,0.0,0.0,0.0,,,0.0,400.0,45.50505417686673,0.0,0.0
learned_eta,0,400,180.0,2964,2303,0.7769905533063428,0.2230094466936572,0.0053981106612685,0.1484480431848853,0.0691632928475033,356.22266855853104,355.06725431548693,543.886508874504,320.5312870528325,921.2,18.578810247503256,337.64385831102777,0.1966390934150073,0.2353191430316697,0.5680417635533229,365,11.893150684931507,0.2026772603479514,0.2421359992877114,0.0434782608695652,,,,2964,0.0,0.7769905533063428,0.0,0.0,1.0,19771.404392374923,0.0,-2.590358207387426,60.41163997065442,0.0660008684324793,0.0,0.0,0.0,,,0.0,400.0,49.42851098093731,0.0,0.0
learned_eta,1,400,180.0,2964,2302,0.7766531713900134,0.2233468286099865,0.0087719298245614,0.1511470985155195,0.0634278002699055,347.73809454304234,343.95418586329106,542.4532236993099,311.48143706897633,920.8,20.80451781059948,326.9335767324429,0.2037266273190145,0.2256090242057642,0.5706643484752213,365,12.802739726027395,0.2038438355680539,0.2593440005875891,0.0482537989869368,,,,2964,0.0,0.7766531713900134,0.0,0.0,1.0,19638.72867330716,0.0,-6.128663181764406,59.86146462614181,0.052128583840139,0.0,0.0,0.0,,,0.0,400.0,49.09682168326789,0.0,0.0
learned_eta,2,400,180.0,2964,2314,0.7807017543859649,0.219298245614035,0.0091093117408906,0.1447368421052631,0.0654520917678812,355.350658995506,352.8096014173025,549.7423276041924,319.8083316985125,925.6,21.370354364736382,333.9803046307696,0.1959007395308837,0.231900463297268,0.5721987971718482,363,12.895316804407711,0.199483195584352,0.2543620003416436,0.0487090763907372,,,,2964,0.0,0.7807017543859649,0.0,0.0,1.0,19870.643968373603,0.0,-5.208109104880222,61.18224379429965,0.0622299049265341,0.0,0.0,0.0,,,0.0,400.0,49.676609920934006,0.0,0.0
learned_eta,3,400,180.0,2964,2327,0.7850877192982456,0.2149122807017544,0.0101214574898785,0.148110661268556,0.0566801619433198,365.0896736956493,364.3510128894704,553.5201428480498,325.6317958079911,930.8,22.057155135367427,343.0325185602819,0.1969937462448333,0.2334386278268008,0.5695676259283659,365,13.276712328767124,0.2017545205029046,0.2549999997427222,0.0483182060864922,,,,2964,0.0,0.7850877192982456,0.0,0.0,1.0,19898.569775892043,0.0,-4.869177090814326,61.83731277762618,0.0618822518263859,0.0,0.0,0.0,,,0.0,400.0,49.746424439730106,0.0,0.0
learned_eta,4,400,180.0,2964,2305,0.7776653171390013,0.2223346828609986,0.0074224021592442,0.1487854251012145,0.0661268556005398,345.1686581034668,345.1767420012138,523.7386872327955,310.42228098123616,922.0,18.69370932754881,326.474948775918,0.2023007935236695,0.2284346102791876,0.5692645961971428,367,11.964577656675749,0.1915277929439946,0.2529959999083074,0.0463382157123834,,,,2964,0.0,0.7776653171390013,0.0,0.0,1.0,19656.182307730127,0.0,-8.528059141511196,60.3966892981689,0.0520607375271149,0.0,0.0,0.0,,,0.0,400.0,49.140455769325314,0.0,0.0
learned_eta,5,400,180.0,2964,2315,0.7810391363022942,0.2189608636977058,0.017881241565452,0.1406882591093117,0.0603913630229419,364.819964509943,367.5436154729223,562.5590451458029,327.1513014837348,926.0,24.318358531317493,340.50160597862555,0.1980831925336427,0.2325344199950958,0.5693823874712614,364,14.365384615384617,0.1964277472515087,0.2551870001843781,0.0520833333333333,,,,2964,0.0,0.7810391363022942,0.0,0.0,1.0,19843.26766441267,0.0,-2.9647331199896394,61.054363786028,0.0682505399568034,0.0,0.0,0.0,,,0.0,400.0,49.60816916103168,0.0,0.0
