arm,drivers.num_drivers,served_rate,priced_out_rate,cancel_rate,wait_all_mean_s,completed_per_hour,revenue_per_hour,mean_multiplier_paid,surged_trip_frac,drivers_online_mean,earnings_per_online_hour,reserve_logons,chase_moves_per_hour,reposition_km_per_hour,d_served_rate,ci_served_rate,d_priced_out_rate,ci_priced_out_rate,d_cancel_rate,ci_cancel_rate,d_wait_all_mean_s,ci_wait_all_mean_s,d_completed_per_hour,ci_completed_per_hour,d_revenue_per_hour,ci_revenue_per_hour,d_mean_multiplier_paid,ci_mean_multiplier_paid,d_surged_trip_frac,ci_surged_trip_frac,d_drivers_online_mean,ci_drivers_online_mean,d_earnings_per_online_hour,ci_earnings_per_online_hour,d_reserve_logons,ci_reserve_logons,d_chase_moves_per_hour,ci_chase_moves_per_hour,d_reposition_km_per_hour,ci_reposition_km_per_hour
no_surge,300,0.7688933873144399,0.0,0.23110661268556001,315.7422423283722,911.6,19467.283013907978,1.0,0.0,300.0,64.89094337969324,0.0,0.0,0.0,,,,,,,,,,,,,,,,,,,,,,,,,,
no_surge,400,0.9128430049482681,0.0,0.08715699505173186,244.1186935322282,1082.2666666666667,23323.87149539062,1.0,0.0,400.0,58.309678738476556,0.0,0.0,0.0,,,,,,,,,,,,,,,,,,,,,,,,,,
no_surge,500,0.9715474583895637,0.0,0.028452541610436314,171.84291013787708,1151.8666666666666,24859.655602987583,1.0,0.0,500.0,49.71931120597517,0.0,0.0,0.0,,,,,,,,,,,,,,,,,,,,,,,,,,
reposition,300,0.767094017094017,0.0,0.23290598290598286,315.3129335047161,909.4666666666667,19429.13771125475,1.0,0.0,300.0,64.76379237084916,0.0,0.0,0.7729535191981843,-0.0017993702204228506,0.007502966711298728,0.0,0.0,0.0017993702204228228,0.007502966711298799,-0.42930882365610995,2.72474562737081,-2.1333333333333635,8.89551733291582,-38.14530265322477,115.05976282663238,0.0,0.0,0.0,0.0,9.473903143468002e-15,2.435344333317663e-14,-0.1271510088440818,0.38353254275544224,0.0,0.0,0.0,0.0,0.7729535191981843,0.6460079395330247
reposition,400,0.9253261358524516,0.0,0.07467386414754831,222.79924253351166,1097.0666666666666,23677.03720837079,1.0,0.0,400.0,59.19259302092697,0.0,0.0,64.23045862856777,0.012483130904183534,0.006083251704232994,0.0,0.0,-0.012483130904183534,0.006083251704233038,-21.319450998716544,3.644908119261136,14.799999999999955,7.212303220538693,353.1657129801709,225.53734238000752,0.0,0.0,0.0,0.0,9.473903143468002e-15,2.435344333317663e-14,0.8829142824504252,0.5638433559500149,0.0,0.0,0.0,0.0,64.23045862856777,6.92556747893839
reposition,500,0.9828497525865947,0.0,0.01715024741340525,138.22657944867692,1165.2666666666667,25148.71548968823,1.0,0.0,500.0,50.29743097937646,0.0,0.0,185.52087963147414,0.011302294197031049,0.003588085900244335,0.0,0.0,-0.011302294197031068,0.003588085900244318,-33.61633068920015,4.46333988628201,13.399999999999977,4.254034643329712,289.0598867006477,98.16837809408717,0.0,0.0,0.0,0.0,0.0,0.0,0.5781197734012918,0.1963367561881773,0.0,0.0,0.0,0.0,185.52087963147414,14.077620651413755
surge_fixed,300,0.7263270355375618,0.17965587044534406,0.11462648269690483,267.19837789879324,861.1333333333333,35157.33867562941,1.9168611397900353,0.8052841710593882,300.0,117.19112891876472,0.0,0.0,0.0,-0.042566351776878085,0.01106215136551593,0.17965587044534406,0.006477470832397971,-0.1164801299886552,0.00920810415288793,-48.54386442957894,5.392594148327486,-50.466666666666676,13.115286658955682,15690.055661721439,594.1899530995053,0.9168611397900354,0.03651160228347958,0.8052841710593882,0.02729739015599298,9.473903143468002e-15,2.435344333317663e-14,52.300185539071464,1.9806331769983345,0.0,0.0,0.0,0.0,0.0,0.0
surge_fixed,400,0.8801731893837156,0.07917228969860542,0.04416639204277475,201.43683098833685,1043.533333333333,30704.685873952752,1.357528695699938,0.38940780682446746,400.0,76.7617146848819,0.0,0.0,0.0,-0.03266981556455242,0.004167801194347253,0.07917228969860542,0.006805581528985463,-0.0429906030089571,0.005587816674781784,-42.68186254389133,4.192346342108173,-38.73333333333331,4.941345096018142,7380.814378562135,928.3249372404006,0.35752869569993795,0.03145602914531822,0.38940780682446746,0.018076255585611725,0.0,0.0,18.452035946405335,2.3208123431009997,0.0,0.0,0.0,0.0,0.0,0.0
surge_fixed,500,0.9577710301394511,0.024572649572649537,0.018114189216660467,156.61229423351188,1135.5333333333335,27305.984582203815,1.1043340611802128,0.15338028952780478,500.0,54.61196916440763,0.0,0.0,0.0,-0.013776428250112474,0.0026629186768945996,0.024572649572649537,0.0050590623170980115,-0.010338352393775849,0.004070696877917216,-15.230615904365214,6.028777910042031,-16.33333333333341,3.1571563833261913,2446.3289792162336,515.8831834407306,0.10433406118021282,0.017183122407875253,0.15338028952780478,0.015409244510811196,0.0,0.0,4.892657958432463,1.031766366881458,0.0,0.0,0.0,0.0,0.0,0.0
surge_logon,300,0.8255735492577597,0.11813990103463784,0.06385534162851982,228.15900332156073,978.8000000000001,32990.01378156395,1.5671760352085278,0.5805012991021619,347.2862845879519,94.9998242347727,60.333333333333336,0.0,0.0,0.0566801619433198,0.013236374792911095,0.11813990103463784,0.007774566837533754,-0.16725127105704019,0.007878942944541197,-87.58323900681143,6.752949995603457,67.19999999999997,15.69304595447535,13522.730767655974,724.9640921104229,0.5671760352085279,0.0343113225894601,0.5805012991021619,0.03163493218164804,47.28628458795191,2.6251306199197826,30.108880855079473,2.2270671310243015,60.333333333333336,2.541859349386884,0.0,0.0,0.0,0.0
surge_logon,400,0.9328609986504723,0.04099190283400806,0.027305103620793445,175.12257210307294,1106.0,28295.082444687472,1.1774844188654041,0.26785516901121137,434.02753845200556,65.20453949294684,75.16666666666667,0.0,0.0,0.02001799370220425,0.008487613859030779,0.04099190283400806,0.008138004304438375,-0.05985189143093841,0.004448810971731786,-68.99612142915525,7.07604470174005,23.73333333333335,10.062914991266842,4971.210949296849,633.5362875538036,0.1774844188654039,0.02713985536366062,0.26785516901121137,0.02145451231033246,34.0275384520055,4.3977438627460845,6.894860754470288,2.06235035311143,75.16666666666667,2.4311296491391743,0.0,0.0,0.0,0.0
surge_logon,500,0.9758209626630681,0.011639676113360267,0.012690527828963882,143.4484307435096,1156.9333333333334,26382.746581771862,1.0504280422968177,0.07437395745332442,520.529269790762,50.68548216138584,38.833333333333336,0.0,0.0,0.004273504273504332,0.0036084085818277943,0.011639676113360267,0.0029175109655281465,-0.015762013781472434,0.005608472074365968,-28.394479394367455,6.8317127405500635,5.066666666666606,4.278129214614989,1523.0909787842775,467.4512853661499,0.05042804229681782,0.012114164283362669,0.07437395745332442,0.013402487537346422,20.529269790762044,3.396930662026462,0.9661709554106821,0.7892482348006503,38.833333333333336,4.271430812796011,0.0,0.0,0.0,0.0
surge_chase,300,0.730038236617184,0.1765632028789923,0.11344008183721528,269.1845984541287,865.5333333333333,35194.52106178963,1.9165472452868861,0.8089459355041936,300.0,117.31507020596541,0.0,21.599999999999998,11.526599310872035,-0.03885515069725596,0.01045868105373744,0.1765632028789923,0.008137747564811997,-0.11766653084834473,0.007773594816091025,-46.55764387424349,4.344088181311757,-46.066666666666684,12.39981225731111,15727.238047881649,595.8380505365695,0.916547245286886,0.04370005648197217,0.8089459355041936,0.02580592522808978,0.0,3.7728192180879657e-14,52.42412682627218,1.9861268351218928,0.0,0.0,21.599999999999998,3.0270352079554685,11.526599310872035,2.2024247622884747
surge_chase,400,0.8834345479082321,0.07669815564552401,0.04319087728176899,200.2579757474806,1047.3999999999999,30480.697654602773,1.3442386473167707,0.37933672728730267,400.0,76.20174413650692,0.0,30.0,17.633468210628433,-0.02940845704003599,0.004070413952967461,0.07669815564552401,0.006976581363640574,-0.04396611776996285,0.005921412893743139,-43.86071778474756,6.723238459927735,-34.866666666666674,4.825882782638197,7156.826159212146,645.2964202292785,0.3442386473167707,0.02166260295477827,0.37933672728730267,0.012372629153555687,9.473903143468002e-15,2.435344333317663e-14,17.892065398030365,1.6132410505731967,0.0,0.0,30.0,3.8381234491232,17.633468210628433,2.818360176633597
surge_chase,500,0.96063877642825,0.021986054880791684,0.017782935676616148,153.79714064705166,1138.9333333333334,27116.674385383652,1.095489095295059,0.14613306967102513,500.0,54.2333487707673,0.0,32.06666666666667,28.194496740301428,-0.01090868196131356,0.004193289514061219,0.021986054880791684,0.004928527044336779,-0.010669605933820166,0.0037600102383066737,-18.045769490825407,4.74687033624814,-12.933333333333357,4.971564047870999,2257.0187823960714,616.3760210781436,0.09548909529505904,0.023525104134953918,0.14613306967102513,0.026112672135676217,0.0,0.0,4.514037564792139,1.2327520421562912,0.0,0.0,32.06666666666667,3.2668758979549755,28.194496740301428,2.725988278481166
surge_both,300,0.8261358524516419,0.11634053081421498,0.06509679341009862,228.3427579747455,979.4666666666667,32961.2952776577,1.5662364419651305,0.5845984289682536,347.19035931962986,94.94343935933084,60.5,33.733333333333334,17.87396374485715,0.05724246513720196,0.010590299399664804,0.11634053081421498,0.006834072912974572,-0.1660098192754614,0.008064403210353711,-87.39948435362669,7.210257137432997,67.86666666666663,12.555858968242635,13494.012263749724,466.95932298796714,0.5662364419651305,0.025040169997013917,0.5845984289682536,0.027820948880942026,47.19035931962991,2.40232183194221,30.0524959796376,1.6176136352278132,60.5,2.796307860772066,33.733333333333334,3.770186692266595,17.87396374485715,3.824923844433049
surge_both,400,0.9376405757984706,0.03913630229419697,0.024195638393115518,174.53092053911766,1111.6666666666665,28083.568171159397,1.1640257463828458,0.26005570225554053,434.66446459478476,64.61791161628972,72.66666666666667,33.4,20.747266850783106,0.0247975708502024,0.007210155440293902,0.03913630229419697,0.00887273338637907,-0.06296135665861634,0.0055331446347809355,-69.58777299311055,7.701625494085638,29.399999999999977,8.548360290012413,4759.69667576878,460.3217483760276,0.16402574638284592,0.022641513146819784,0.26005570225554053,0.028175419390299945,34.66446459478481,3.5903817717269506,6.308232877813168,1.580620243936148,72.66666666666667,3.3625638530910673,33.4,2.819058390853333,20.747266850783106,3.0186921592679417
surge_both,500,0.9773391812865496,0.010008996851102049,0.012785255900846601,143.32070482526785,1158.7333333333331,26287.6766650599,1.0460414866630978,0.07139817972156802,520.6880530697804,50.48684981949416,39.333333333333336,26.333333333333332,26.426603933030975,0.005791722896986096,0.0030900114217376636,0.010008996851102049,0.0030594333161644816,-0.015667285709589716,0.004667489828842155,-28.522205312609227,5.679476763440541,6.866666666666636,3.6635175416122214,1428.0210620723137,398.69017890186626,0.04604148666309756,0.01133136346397058,0.07139817972156802,0.014415040457880042,20.688053069780437,2.4470375374715414,0.7675386135189998,0.6757818467958921,39.333333333333336,4.019032517928137,26.333333333333332,2.8522005537368917,26.426603933030975,3.501456961644868
surge_strong,300,0.8341205578047682,0.1124606387764282,0.060215622074802265,227.14053843901306,988.9333333333334,32835.576346451075,1.5437411696850063,0.5666698734472974,349.7941413089828,93.87867698673915,60.5,58.6,31.54352989281722,0.06522717049032839,0.014707230425882066,0.1124606387764282,0.007509646902600945,-0.17089099061075777,0.01024888828265338,-88.60170388935917,4.14522882357799,77.3333333333333,17.436892392925756,13368.293332543106,305.41289320166226,0.5437411696850061,0.015776770806979132,0.5666698734472974,0.01828232762744389,49.794141308982795,3.6256475657051097,28.98773360704592,1.12035655852534,60.5,2.796307860772066,58.6,4.059023876225299,31.54352989281722,2.994770350751643
surge_strong,400,0.9414642375168691,0.03649347728295094,0.022910153293632315,172.92508664735382,1116.2,28009.05320640284,1.1544296944420693,0.25133273326648675,437.1941445540004,64.0718604649105,80.33333333333333,59.53333333333333,38.37641735134932,0.02862123256860098,0.008216698378227456,0.03649347728295094,0.0074383631153686625,-0.06424684175809953,0.00603204099139551,-71.1936068848744,6.321247034644372,33.93333333333336,9.74171759722644,4685.181711012218,516.942162039871,0.15442969444206936,0.017870067424565855,0.25133273326648675,0.012262405276291933,37.19414455400035,4.062241751283036,5.762181726433958,1.5544626381331283,80.33333333333333,4.952031665238156,59.53333333333333,4.242974411047127,38.37641735134932,2.1025761868149284
surge_strong,500,0.9803193882141251,0.009221772379667066,0.0105579449753935,140.57187252940082,1162.2666666666669,26117.400888826127,1.0370853523474741,0.06238307094078654,523.9996273942915,49.84280449415426,44.0,38.599999999999994,36.771325351291885,0.008771929824561467,0.0035617863575909394,0.009221772379667066,0.002520221873063417,-0.01789459663504282,0.005288231373812928,-31.27103760847628,6.516781804471847,10.399999999999977,4.222853905559731,1257.7452858385452,433.0215138390347,0.0370853523474742,0.010401370203424565,0.06238307094078654,0.011510346165249475,23.999627394291394,3.3290976521914395,0.12349328817909704,0.6448018995728496,44.0,6.366191795103829,38.599999999999994,4.015377189734014,36.771325351291885,3.8980294816938508
surge_forecast_both,300,0.8273729194781826,0.1152721547458389,0.06484007212991216,228.93907373618399,980.9333333333334,32855.29421827936,1.5614009081173004,0.5970788922277911,347.24347957914455,94.62143173120653,60.333333333333336,30.400000000000002,17.030923504854375,0.058479532163742666,0.011658580162035217,0.1152721547458389,0.007398652508539597,-0.16626654055564785,0.008437966108854493,-86.80316859218823,4.642973047363494,69.33333333333331,13.822412640108931,13388.011204371387,493.7299747299193,0.5614009081173003,0.029179306230346654,0.5970788922277911,0.02516773769601435,47.24347957914455,2.0591826039756826,29.730488351513277,1.5539295476158383,60.333333333333336,1.8377612733079913,30.400000000000002,3.810477542192168,17.030923504854375,3.5591381123996686
surge_forecast_both,400,0.9373594242015294,0.037505623031938794,0.026142860186636432,177.76319183297963,1111.3333333333333,28092.961260314696,1.1646416862958973,0.2615435350195035,432.6635640508544,64.9353294601501,72.5,30.399999999999995,20.567274335130293,0.024516419253261406,0.006827649766964307,0.037505623031938794,0.008882382653002686,-0.06101413486509542,0.004700421569797553,-66.35550169924853,5.420956665714138,29.066666666666645,8.094861563712815,4769.089764924075,681.0881649381344,0.16464168629589723,0.025669580596011574,0.2615435350195035,0.025456363339070993,32.663564050854426,3.211138815112331,6.625650721673536,1.8293798087382902,72.5,2.94964231425486,30.399999999999995,5.195713354093238,20.567274335130293,4.6274265783411614
surge_forecast_both,500,0.9782950967161493,0.0093342330184435,0.012490412978472282,143.67125155989393,1159.8666666666668,26134.424583357377,1.038947393462156,0.06285096293691568,518.6443170943008,50.39111452576921,35.166666666666664,20.666666666666668,20.628281769522864,0.006747638326585703,0.002876401970886956,0.0093342330184435,0.0031082138936559937,-0.015962128631964032,0.005017962849208402,-28.171658577983155,6.5393779837720025,7.999999999999962,3.4102621766835592,1274.7689803697933,369.29001628661234,0.03894739346215611,0.009603397851036751,0.06285096293691568,0.00863658337407783,18.644317094300863,3.9538419551413906,0.6718033197940443,0.5199089279702198,35.166666666666664,5.914821354463579,20.666666666666668,4.335409873315916,20.628281769522864,5.379604093497127
