month,date,window,batch300,batch400,batch500,batch400c,repo400,repo500,eta180,surge_fixed,surge_both,surge_both_earn,repo_vs_surge500
2025-10,2025-10-01,1700,5.388516573084586,0.6502242152466381,0.2398430118467941,-0.6072026800670031,2.2096490557382045,2.244204931345047,6.091476091476091,-3.600584343043743,8.378448053622067,16.009120883522108,1.706484641638225
2025-10,2025-10-08,1700,13.225214789072302,4.915171402639114,1.374182034503273,-3.89941287249363,0.4084741068955933,1.3632525033176512,9.182948490230908,-4.672180066501833,11.74865717452468,83.50141812333833,0.5176525330076182
2025-10,2025-10-15,1700,12.22667638483965,3.357732858773758,1.2034486887797848,-2.7759271596713324,0.6776704240472315,2.1101139946640775,9.793399517037825,-5.601558694593279,10.180224062347785,67.30713939420171,0.5030710734132766
2025-10,2025-10-22,1700,11.696809960919753,2.7440037206830135,0.6790759716243281,-2.36134934248142,0.591596638655461,1.7935016276641549,8.958003538504517,-5.207485760781122,10.382424735557361,55.07510360897432,1.582335599542748
2025-10,2025-10-29,1700,11.271956924706508,3.119111053349798,0.9039680676215093,-2.5990903183885643,0.4963427377220477,1.6418706656392585,9.48083281208114,-4.0774234491511985,11.93875932095827,59.785117719675775,0.5869827933475279
2025-10,2025-10-15,0700,2.7974636329727716,0.17326732673267278,0.4383904806638502,-0.1395534290271112,6.2711291413116985,6.653901388224029,0.6477110550005526,-3.038824383164005,3.918722786647316,34.54846121221482,4.067848645329651
2025-10,2025-10-18,2000,12.504740235115655,5.0999930800636655,1.7948413170093829,-4.014161220043574,0.6658061009579442,1.5921288014311263,12.246696035242287,-4.34819246650375,12.56425381309514,78.62266283757384,-0.011512779184894578
2026-01,2026-01-07,1700,2.633104247743648,0.6687204147569338,0.29437739181630646,-0.6399194708081666,3.3190904929040137,2.396724972087832,7.723258096172715,-3.8079870915691845,2.267043162565548,13.711373967074984,1.6279240302119224
2026-01,2026-01-14,1700,2.9148334380892518,0.7174824181288624,0.2917679749913176,-0.6806847284000567,2.7570361860999433,2.457347468932107,7.439824945295407,-4.175891289411405,2.7330330559584692,12.619438240470776,1.3952203343003189
2026-01,2026-01-21,1700,11.697631767801614,1.8579562481270606,0.45336053496543127,-1.6967706622879022,1.1821339345560857,2.6115968706856867,8.281538719973117,-5.511136493432324,9.30182752712736,42.930416394223506,2.105441408895911
2026-01,2026-01-28,1700,2.8666767784013354,0.4352331606217624,0.2848809604558127,-0.41949660407510825,2.7771933515674347,1.8897637795275621,5.14123145702093,-3.759952816278387,2.2928339722795634,12.11138187075039,1.1558740029741763
2026-01,2026-01-14,0700,0.8626760563380266,0.1326699834162516,0.007982757244351745,-0.11028398125172469,7.381981523857958,6.761796659640021,3.442982456140349,-3.665561179961599,0.279280851806597,26.701036476680407,4.565097823524791
2026-01,2026-01-17,2000,11.487973909498576,2.6623664073863287,0.4359704702668139,-2.3672964462438153,1.3089169970423553,1.6241981992585164,9.00943396226415,-5.53605382477695,7.444785724733066,46.31231172552521,0.5638340716874757
2026-04,2026-04-01,1700,2.666172930938716,0.09157509157509346,0.18816984373721768,-0.08742648227626666,2.6300161194536353,1.9321278176864012,6.670567583382096,-2.7321911632100977,3.7511271415689773,8.015107764859449,1.6056728339717978
2026-04,2026-04-08,1700,9.766136576239473,2.0223782055736996,0.5701254275940707,-1.7649199417758399,0.801462317210347,2.2039452547709275,9.873575498575498,-4.6361002215783165,12.127151866371229,50.47205115796504,1.374160757984563
2026-04,2026-04-15,1700,8.398974171093606,1.543788775068531,0.6480218281036815,-1.3813581203201653,1.4918824045634034,2.6303072143596844,7.411493330658909,-5.433037600337982,8.111533586818755,32.90047474510423,2.5056019555917706
2026-04,2026-04-22,1700,9.442580164056674,2.0627119817263053,0.9435766656040774,-1.7814442850310845,0.2376625192227042,2.1833214908597607,9.304244202035015,-4.471510092837067,12.724640149902056,51.49950434894391,1.2376704152792604
2026-04,2026-04-29,1700,8.496500398688758,2.286989262306507,1.3334196388115789,-1.9692603266090334,1.5396512935883016,3.263081872496884,7.57791039120962,-4.458598726114647,8.56606238771844,43.93773268567779,1.8544392226597224
2026-04,2026-04-15,0700,3.1824337396014766,0.5882861839259487,0.5018098058571894,-0.467932837875031,5.01363356495734,5.932910547396526,0.9715242881072046,-2.6249179713134017,3.69363457391956,26.113064129605362,3.5610699323235586
2026-04,2026-04-18,2000,16.851780926847947,8.636986301369863,1.839951666941286,-6.25682246700407,0.21073427724728275,0.6639513474306744,15.178894109143473,-3.949524745984925,12.48770894788594,100.46230212245881,-2.4049772572802817
2026-07,2026-07-01,1700,6.078032380783864,0.2850424000570084,0.0757680121228835,-0.2661343978709233,1.831181148318377,2.356149059637836,10.086538461538462,-4.061718098415347,7.731442869057549,26.97419032550327,1.8309471365638763
2026-07,2026-07-08,1700,2.8273401043096382,1.244205903878991,0.6761482863138273,-1.1313220940550166,3.962781423942839,3.1010810384281573,9.519114908533247,-3.2924007830574866,4.342409681437982,20.77291618359028,2.0095472744071468
2026-07,2026-07-15,1700,10.927652019529518,2.0701590893962605,0.5954226880853417,-1.8354579792256833,0.9907663274246808,2.888383263809888,8.981369913801094,-4.393405889884764,10.795454545454543,42.48169657196291,1.874460476014307
2026-07,2026-07-22,1700,4.271660338280977,0.22774022920952058,-0.04293381037567042,-0.21332232314891347,2.6559928175968857,2.5775067160386245,8.01199657240788,-4.278738723826861,6.521559215426634,16.850886873084416,1.8201284796573856
2026-07,2026-07-29,1700,5.709822978132589,1.1434288572857878,0.3366540707660602,-1.0577813037154569,2.020714130513506,1.8124999999999996,8.923553919193877,-3.8499425381710703,8.45509768510918,19.419668608816167,1.3549579141859978
2026-07,2026-07-15,0700,2.3741339491916875,-1.0549740377482884,-0.6039895096558845,0.8154943934760452,7.554417413572343,9.314327844679282,0.6335445148382813,-3.5101967153943336,3.5192203573362204,32.23457064437236,6.7516525023607175
2026-07,2026-07-18,2000,11.435415188076655,3.37982832618026,1.020654668438209,-2.8474576271186396,0.8491007554991005,2.0569329660238798,12.707330123060459,-4.951835044980495,9.680757901440968,58.550386771978474,0.7467551709832256
